token	category
唔係	Cantonese
都唔	Cantonese
唔好	Cantonese
唔到	Cantonese
唔會	Cantonese
佢地	Cantonese
出嚟	Cantonese
唔知	Cantonese
嘅人	Cantonese
咁多	Cantonese
都冇	Cantonese
呢啲	Cantonese
有冇	Cantonese
會唔會	Cantonese
佢哋	Cantonese
唔洗	Cantonese
嘅話	Cantonese
唔同	Cantonese
唔可以	Cantonese
唔想	Cantonese
係咁	Cantonese
又唔	Cantonese
冇人	Cantonese
啲人	Cantonese
唔係	Cantonese
唔夠	Cantonese
睇吓	Cantonese
唔多	Cantonese
唔識	Cantonese
都唔會	Cantonese
除咗	Cantonese
咁樣	Cantonese
嘅野	Cantonese
有啲	Cantonese
同佢	Cantonese
唔好	Cantonese
都唔知	Cantonese
架啦	Cantonese
佢係	Cantonese
為咗	Cantonese
唔撚	Cantonese
嚟講	Cantonese
咁撚	Cantonese
差唔多	Cantonese
做乜	Cantonese
唔得	Cantonese
嗰陣	Cantonese
咗個	Cantonese
都唔係	Cantonese
嘅時候	Cantonese
咗佢	Cantonese
多啲	Cantonese
返嚟	Cantonese
可唔可以	Cantonese
咁嘅	Cantonese
唔使	Cantonese
嗰啲	Cantonese
佢嘅	Cantonese
比佢	Cantonese
我唔	Cantonese
問吓	Cantonese
佢地	Cantonese
咁大	Cantonese
咁講	Cantonese
就唔	Cantonese
咗好多	Cantonese
嘅係	Cantonese
嘅事	Cantonese
撚咗	Cantonese
有冇	Cantonese
都係咁	Cantonese
唔知	Cantonese
入嚟	Cantonese
唔出	Cantonese
試吓	Cantonese
冇得	Cantonese
係佢	Cantonese
買咗	Cantonese
你唔	Cantonese
到佢	Cantonese
人嘅	Cantonese
嘅嘢	Cantonese
死咗	Cantonese
過咗	Cantonese
出咗	Cantonese
唔明	Cantonese
嗰個	Cantonese
變咗	Cantonese
啱啱	Cantonese
到咁	Cantonese
唔住	Cantonese
佢個	Cantonese
自己嘅	Cantonese
又唔係	Cantonese
上嚟	Cantonese
唔少	Cantonese
你嘅	Cantonese
冇乜	Cantonese
咁耐	Cantonese
俾佢	Cantonese
快啲	Cantonese
唔通	Cantonese
喺度	Cantonese
諗吓	Cantonese
多咗	Cantonese
咁你	Cantonese
走咗	Cantonese
話佢	Cantonese
唔算	Cantonese
做咗	Cantonese
唔敢	Cantonese
落嚟	Cantonese
唔記得	Cantonese
去咗	Cantonese
入咗	Cantonese
叫佢	Cantonese
啲咩	Cantonese
係唔係	Cantonese
算啦	Cantonese
乜撚	Cantonese
唔該	Cantonese
就唔會	Cantonese
咁做	Cantonese
先啦	Cantonese
啦啦	Cantonese
咁好	Cantonese
咁多人	Cantonese
知唔知	Cantonese
唔好再	Cantonese
嘅地方	Cantonese
講咗	Cantonese
就冇	Cantonese
唔駛	Cantonese
幫佢	Cantonese
果啲	Cantonese
用嚟	Cantonese
戇鳩	Cantonese
有冇人	Cantonese
一啲	Cantonese
冇咩	Cantonese
好啲	Cantonese
嘅問題	Cantonese
唔起	Cantonese
不嬲	Cantonese
唔講	Cantonese
做唔到	Cantonese
佢有	Cantonese
睇唔到	Cantonese
有乜	Cantonese
個啲	Cantonese
佢唔	Cantonese
又冇	Cantonese
得咁	Cantonese
呢啲	Cantonese
除咗	Cantonese
佢老母	Cantonese
係唔	Cantonese
就唔好	Cantonese
住佢	Cantonese
無乜	Cantonese
過嚟	Cantonese
咗膠	Cantonese
就咁	Cantonese
唔掂	Cantonese
都唔識	Cantonese
咗一	Cantonese
唔開心	Cantonese
佢會	Cantonese
唔關	Cantonese
我嘅	Cantonese
嘅一	Cantonese
唔應該	Cantonese
佢話	Cantonese
估唔到	Cantonese
唔係好	Cantonese
想問吓	Cantonese
嘅一個	Cantonese
咁快	Cantonese
而唔係	Cantonese
都唔好	Cantonese
唔理	Cantonese
唔做	Cantonese
用咗	Cantonese
你咁	Cantonese
佢就	Cantonese
搵唔到	Cantonese
得唔得	Cantonese
唔需要	Cantonese
都唔撚	Cantonese
嚟緊	Cantonese
過佢	Cantonese
咁多年	Cantonese
打咗	Cantonese
覺得佢	Cantonese
睇佢	Cantonese
冇咗	Cantonese
無啦啦	Cantonese
唔代表	Cantonese
點解唔	Cantonese
講吓	Cantonese
都唔想	Cantonese
如果唔係	Cantonese
係冇	Cantonese
預咗	Cantonese
會唔會	Cantonese
少咗	Cantonese
就係咁	Cantonese
唔見	Cantonese
講嘅	Cantonese
嗰時	Cantonese
佢都	Cantonese
話唔	Cantonese
唔順	Cantonese
咗我	Cantonese
嘅感覺	Cantonese
唔通	Cantonese
唔錯	Cantonese
咁你	Cantonese
吓吓	Cantonese
香港嘅	Cantonese
情況吓	Cantonese
輸咗	Cantonese
咁易	Cantonese
食咗	Cantonese
睇咗	Cantonese
唔要	Cantonese
唔去	Cantonese
咁就	Cantonese
咗你	Cantonese
唔用	Cantonese
唔信	Cantonese
等佢	Cantonese
有冇人	Cantonese
唔太	Cantonese
嘅手足	Cantonese
乜嘢	Cantonese
佢哋	Cantonese
見佢	Cantonese
但佢	Cantonese
喺香港	Cantonese
中咗	Cantonese
就嚟	Cantonese
乜乜	Cantonese
曱甴	Cantonese
啲野	Cantonese
無咗	Cantonese
唔再	Cantonese
開咗	Cantonese
都唔洗	Cantonese
佢自己	Cantonese
同佢講	Cantonese
唔會	Cantonese
轉咗	Cantonese
啲嘢	Cantonese
做嘢	Cantonese
都咁	Cantonese
算唔算	Cantonese
乜野	Cantonese
冇事	Cantonese
唔過	Cantonese
對佢	Cantonese
贏咗	Cantonese
唔啱	Cantonese
上嘅	Cantonese
啱啱	Cantonese
唔比	Cantonese
架喎	Cantonese
得佢	Cantonese
問佢	Cantonese
嘅就	Cantonese
如果唔係	Cantonese
唔肯	Cantonese
都唔夠	Cantonese
中嘅	Cantonese
乜都	Cantonese
越嚟	Cantonese
真係唔	Cantonese
佢啦	Cantonese
越嚟越	Cantonese
唔中	Cantonese
可唔可以	Cantonese
番嚟	Cantonese
收皮啦	Cantonese
嘅大	Cantonese
唔入	Cantonese
唔會有	Cantonese
好唔好	Cantonese
咁樣	Cantonese
佢講	Cantonese
入唔到	Cantonese
唔鍾意	Cantonese
咗好耐	Cantonese
好嘅	Cantonese
冇用	Cantonese
乜撚野	Cantonese
冇問題	Cantonese
唔洗	Cantonese
洗唔洗	Cantonese
屌鳩	Cantonese
都唔敢	Cantonese
拎嚟	Cantonese
咗先	Cantonese
大嘅	Cantonese
吓個	Cantonese
咁我	Cantonese
收咗	Cantonese
上咗	Cantonese
唔知點解	Cantonese
嗰度	Cantonese
咁高	Cantonese
唔開	Cantonese
唔上	Cantonese
傻鳩	Cantonese
搵佢	Cantonese
頂唔順	Cantonese
埋啲	Cantonese
忍唔住	Cantonese
都唔得	Cantonese
唔食	Cantonese
唔覺	Cantonese
講嘢	Cantonese
睇嚟	Cantonese
啲錢	Cantonese
我冇	Cantonese
見到佢	Cantonese
嘅時間	Cantonese
睇嚟	Cantonese
完咗	Cantonese
有啲	Cantonese
唔切	Cantonese
唔會再	Cantonese
嘅情況	Cantonese
唔買	Cantonese
唔睇	Cantonese
嫁啦	Cantonese
佢同	Cantonese
咁我	Cantonese
就唔係	Cantonese
咗去	Cantonese
用嘅	Cantonese
嚟嘅	Cantonese
佢又	Cantonese
冇咁	Cantonese
佢真係	Cantonese
睇吓	Cantonese
咗幾	Cantonese
係呀	Cantonese
嘅方法	Cantonese
係唔會	Cantonese
佢地嘅	Cantonese
好過啦	Cantonese
嘅朋友	Cantonese
因為佢	Cantonese
嗰種	Cantonese
講啦	Cantonese
佢啲	Cantonese
完全冇	Cantonese
屌佢	Cantonese
好唔	Cantonese
唔好咁	Cantonese
冇可能	Cantonese
年嘅	Cantonese
得嚟	Cantonese
唔俾	Cantonese
都冇用	Cantonese
玩吓	Cantonese
唔似	Cantonese
對唔住	Cantonese
呀嘛	Cantonese
唔巖	Cantonese
但佢	Cantonese
遲啲	Cantonese
知佢	Cantonese
返佢	Cantonese
都唔明	Cantonese
唔計	Cantonese
唔係話	Cantonese
埋佢	Cantonese
嗰邊	Cantonese
嘅機會	Cantonese
咁都	Cantonese
曬啲	Cantonese
咗啲	Cantonese
返啲	Cantonese
佢做	Cantonese
嚟香港	Cantonese
唔同嘅	Cantonese
唔想	Cantonese
唔止	Cantonese
依啲	Cantonese
唔返	Cantonese
啦屌	Cantonese
嗰班	Cantonese
乜鳩	Cantonese
仲唔	Cantonese
你唔係	Cantonese
吓一	Cantonese
咗成	Cantonese
都唔同	Cantonese
為咗	Cantonese
人啦	Cantonese
唔怕	Cantonese
做乜鳩	Cantonese
咗嘅	Cantonese
埋嚟	Cantonese
出嚟嘅	Cantonese
冚家	Cantonese
佢咁	Cantonese
位置喺	Cantonese
真係唔知	Cantonese
傾吓	Cantonese
無咁	Cantonese
冇錢	Cantonese
咁多野	Cantonese
嚟做	Cantonese
衝出嚟	Cantonese
咁玩	Cantonese
令佢	Cantonese
咁睇	Cantonese
唔打	Cantonese
都冇人	Cantonese
咗幾多	Cantonese
冇野	Cantonese
唔落	Cantonese
嘅錢	Cantonese
嘅原因	Cantonese
咗啦	Cantonese
咁上下	Cantonese
咗係	Cantonese
佢係	Cantonese
咁有	Cantonese
唔緊要	Cantonese
新嘅	Cantonese
咁咪	Cantonese
佢話	Cantonese
其實佢	Cantonese
大咗	Cantonese
入面嘅	Cantonese
接受唔到	Cantonese
同佢地	Cantonese
所謂嘅	Cantonese
嚟到	Cantonese
見唔到	Cantonese
唔差	Cantonese
比佢地	Cantonese
嘅一個市鎮	Cantonese
係法國嘅一個市鎮	Cantonese
唔係咁	Cantonese
到咗	Cantonese
錯咗	Cantonese
咗咁耐	Cantonese
一定唔會	Cantonese
做嘅	Cantonese
吓佢	Cantonese
成咁	Cantonese
到嘅	Cantonese
你唔好	Cantonese
真係冇	Cantonese
吓話	Cantonese
吓一代	Cantonese
愈嚟	Cantonese
果吓	Cantonese
濕鳩	Cantonese
嗰隻	Cantonese
愈嚟愈	Cantonese
啦你	Cantonese
咁勁	Cantonese
啲狗	Cantonese
買唔到	Cantonese
唔介意	Cantonese
差啲	Cantonese
唔好意思	Cantonese
嘅咩	Cantonese
咪得囉	Cantonese
嘅都係	Cantonese
佢喺	Cantonese
又唔會	Cantonese
你啦	Cantonese
估唔到	Cantonese
爆佢	Cantonese
好啦	Cantonese
咁撚	Cantonese
唔該	Cantonese
你呀	Cantonese
唔走	Cantonese
咗之後	Cantonese
想問吓	Cantonese
唔大	Cantonese
吓先	Cantonese
玩啦	Cantonese
某啲	Cantonese
如果佢	Cantonese
咁解	Cantonese
我地嘅	Cantonese
出嘅	Cantonese
我唔知	Cantonese
佢好	Cantonese
嘅女仔	Cantonese
佢哋嘅	Cantonese
走啦	Cantonese
有嘅	Cantonese
佢地係	Cantonese
做吓	Cantonese
不嬲	Cantonese
唔鐘意	Cantonese
咗就	Cantonese
咁諗	Cantonese
咁多	Cantonese
有冇得	Cantonese
啲嘅	Cantonese
咗咁多	Cantonese
嘅我	Cantonese
我唔係	Cantonese
死啦	Cantonese
完全唔	Cantonese
過唔到	Cantonese
都冇得	Cantonese
遲吓	Cantonese
望吓	Cantonese
千祈唔好	Cantonese
嚟睇	Cantonese
應該唔會	Cantonese
唔小心	Cantonese
嘅香港	Cantonese
都唔可以	Cantonese
咁簡單	Cantonese
爆咗	Cantonese
都得啦	Cantonese
早啲	Cantonese
諗唔到	Cantonese
啲人	Cantonese
夠唔夠	Cantonese
唔明點解	Cantonese
嚟架	Cantonese
唔知點	Cantonese
個吓	Cantonese
你唔	Cantonese
過嘅	Cantonese
啲乜	Cantonese
唔難	Cantonese
唔著	Cantonese
唔知點解	Cantonese
香港人嘅	Cantonese
改咗	Cantonese
唔驚	Cantonese
啦屌你老母	Cantonese
屌佢老母	Cantonese
嘅關係	Cantonese
拎咗	Cantonese
就唔洗	Cantonese
佢要	Cantonese
唔識	Cantonese
都冇乜	Cantonese
放咗	Cantonese
玩咗	Cantonese
冇曬	Cantonese
上唔到	Cantonese
咁撚樣	Cantonese
係乜	Cantonese
都唔做	Cantonese
吓啦	Cantonese
冇人	Cantonese
仲有冇	Cantonese
有啲人	Cantonese
講出嚟	Cantonese
性嘅	Cantonese
佢都係	Cantonese
真係咁	Cantonese
未呀	Cantonese
嘅巴打	Cantonese
人咁	Cantonese
唔死	Cantonese
鳩你	Cantonese
以嚟	Cantonese
唔對	Cantonese
我唔會	Cantonese
嘅都	Cantonese
出嚟講	Cantonese
係呀	Cantonese
當佢	Cantonese
少啲	Cantonese
換咗	Cantonese
理佢	Cantonese
有冇巴打	Cantonese
架嘛	Cantonese
殺咗	Cantonese
我都唔	Cantonese
算係咁	Cantonese
唔講	Cantonese
真係唔好	Cantonese
你啲	Cantonese
都唔使	Cantonese
喺到	Cantonese
俾啲	Cantonese
唔認	Cantonese
又唔見	Cantonese
唔抵	Cantonese
唔撚	Cantonese
佢去	Cantonese
吓一個	Cantonese
得啦	Cantonese
乜柒	Cantonese
都唔會有	Cantonese
買咗	Cantonese
好冇	Cantonese
我唔解鎖	Cantonese
咁咪	Cantonese
瞓咗	Cantonese
真正嘅	Cantonese
分享吓	Cantonese
根本冇	Cantonese
跌咗	Cantonese
返唔到	Cantonese
啲女	Cantonese
畀佢	Cantonese
都唔肯	Cantonese
唔怪得	Cantonese
由佢	Cantonese
之間嘅	Cantonese
呀媽	Cantonese
鳩佢	Cantonese
比啲	Cantonese
都做唔到	Cantonese
樣嘢	Cantonese
唔想再	Cantonese
係為咗	Cantonese
佢唔係	Cantonese
亂咁	Cantonese
嘅就係	Cantonese
唔舒服	Cantonese
我都唔知	Cantonese
會唔會有	Cantonese
返咗	Cantonese
嗰日	Cantonese
唔出聲	Cantonese
咁撚多	Cantonese
吓你	Cantonese
咁啱	Cantonese
但唔	Cantonese
冇分別	Cantonese
佢想	Cantonese
佢一	Cantonese
同啲	Cantonese
鳩人	Cantonese
唔值得	Cantonese
已經唔係	Cantonese
唔支持	Cantonese
佢冇	Cantonese
攞嚟	Cantonese
唔好睇	Cantonese
間唔中	Cantonese
乜撚嘢	Cantonese
佢先	Cantonese
唔覺得	Cantonese
都唔錯	Cantonese
咁濟	Cantonese
落咗	Cantonese
呢啲人	Cantonese
呢樣嘢	Cantonese
佢可以	Cantonese
搞唔掂	Cantonese
吓自己	Cantonese
唔係話	Cantonese
算啦	Cantonese
喺屋企	Cantonese
你冇	Cantonese
知唔知	Cantonese
唔準	Cantonese
結咗	Cantonese
咁佢	Cantonese
唔好再	Cantonese
識唔識	Cantonese
呢啲嘢	Cantonese
先嚟	Cantonese
咁款	Cantonese
嘅女	Cantonese
都冇咩	Cantonese
我咁	Cantonese
起上嚟	Cantonese
嘅生活	Cantonese
咁少	Cantonese
最大嘅	Cantonese
一嚟	Cantonese
都差唔多	Cantonese
一樣咁	Cantonese
係佢地	Cantonese
咁多位	Cantonese
咗出嚟	Cantonese
但冇	Cantonese
如果佢	Cantonese
好咗	Cantonese
嘅歌	Cantonese
吓半場	Cantonese
都有啲	Cantonese
停咗	Cantonese
過咗	Cantonese
叫人唔好	Cantonese
單嘢	Cantonese
都唔知	Cantonese
佢已經	Cantonese
嘅行為	Cantonese
唔成	Cantonese
區嘅	Cantonese
唔知佢	Cantonese
俾佢地	Cantonese
呀屌你老母	Cantonese
好嬲	Cantonese
使唔使	Cantonese
唔係你	Cantonese
嘅你	Cantonese
將佢	Cantonese
呢啲野	Cantonese
嚟緊	Cantonese
唔使	Cantonese
要佢	Cantonese
聽吓	Cantonese
唔值	Cantonese
嘅國家	Cantonese
因為咁	Cantonese
咁遠	Cantonese
唔知係咪	Cantonese
並唔係	Cantonese
咗少少	Cantonese
嘅男人	Cantonese
講佢	Cantonese
比咗	Cantonese
都唔算	Cantonese
講乜	Cantonese
行吓	Cantonese
人唔	Cantonese
咋嘛	Cantonese
嗰句	Cantonese
你有冇	Cantonese
試吓	Cantonese
死嘅	Cantonese
又唔撚	Cantonese
唔撚到	Cantonese
愛佢	Cantonese
係喺	Cantonese
唔好凶	Cantonese
慣咗	Cantonese
佢仲	Cantonese
吓的	Cantonese
佢無	Cantonese
人嚟	Cantonese
乜事	Cantonese
會咁	Cantonese
又唔知	Cantonese
唔曬	Cantonese
數啦	Cantonese
我唔解鎖我搵律師	Cantonese
吓我	Cantonese
唔一定	Cantonese
你咁講	Cantonese
簽咗	Cantonese
係囉	Cantonese
佢個	Cantonese
但唔係	Cantonese
多啲人	Cantonese
係唔係	Cantonese
哂啲	Cantonese
收皮啦	Cantonese
嘅咪	Cantonese
起咗	Cantonese
好多嘢	Cantonese
講嘅野	Cantonese
唔好講	Cantonese
曬佢	Cantonese
唔好凶我我投訴你	Cantonese
做嘅野	Cantonese
我無野講我唔解鎖我搵律師	Cantonese
吓星期	Cantonese
我唔想	Cantonese
做乜撚	Cantonese
已經冇	Cantonese
嘅香港人	Cantonese
唔聽	Cantonese
拎出嚟	Cantonese
屌佢老母	Cantonese
都無乜	Cantonese
柒咗	Cantonese
唔好話	Cantonese
同佢一齊	Cantonese
嘅意思	Cantonese
唔玩	Cantonese
住咗	Cantonese
可以咁	Cantonese
結咗婚	Cantonese
嘢食	Cantonese
唔怪得	Cantonese
控制唔到	Cantonese
返出嚟	Cantonese
邊啲	Cantonese
我冇	Cantonese
唔關事	Cantonese
到啦	Cantonese
企出嚟	Cantonese
又唔係	Cantonese
咋喎	Cantonese
冚家剷	Cantonese
你唔係	Cantonese
你會唔會	Cantonese
嘅分別	Cantonese
咁多錢	Cantonese
唔好意思	Cantonese
呀呀	Cantonese
出唔到	Cantonese
我唔係	Cantonese
唔到佢	Cantonese
吓半	Cantonese
佢地會	Cantonese
嘅女人	Cantonese
都唔係好	Cantonese
家吓	Cantonese
嘅日子	Cantonese
曬啦	Cantonese
嘅工	Cantonese
喺佢	Cantonese
咗自己	Cantonese
嘅垃圾	Cantonese
唔得閒	Cantonese
係啲	Cantonese
叫佢地	Cantonese
冇錯	Cantonese
就算啦	Cantonese
就唔知	Cantonese
身邊嘅人	Cantonese
嘅角色	Cantonese
唔係問題	Cantonese
對唔住	Cantonese
唔靚	Cantonese
冇錯	Cantonese
咁巖	Cantonese
有冇諗過	Cantonese
唔係比你	Cantonese
而家嘅	Cantonese
我唔	Cantonese
升咗	Cantonese
大啲	Cantonese
開嘅	Cantonese
最好嘅	Cantonese
大家嘅	Cantonese
睇唔起	Cantonese
唔合理	Cantonese
咁貴	Cantonese
出到嚟	Cantonese
又唔	Cantonese
嗰吓	Cantonese
走咗去	Cantonese
唔高	Cantonese
唔好用	Cantonese
咁佢	Cantonese
唔熟	Cantonese
嘅情況吓	Cantonese
嘅心態	Cantonese
咗一個	Cantonese
唔知咩	Cantonese
鍾意佢	Cantonese
政府嘅	Cantonese
嚟啦	Cantonese
係咁	Cantonese
出返嚟	Cantonese
又唔想	Cantonese
又唔洗	Cantonese
狗咁	Cantonese
就得啦	Cantonese
後嘅	Cantonese
唔清楚	Cantonese
做啦	Cantonese
走出嚟	Cantonese
吓季	Cantonese
咁玩膠	Cantonese
睇嘅	Cantonese
用佢	Cantonese
唔撚係	Cantonese
班撚樣拎嚟	Cantonese
班撚樣拎嚟咁玩膠	Cantonese
女性議員唔係比你	Cantonese
唔到你	Cantonese
嘅位	Cantonese
賣咗	Cantonese
唔公平	Cantonese
唔記得咗	Cantonese
啲啦	Cantonese
唔清	Cantonese
揀咗	Cantonese
呀屌	Cantonese
之後嘅	Cantonese
根本唔係	Cantonese
而唔係	Cantonese
佢對	Cantonese
唔贏	Cantonese
開唔到	Cantonese
拉咗	Cantonese
拍咗	Cantonese
笑鳩	Cantonese
行出嚟	Cantonese
好似冇	Cantonese
唔放	Cantonese
有冇人知	Cantonese
根本唔會	Cantonese
加咗	Cantonese
因為佢	Cantonese
咁低	Cantonese
嚟打	Cantonese
想佢	Cantonese
學吓	Cantonese
有冇諗過	Cantonese
冇嘢	Cantonese
咁差	Cantonese
驚佢	Cantonese
嘅能力	Cantonese
咁點解	Cantonese
唔夾	Cantonese
緊嘅	Cantonese
有咁多	Cantonese
唔搭	Cantonese
睇咗	Cantonese
壞咗	Cantonese
睇啦	Cantonese
不過佢	Cantonese
嗰陣時	Cantonese
幫佢地	Cantonese
死佢	Cantonese
唔好彩	Cantonese
唔少人	Cantonese
我啦	Cantonese
得嘅	Cantonese
點解唔	Cantonese
就喺	Cantonese
大家唔好	Cantonese
你知唔知	Cantonese
耐咗	Cantonese
你知唔知	Cantonese
分咗	Cantonese
咁啦	Cantonese
撚咗佢	Cantonese
佢打	Cantonese
有冇咩	Cantonese
收唔到	Cantonese
走唔到	Cantonese
唔係要	Cantonese
唔等於	Cantonese
唔搞	Cantonese
等咗	Cantonese
唔撚識	Cantonese
大佢	Cantonese
俾咗	Cantonese
唔夠	Cantonese
嘅心	Cantonese
唔緊要	Cantonese
拎唔到	Cantonese
乜乜乜	Cantonese
嘅小	Cantonese
的情況吓	Cantonese
到佢地	Cantonese
嘅人生	Cantonese
咗好多次	Cantonese
真係唔係	Cantonese
會唔會係	Cantonese
得唔好	Cantonese
好攰	Cantonese
嚟自	Cantonese
嗰間	Cantonese
都唔記得	Cantonese
嘅名	Cantonese
記唔記得	Cantonese
希望佢	Cantonese
呀你	Cantonese
嘅說話	Cantonese
嘅好	Cantonese
應唔應該	Cantonese
勁嘅	Cantonese
咁辛苦	Cantonese
會好啲	Cantonese
又係咁	Cantonese
咁難	Cantonese
其實佢	Cantonese
唔跟	Cantonese
食嘅	Cantonese
你睇吓	Cantonese
斷咗	Cantonese
出嚟啦	Cantonese
嘅路	Cantonese
撚鳩	Cantonese
咁就	Cantonese
啦我	Cantonese
冇人會	Cantonese
唔出奇	Cantonese
發生咗	Cantonese
要唔要	Cantonese
唔適合	Cantonese
唔係我	Cantonese
食嘢	Cantonese
我唔知	Cantonese
分唔到	Cantonese
喺我	Cantonese
唔明	Cantonese
出嚟做野	Cantonese
都搵唔到	Cantonese
唔重要	Cantonese
啱呀	Cantonese
行咗	Cantonese
都唔應該	Cantonese
仲好啦	Cantonese
搞到咁	Cantonese
快啲	Cantonese
咁點	Cantonese
一鳩	Cantonese
少少嘅	Cantonese
仔嘅	Cantonese
都唔見	Cantonese
國家嘅	Cantonese
留喺	Cantonese
咗隻	Cantonese
都唔駛	Cantonese
佢有	Cantonese
唔好搞	Cantonese
唔係佢	Cantonese
討論吓	Cantonese
你睇吓	Cantonese
嚟做乜	Cantonese
咁話	Cantonese
咁早	Cantonese
啲講	Cantonese
唔鬱	Cantonese
唔可以	Cantonese
收咗皮	Cantonese
唔見咗	Cantonese
都喺	Cantonese
嘅新	Cantonese
嘅可以	Cantonese
瞓唔著	Cantonese
咁多次	Cantonese
唔叫	Cantonese
先咁	Cantonese
咁多嘢	Cantonese
又唔識	Cantonese
咁打	Cantonese
都入唔到	Cantonese
都唔差	Cantonese
冇睇	Cantonese
錢嘅	Cantonese
都係佢	Cantonese
吓一步	Cantonese
嘅工作	Cantonese
嘅世界	Cantonese
唔到人	Cantonese
但唔好	Cantonese
屌佢	Cantonese
放棄咗	Cantonese
仔咁	Cantonese
你唔會	Cantonese
咗咁多年	Cantonese
佢唔會	Cantonese
鳩叫	Cantonese
陪佢	Cantonese
唔記得	Cantonese
嘅片	Cantonese
搞鳩	Cantonese
唔捨得	Cantonese
吓就	Cantonese
咁細	Cantonese
吓嘅	Cantonese
唔同意	Cantonese
整咗	Cantonese
聽唔到	Cantonese
都係冇	Cantonese
唔甩	Cantonese
喺邊	Cantonese
唔收	Cantonese
講到咁	Cantonese
駁唔到	Cantonese
嘅一種	Cantonese
唔好做	Cantonese
漏咗	Cantonese
佢應該	Cantonese
吧啦	Cantonese
睇唔明	Cantonese
打嚟	Cantonese
搵啲	Cantonese
就係佢	Cantonese
嗰陣	Cantonese
黃嘅	Cantonese
吓啲	Cantonese
吓盤	Cantonese
佢個樣	Cantonese
都唔理	Cantonese
手足嘅	Cantonese
啲咁	Cantonese
攞咗	Cantonese
所講嘅	Cantonese
冇哂	Cantonese
事啦	Cantonese
多唔多	Cantonese
笑咗	Cantonese
其他嘢	Cantonese
不嬲都係	Cantonese
咁嘅	Cantonese
搵咗	Cantonese
嚟食	Cantonese
點解咁	Cantonese
屙尿	Cantonese
佢點	Cantonese
唔知自己	Cantonese
咁大	Cantonese
好似你咁	Cantonese
嘅相	Cantonese
唔夠人	Cantonese
佢就會	Cantonese
犯咗	Cantonese
明唔明	Cantonese
嚟過	Cantonese
你咁	Cantonese
生嘅	Cantonese
佢出	Cantonese
唔明點解	Cantonese
乜春	Cantonese
推爆佢	Cantonese
鳩噏	Cantonese
你咁講	Cantonese
中國嘅	Cantonese
食屎啦	Cantonese
低咗	Cantonese
碌鳩	Cantonese
吓吓	Cantonese
有啲人	Cantonese
就預咗	Cantonese
佢自己	Cantonese
乜都冇	Cantonese
一齊咗	Cantonese
企喺	Cantonese
又唔夠	Cantonese
遲咗	Cantonese
我都唔會	Cantonese
炒咗	Cantonese
咁多個	Cantonese
嗰套	Cantonese
因為佢地	Cantonese
吖嘛	Cantonese
嘅表現	Cantonese
搵吓	Cantonese
都冇問題	Cantonese
我哋嘅	Cantonese
叫佢	Cantonese
醒咗	Cantonese
唔存在	Cantonese
佢好似	Cantonese
高啲	Cantonese
唔番	Cantonese
有冇巴打	Cantonese
名嘅	Cantonese
唔好食	Cantonese
咁去	Cantonese
佢係咪	Cantonese
女嘅	Cantonese
出名嘅	Cantonese
靚嘅	Cantonese
戇鳩仔	Cantonese
見到啲	Cantonese
咁滯	Cantonese
佢兩個	Cantonese
嘅方式	Cantonese
出咗	Cantonese
所有嘢	Cantonese
以前嘅	Cantonese
唔同	Cantonese
就唔使	Cantonese
咁囉	Cantonese
唔係個個	Cantonese
信唔信	Cantonese
我都唔知	Cantonese
高嘅	Cantonese
傾吓計	Cantonese
你呢啲	Cantonese
鳩我	Cantonese
嘅唔係	Cantonese
唔受	Cantonese
嘅車	Cantonese
執咗	Cantonese
嘢講	Cantonese
冇理由	Cantonese
咁如果	Cantonese
老咗	Cantonese
都唔割	Cantonese
緊佢	Cantonese
但又唔	Cantonese
旗吓	Cantonese
佢嘅	Cantonese
唔係因為	Cantonese
嘅球員	Cantonese
吓個月	Cantonese
生咗	Cantonese
一鳩樣	Cantonese
都唔比	Cantonese
佢走	Cantonese
傷咗	Cantonese
一樣嘢	Cantonese
嘅結果	Cantonese
多咗好多	Cantonese
嘅故事	Cantonese
唔知道	Cantonese
唔一定要	Cantonese
贏唔到	Cantonese
唔能夠	Cantonese
有唔同	Cantonese
啦仲	Cantonese
咁即係	Cantonese
對佢地	Cantonese
長嘅	Cantonese
岀嚟	Cantonese
唔好比	Cantonese
會喺	Cantonese
信佢	Cantonese
前嘅	Cantonese
啲垃圾	Cantonese
嘅話就	Cantonese
細嘅	Cantonese
咗人	Cantonese
之前嘅	Cantonese
幾咁	Cantonese
我啲	Cantonese
歲嘅	Cantonese
唔屌	Cantonese
搞成咁	Cantonese
事嘅	Cantonese
唔單止	Cantonese
買嘅	Cantonese
不過佢	Cantonese
睇吓有冇	Cantonese
坐咗	Cantonese
咁嘅樣	Cantonese
等佢地	Cantonese
唔會係	Cantonese
番佢	Cantonese
咁都	Cantonese
有唔少	Cantonese
撚啲	Cantonese
我同佢	Cantonese
抽咗	Cantonese
冇話	Cantonese
嚟玩	Cantonese
正常嘅	Cantonese
唔駛	Cantonese
唔只	Cantonese
衰咗	Cantonese
嘅行動	Cantonese
冇辦法	Cantonese
嘅人係	Cantonese
聽佢	Cantonese
寫咗	Cantonese
散咗	Cantonese
支持佢	Cantonese
吓咁	Cantonese
唔好話	Cantonese
唔方便	Cantonese
佢只係	Cantonese
唔同咗	Cantonese
做啲	Cantonese
識咗	Cantonese
一啲都唔	Cantonese
嘅得	Cantonese
就係為咗	Cantonese
改變唔到	Cantonese
嚟屌	Cantonese
解釋吓	Cantonese
咗線	Cantonese
冇人知	Cantonese
做唔	Cantonese
佢都會	Cantonese
翻嚟	Cantonese
呀叔	Cantonese
小心啲	Cantonese
冇諗過	Cantonese
再唔係	Cantonese
做乜	Cantonese
幫唔到	Cantonese
唔低	Cantonese
無啦啦	Cantonese
去啦	Cantonese
識佢	Cantonese
化咗	Cantonese
差唔多	Cantonese
報咗	Cantonese
有乜分別	Cantonese
啦咁	Cantonese
佢出嚟	Cantonese
可以喺	Cantonese
死撚咗	Cantonese
佢食	Cantonese
以前咁	Cantonese
幾吓	Cantonese
唔中意	Cantonese
你有冇	Cantonese
試咗	Cantonese
寫嘅	Cantonese
嗰場	Cantonese
駛唔駛	Cantonese
唔到嘅	Cantonese
咁用	Cantonese
我呀	Cantonese
考慮吓	Cantonese
哂佢	Cantonese
唔撚洗	Cantonese
嘅諗法	Cantonese
就差唔多	Cantonese
嘅存在	Cantonese
放喺	Cantonese
咁又	Cantonese
嚟做咩	Cantonese
就唔可以	Cantonese
封咗	Cantonese
有咗	Cantonese
咗佢啦	Cantonese
地嘅	Cantonese
化嘅	Cantonese
平啲	Cantonese
咁不如	Cantonese
都唔太	Cantonese
返唔到轉頭	Cantonese
咁叫	Cantonese
令佢地	Cantonese
話冇	Cantonese
食吓	Cantonese
唔定	Cantonese
嘅水	Cantonese
咁廢	Cantonese
習慣咗	Cantonese
打嘅	Cantonese
唔過眼	Cantonese
嗰個人	Cantonese
嘅影響	Cantonese
衝出嚟柒	Cantonese
支持吓	Cantonese
男嘅	Cantonese
嘅政治	Cantonese
永遠唔會	Cantonese
野嘅	Cantonese
應該冇	Cantonese
啊嘛	Cantonese
瞓唔到	Cantonese
先啱	Cantonese
撲嘢	Cantonese
唔對路	Cantonese
嘅一日	Cantonese
都冇所謂	Cantonese
啲歌	Cantonese
得咁快	Cantonese
出嚟做	Cantonese
唔好去	Cantonese
咗香港	Cantonese
但唔會	Cantonese
佢用	Cantonese
遲啲	Cantonese
唔夠膽	Cantonese
丫嘛	Cantonese
完全唔同	Cantonese
但唔知	Cantonese
做到咁	Cantonese
將啲	Cantonese
嘅佢	Cantonese
唔喺	Cantonese
唔係咩	Cantonese
諗咁多	Cantonese
嘅人都	Cantonese
玩嘅	Cantonese
捉咗	Cantonese
以為佢	Cantonese
咗好多年	Cantonese
佢唔係	Cantonese
佢同	Cantonese
嘅位置	Cantonese
人地嘅	Cantonese
咗咁	Cantonese
唔好亂	Cantonese
唔尊重	Cantonese
唔一樣	Cantonese
開啦	Cantonese
巖呀	Cantonese
又嚟	Cantonese
訂咗	Cantonese
唔易	Cantonese
嘅例子	Cantonese
曬出嚟	Cantonese
睇唔	Cantonese
妹吓	Cantonese
係用嚟	Cantonese
到啲	Cantonese
力嘅	Cantonese
用吓	Cantonese
有咁嘅	Cantonese
就變咗	Cantonese
唔洗再	Cantonese
啱嘅	Cantonese
為乜	Cantonese
走佢	Cantonese
咁鍾意	Cantonese
錯嘅	Cantonese
冇腦	Cantonese
唔知係咪	Cantonese
都唔信	Cantonese
為佢	Cantonese
唔滿意	Cantonese
兩吓	Cantonese
你試吓	Cantonese
一嚟	Cantonese
戇鳩鳩	Cantonese
唔可以再	Cantonese
但係佢	Cantonese
屎啦	Cantonese
可以試吓	Cantonese
起佢	Cantonese
係喎	Cantonese
呀婆	Cantonese
今日嘅	Cantonese
咪算囉	Cantonese
啱啱好	Cantonese
忍唔到	Cantonese
解決唔到	Cantonese
都唔明點解	Cantonese
留咗	Cantonese
睇吓佢	Cantonese
乜鬼	Cantonese
嗰堆	Cantonese
好呀	Cantonese
又唔得	Cantonese
都唔掂	Cantonese
洗乜	Cantonese
乜乜柒柒	Cantonese
唔係淨係	Cantonese
乜都無	Cantonese
失咗	Cantonese
唔係想	Cantonese
有啲咩	Cantonese
搞咗	Cantonese
嘅社會	Cantonese
嘅巴絲	Cantonese
都唔多	Cantonese
嬲到	Cantonese
從來冇	Cantonese
哂啦	Cantonese
同佢	Cantonese
抽唔到	Cantonese
添啦	Cantonese
完全唔知	Cantonese
唔畀	Cantonese
冇所謂	Cantonese
咁點解	Cantonese
都唔覺	Cantonese
都唔出	Cantonese
啦仆街	Cantonese
唔接受	Cantonese
所以佢	Cantonese
再唔係	Cantonese
就啱	Cantonese
咁樣做	Cantonese
世界嘅	Cantonese
遲吓	Cantonese
唔倒	Cantonese
送咗	Cantonese
咁嘅人	Cantonese
去唔到	Cantonese
如果冇	Cantonese
咁係咪	Cantonese
當佢係	Cantonese
退咗	Cantonese
警甴	Cantonese
都唔出奇	Cantonese
唔哂	Cantonese
香港啲	Cantonese
明嘅	Cantonese
唔勁	Cantonese
我嘅	Cantonese
等嘅	Cantonese
唔認同	Cantonese
介唔介意	Cantonese
咩呀	Cantonese
咁先	Cantonese
啲片	Cantonese
講咁多	Cantonese
呢吓	Cantonese
唔比人	Cantonese
嘅價值	Cantonese
啦吓話	Cantonese
嘅樣	Cantonese
嘅理由	Cantonese
嘅自由	Cantonese
好耐冇	Cantonese
柒吓	Cantonese
佢老豆	Cantonese
覺唔覺	Cantonese
之嘛	Cantonese
就咁	Cantonese
都係為咗	Cantonese
就唔應該	Cantonese
吓晝	Cantonese
亂鳩	Cantonese
識嘅	Cantonese
咁柒	Cantonese
啱唔啱	Cantonese
用唔到	Cantonese
有佢	Cantonese
傻撚咗	Cantonese
咁搞	Cantonese
跟佢	Cantonese
咁不如	Cantonese
住啲	Cantonese
咁其實	Cantonese
冇人理	Cantonese
佢屋企	Cantonese
你地嘅	Cantonese
你唔好	Cantonese
佢唔	Cantonese
係唔同	Cantonese
打佢	Cantonese
嘅活動	Cantonese
乜撚野	Cantonese
做咗	Cantonese
啲時間	Cantonese
都冇埋	Cantonese
打咗	Cantonese
嘅學生	Cantonese
有啲嘢	Cantonese
嘅死	Cantonese
買嘢	Cantonese
爛咗	Cantonese
好大嘅	Cantonese
冇啦啦	Cantonese
參考吓	Cantonese
就冇事	Cantonese
屙屎	Cantonese
咁都唔	Cantonese
嘅概念	Cantonese
入咗	Cantonese
我都冇	Cantonese
佢事	Cantonese
對我嚟講	Cantonese
佢地有	Cantonese
冇耐	Cantonese
唔知幾時	Cantonese
野啦	Cantonese
買佢	Cantonese
鐘意佢	Cantonese
其實唔係	Cantonese
留意吓	Cantonese
洗咗	Cantonese
仲會唔會	Cantonese
唔搭八	Cantonese
走嚟	Cantonese
嘅態度	Cantonese
喺你	Cantonese
唔正常	Cantonese
休息吓	Cantonese
可能佢	Cantonese
嘅環境	Cantonese
唔想做	Cantonese
嘅男仔	Cantonese
所以佢	Cantonese
嘅公司	Cantonese
唔包	Cantonese
就唔同	Cantonese
洗唔洗	Cantonese
因為佢地	Cantonese
嬲嬲	Cantonese
差咗	Cantonese
一樣嘅	Cantonese
而唔	Cantonese
有冇機會	Cantonese
就嚟	Cantonese
唔洗理	Cantonese
啲朋友	Cantonese
廢嘅	Cantonese
嘅做法	Cantonese
嚟去去	Cantonese
咗成個	Cantonese
向吓	Cantonese
佢哋係	Cantonese
證明咗	Cantonese
嘅過程	Cantonese
都冇事	Cantonese
喺連登	Cantonese
值唔值得	Cantonese
二嚟	Cantonese
我唔識	Cantonese
都嚟	Cantonese
嘅字	Cantonese
你會唔會	Cantonese
嗰啲人	Cantonese
都唔知點	Cantonese
買啦	Cantonese
掛住佢	Cantonese
嗰位	Cantonese
咁係	Cantonese
話唔定	Cantonese
唔知會唔會	Cantonese
好啦	Cantonese
佢而家	Cantonese
話佢地	Cantonese
頂唔住	Cantonese
嗰次	Cantonese
唔係有	Cantonese
想要嘅	Cantonese
佢真係	Cantonese
過啦	Cantonese
嘅選擇	Cantonese
呢啲垃圾	Cantonese
唔妥	Cantonese
又唔敢	Cantonese
食啦	Cantonese
社會嘅	Cantonese
咗膠	Cantonese
根本唔	Cantonese
有啲似	Cantonese
又唔好	Cantonese
講嘅嘢	Cantonese
都係咁諗	Cantonese
之後佢	Cantonese
但佢地	Cantonese
唔好俾	Cantonese
佢啲	Cantonese
都唔要	Cantonese
仲咁	Cantonese
唔做野	Cantonese
你嘅	Cantonese
啦喎	Cantonese
唔係應該	Cantonese
冇乜人	Cantonese
你諗吓	Cantonese
同佢哋	Cantonese
就咁睇	Cantonese
勁啲	Cantonese
嘅事實	Cantonese
都唔代表	Cantonese
應該唔係	Cantonese
咗佢地	Cantonese
所以冇	Cantonese
咁係咪	Cantonese
有冇用	Cantonese
買唔買	Cantonese
激嬲	Cantonese
帶佢	Cantonese
唔知做乜	Cantonese
不嬲都	Cantonese
係咁講	Cantonese
好唔同	Cantonese
唔好太	Cantonese
仲唔係	Cantonese
做緊乜	Cantonese
我唔想	Cantonese
嘅角度	Cantonese
唔投	Cantonese
癡咗線	Cantonese
嘢做	Cantonese
咩都冇	Cantonese
嘅自己	Cantonese
我覺得佢	Cantonese
嘅波	Cantonese
當咗	Cantonese
如果係咁	Cantonese
出嚟	Cantonese
去咗邊	Cantonese
唔帶	Cantonese
戇撚鳩	Cantonese
唔出嚟	Cantonese
唔敢	Cantonese
住喺	Cantonese
添呀	Cantonese
咗兩	Cantonese
唔好以為	Cantonese
溝唔到	Cantonese
唔計	Cantonese
消失咗	Cantonese
做嘅嘢	Cantonese
但係佢	Cantonese
啲相	Cantonese
諗吓	Cantonese
出咗嚟	Cantonese
一定唔係	Cantonese
嗰條	Cantonese
同冇	Cantonese
唔洗咁	Cantonese
都唔係	Cantonese
都唔俾	Cantonese
香港咁	Cantonese
點都唔會	Cantonese
唔止	Cantonese
會唔會太	Cantonese
皮啦	Cantonese
會唔會係	Cantonese
發咗	Cantonese
嘅作品	Cantonese
點呀	Cantonese
嘅樓	Cantonese
做得唔好	Cantonese
你又唔	Cantonese
定啲	Cantonese
咁即係	Cantonese
嚟講係	Cantonese
成為咗	Cantonese
我覺得佢	Cantonese
好嘢	Cantonese
定咗	Cantonese
唔該曬	Cantonese
肯唔肯	Cantonese
咁唔	Cantonese
佢地自己	Cantonese
者嘅	Cantonese
唔理	Cantonese
喺街	Cantonese
抖吓	Cantonese
真係唔識	Cantonese
住咁	Cantonese
搞咁多野	Cantonese
賺咗	Cantonese
搞到佢	Cantonese
如果冇	Cantonese
咗閘	Cantonese
嘅歷史	Cantonese
買嚟	Cantonese
咁長	Cantonese
易啲	Cantonese
少咗好多	Cantonese
嘅風險	Cantonese
唔好成日	Cantonese
唔好打	Cantonese
同佢傾	Cantonese
唔好買	Cantonese
啲咁嘅	Cantonese
睇唔出	Cantonese
唔知有冇	Cantonese
唔建議	Cantonese
問題啦	Cantonese
咗幾年	Cantonese
嘅責任	Cantonese
就唔會有	Cantonese
咁重要	Cantonese
話佢係	Cantonese
買返嚟	Cantonese
啦佢	Cantonese
唔割	Cantonese
嘅目的	Cantonese
見佢	Cantonese
冇計	Cantonese
唔洗諗	Cantonese
嘅書	Cantonese
唔換	Cantonese
真係唔會	Cantonese
咁多人	Cantonese
同埋佢	Cantonese
到咁上下	Cantonese
到嚟	Cantonese
帶嚟	Cantonese
九唔搭八	Cantonese
已經唔	Cantonese
自己唔	Cantonese
點解唔可以	Cantonese
後嚟	Cantonese
唔慣	Cantonese
屌啦	Cantonese
起嚟	Cantonese
嘅力量	Cantonese
開心啲	Cantonese
都唔緊要	Cantonese
咁嘅情況	Cantonese
叫咗	Cantonese
唔埋	Cantonese
可以唔	Cantonese
我喺	Cantonese
唔會咁	Cantonese
希望佢	Cantonese
上面嘅	Cantonese
就好啦	Cantonese
唔怪	Cantonese
打唔到	Cantonese
係佢	Cantonese
佢就係	Cantonese
絕對唔係	Cantonese
番啲	Cantonese
咁同	Cantonese
發生嘅事	Cantonese
就唔駛	Cantonese
吓大家	Cantonese
想唔想	Cantonese
咗幾日	Cantonese
真嘅	Cantonese
唔嚟	Cantonese
失去咗	Cantonese
絕對唔會	Cantonese
有乜問題	Cantonese
野嚟	Cantonese
嘅決定	Cantonese
知啦	Cantonese
啦柒頭	Cantonese
唔知邊個	Cantonese
咁重	Cantonese
佢應該	Cantonese
如果唔	Cantonese
嘅其中一個	Cantonese
千祈唔好	Cantonese
都唔知有冇	Cantonese
唔好咁	Cantonese
嘅資料	Cantonese
人呀	Cantonese
好似唔係	Cantonese
我唔會	Cantonese
信唔過	Cantonese
咁又點	Cantonese
冇一個	Cantonese
問咗	Cantonese
狗嘅	Cantonese
仆街啦	Cantonese
佢本身	Cantonese
諗起佢	Cantonese
頂唔	Cantonese
用咗	Cantonese
入嚟	Cantonese
先會咁	Cantonese
唔批	Cantonese
都見唔到	Cantonese
唔似	Cantonese
中共嘅	Cantonese
嘅程度	Cantonese
落佢	Cantonese
有咁	Cantonese
問題嘅	Cantonese
帶咗	Cantonese
睇佢	Cantonese
扮睇唔到	Cantonese
嗰樣	Cantonese
你咁樣	Cantonese
嘅意見	Cantonese
當時嘅	Cantonese
有啲野	Cantonese
吓屆	Cantonese
發現咗	Cantonese
啲水	Cantonese
打啦	Cantonese
仲係咁	Cantonese
面嘅	Cantonese
講啲	Cantonese
嘅意義	Cantonese
講咗	Cantonese
你都唔會	Cantonese
鍾意嘅	Cantonese
嚟計	Cantonese
佢個仔	Cantonese
佢地都	Cantonese
佢入	Cantonese
吓了	Cantonese
走唔甩	Cantonese
唔會有人	Cantonese
依家嘅	Cantonese
美國嘅	Cantonese
嘅權利	Cantonese
呀伯	Cantonese
嘅一部分	Cantonese
高咗	Cantonese
嘅人會	Cantonese
嘅內容	Cantonese
估吓	Cantonese
敢唔敢	Cantonese
樣嘅	Cantonese
而家啲	Cantonese
夠啦	Cantonese
行唔到	Cantonese
下嘅	Cantonese
喺個	Cantonese
救唔到	Cantonese
而家咁	Cantonese
亂嚟	Cantonese
咁快	Cantonese
都唔講	Cantonese
走嘅	Cantonese
喺呢個	Cantonese
唔需要	Cantonese
唔關我	Cantonese
呀哥	Cantonese
課咗	Cantonese
就唔得	Cantonese
口中嘅	Cantonese
但佢地	Cantonese
又唔可以	Cantonese
放唔低	Cantonese
出現咗	Cantonese
唔好玩	Cantonese
話咗	Cantonese
快撚啲	Cantonese
佢咩	Cantonese
廢咗	Cantonese
睇吓有無	Cantonese
住嘅	Cantonese
唔識分	Cantonese
就咁睇	Cantonese
呀我	Cantonese
咁正	Cantonese
一嘢	Cantonese
買唔起	Cantonese
都唔少	Cantonese
吓半場	Cantonese
唔夠打	Cantonese
著咗	Cantonese
嘅新聞	Cantonese
望住佢	Cantonese
都唔止	Cantonese
咗入	Cantonese
時間啦	Cantonese
拍吓	Cantonese
出嚟話	Cantonese
話唔定	Cantonese
唔耐	Cantonese
唔撚好	Cantonese
唔賣	Cantonese
嘅同時	Cantonese
佢覺得	Cantonese
食唔到	Cantonese
咁嘅野	Cantonese
咁的	Cantonese
嚟咗	Cantonese
破咗	Cantonese
唔係講	Cantonese
唔得嘅	Cantonese
咁多時間	Cantonese
都贏唔到	Cantonese
二嚟	Cantonese
冇得	Cantonese
佢好似	Cantonese
完佢	Cantonese
冇任何	Cantonese
嘅愛	Cantonese
都睇唔到	Cantonese
我唔信	Cantonese
嗌交	Cantonese
佢囉	Cantonese
病咗	Cantonese
知道佢	Cantonese
死都唔	Cantonese
唔怪	Cantonese
呃咗	Cantonese
唔係真係	Cantonese
咁講	Cantonese
覺得佢地	Cantonese
佢係咪	Cantonese
越嚟越多	Cantonese
一入嚟	Cantonese
其實佢地	Cantonese
唔好諗	Cantonese
佢個名	Cantonese
冇興趣	Cantonese
唔好以為	Cantonese
嘅效果	Cantonese
變咗做	Cantonese
佢會唔會	Cantonese
唔洗講	Cantonese
唔洗驚	Cantonese
射咗	Cantonese
呢啲係	Cantonese
耐啲	Cantonese
唔講得	Cantonese
係因為佢	Cantonese
頭嘅	Cantonese
嚟比	Cantonese
嘅目標	Cantonese
嘅畫面	Cantonese
打鳩	Cantonese
位置喺奧	Cantonese
嘅作用	Cantonese
拆咗	Cantonese
佢而家	Cantonese
踢咗	Cantonese
佢咪	Cantonese
鳩氣	Cantonese
國嘅	Cantonese
唔一定係	Cantonese
唔好理	Cantonese
唔撚知	Cantonese
喺美國	Cantonese
係日本嘅一個	Cantonese
係咁樣	Cantonese
唔戴	Cantonese
咁靚	Cantonese
咩嚟	Cantonese
嘅抗爭	Cantonese
唔停	Cantonese
香港冇	Cantonese
唔係好	Cantonese
唔係太	Cantonese
行嘅	Cantonese
公司嘅	Cantonese
喺中國	Cantonese
出唔出	Cantonese
難啲	Cantonese
先唔講	Cantonese
到咗	Cantonese
唔係自己	Cantonese
放出嚟	Cantonese
唔好放棄	Cantonese
咁又係	Cantonese
嗰段	Cantonese
佢都有	Cantonese
哩啲	Cantonese
入咗去	Cantonese
有咩咁	Cantonese
算係咁啦	Cantonese
棄咗	Cantonese
嘅人都係	Cantonese
都過唔到	Cantonese
你咁樣	Cantonese
有冇得諗	Cantonese
飛咗	Cantonese
吓一次	Cantonese
冇再	Cantonese
逼佢	Cantonese
睇住佢	Cantonese
睇唔過眼	Cantonese
再嚟	Cantonese
投咗	Cantonese
鬧佢	Cantonese
嘅聲音	Cantonese
爆出嚟	Cantonese
咁大個人	Cantonese
都買唔到	Cantonese
出咗事	Cantonese
唔係唔	Cantonese
諗嘢	Cantonese
約咗	Cantonese
都講咗	Cantonese
唔關我事	Cantonese
冇咗	Cantonese
係咁上下	Cantonese
水嘅	Cantonese
冇得救	Cantonese
咁大聲	Cantonese
同佢講	Cantonese
自己冇	Cantonese
嚟嚟去去	Cantonese
同唔	Cantonese
有乜	Cantonese
嗰時	Cantonese
自己啲	Cantonese
都唔關	Cantonese
嘅劇情	Cantonese
都算係咁	Cantonese
嘅錯	Cantonese
係咩嚟	Cantonese
又唔同	Cantonese
唔知你	Cantonese
先出嚟	Cantonese
做乜撚野	Cantonese
可能佢	Cantonese
咗陣	Cantonese
想睇吓	Cantonese
做啲咩	Cantonese
唔抽	Cantonese
死咗	Cantonese
開佢	Cantonese
咁都要	Cantonese
唔想睇	Cantonese
甩咗	Cantonese
笑佢	Cantonese
傻啦	Cantonese
唔識用	Cantonese
巖唔巖	Cantonese
都唔會再	Cantonese
以外嘅	Cantonese
用嚟做	Cantonese
吓吓都	Cantonese
嘅人工	Cantonese
使乜	Cantonese
嗰個位	Cantonese
又唔肯	Cantonese
浪費咗	Cantonese
咗未	Cantonese
成功嘅	Cantonese
咁驚	Cantonese
無咗	Cantonese
有冇可能	Cantonese
有冇人覺得	Cantonese
把啦	Cantonese
嘅得利益	Cantonese
打唔	Cantonese
嘅狗	Cantonese
玩鳩	Cantonese
所以唔	Cantonese
唔知幾多	Cantonese
波嘅	Cantonese
嘅話我	Cantonese
瞓啦	Cantonese
佢地啲	Cantonese
咁計	Cantonese
嗰集	Cantonese
搵唔	Cantonese
路嘅	Cantonese
關心吓	Cantonese
用啲	Cantonese
唔係無	Cantonese
好唔開心	Cantonese
貴啲	Cantonese
先講啦	Cantonese
嗰張	Cantonese
值唔值	Cantonese
鳩吓	Cantonese
依啲	Cantonese
呀大佬	Cantonese
嘅話可以	Cantonese
認咗	Cantonese
冚家鏟	Cantonese
好好嘅	Cantonese
係咪冇	Cantonese
咪唔好	Cantonese
嘅資訊	Cantonese
心嘅	Cantonese
真係有啲	Cantonese
都係咁話	Cantonese
咁平	Cantonese
多咗人	Cantonese
嘢嘅	Cantonese
屌吓	Cantonese
教佢	Cantonese
啲人話	Cantonese
嗰份	Cantonese
搞佢	Cantonese
而佢	Cantonese
大區嘅	Cantonese
咁似	Cantonese
搶咗	Cantonese
大唔大	Cantonese
唔比你	Cantonese
笑吓	Cantonese
唔好諗住	Cantonese
啦屌你	Cantonese
時期嘅	Cantonese
唔係用	Cantonese
諗諗吓	Cantonese
版嘅	Cantonese
都唔需要	Cantonese
咗一陣	Cantonese
穿咗	Cantonese
嗰到	Cantonese
唔係冇	Cantonese
熄咗	Cantonese
唔到我	Cantonese
告佢	Cantonese
咗落	Cantonese
舒服啲	Cantonese
差嘅	Cantonese
唔影響	Cantonese
都搞唔掂	Cantonese
唔洗做	Cantonese
佢再	Cantonese
唔可能	Cantonese
落嚟香港	Cantonese
嚟個	Cantonese
喺日本	Cantonese
見到佢地	Cantonese
隻狗咁	Cantonese
咗幾耐	Cantonese
玩嘢	Cantonese
令到佢	Cantonese
咁撚柒	Cantonese
時嘅	Cantonese
咁大件事	Cantonese
佢要	Cantonese
都冇咁	Cantonese
真喺	Cantonese
又唔使	Cantonese
開心嘅	Cantonese
都預咗	Cantonese
仲有啲	Cantonese
都唔中	Cantonese
有冇人可以	Cantonese
仲喺	Cantonese
冇撚	Cantonese
嘅性格	Cantonese
開咗個	Cantonese
問吓	Cantonese
嘅文化	Cantonese
咁問	Cantonese
靚啲	Cantonese
睇到佢	Cantonese
唔俾人	Cantonese
咁行	Cantonese
借啲	Cantonese
咗喺	Cantonese
嫁喎	Cantonese
練吓	Cantonese
屌柒佢	Cantonese
我都唔想	Cantonese
咗咩	Cantonese
佢成日	Cantonese
嘅發展	Cantonese
咩事啦	Cantonese
唔幫	Cantonese
甴近平	Cantonese
唔到就	Cantonese
冇時間	Cantonese
屌咗	Cantonese
過啲	Cantonese
唔知係	Cantonese
唔係嘅話	Cantonese
呀屌你	Cantonese
嘅連登仔	Cantonese
唔排除	Cantonese
我唔覺得	Cantonese
式嘅	Cantonese
都唔怕	Cantonese
講得啱	Cantonese
唔好咩	Cantonese
曾經喺	Cantonese
成功咗	Cantonese
睇佢地	Cantonese
乜都唔做	Cantonese
嗰頭	Cantonese
亂鳩咁	Cantonese
喺香港	Cantonese
講咗句	Cantonese
聽唔明	Cantonese
我又唔	Cantonese
佢老婆	Cantonese
嘅只係	Cantonese
差咁遠	Cantonese
嚟睇吓	Cantonese
嘅機	Cantonese
決定咗	Cantonese
再唔	Cantonese
去咗	Cantonese
都唔開	Cantonese
先囉	Cantonese
線嘅	Cantonese
好似我咁	Cantonese
住啦	Cantonese
嘅主要	Cantonese
食唔食	Cantonese
都唔撚識	Cantonese
盡咗	Cantonese
我唔明	Cantonese
嘅睇法	Cantonese
唔洗錢	Cantonese
嘅仆街	Cantonese
變成咁	Cantonese
等吓	Cantonese
係囉	Cantonese
唔加	Cantonese
嚟用	Cantonese
唔夠力	Cantonese
唔覺意	Cantonese
數嘅	Cantonese
唔願意	Cantonese
紅咗	Cantonese
吹佢唔	Cantonese
咁仆街	Cantonese
唔夠錢	Cantonese
係咁架啦	Cantonese
出咗去	Cantonese
可唔	Cantonese
嘅神	Cantonese
有冇人知	Cantonese
咁慘	Cantonese
咁要	Cantonese
派嘅	Cantonese
邊嘅	Cantonese
頂唔到	Cantonese
攞唔到	Cantonese
咁無	Cantonese
唔愛	Cantonese
記得佢	Cantonese
是但啦	Cantonese
亦唔會	Cantonese
嘅經驗	Cantonese
附近嘅	Cantonese
唔多唔少	Cantonese
睇啲	Cantonese
嘅理據	Cantonese
佢都唔會	Cantonese
不如唔好	Cantonese
唔順眼	Cantonese
啲廢老	Cantonese
都係差唔多	Cantonese
解釋唔到	Cantonese
咪又係咁	Cantonese
俾佢哋	Cantonese
唔敢講	Cantonese
嘅感情	Cantonese
咁得閒	Cantonese
答佢	Cantonese
一嚟就	Cantonese
冇人講	Cantonese
型嘅	Cantonese
咁多年	Cantonese
唔可以用	Cantonese
大個咗	Cantonese
唔升	Cantonese
你屙尿	Cantonese
冇撚用	Cantonese
咗幾次	Cantonese
嗰陣起	Cantonese
重要嘅	Cantonese
唔係香港	Cantonese
偉大嘅	Cantonese
嘅定義	Cantonese
咩都唔做	Cantonese
覆佢	Cantonese
真係冇乜	Cantonese
冇必要	Cantonese
畀啲	Cantonese
啦咩	Cantonese
佢哋會	Cantonese
嘅支持	Cantonese
你出嚟	Cantonese
冇得揀	Cantonese
等佢	Cantonese
研究吓	Cantonese
不吓	Cantonese
嘅戲	Cantonese
睇吓自己	Cantonese
冇資格	Cantonese
嘅感受	Cantonese
其實唔係	Cantonese
做乜要	Cantonese
咁當然	Cantonese
你唔知	Cantonese
覺得佢係	Cantonese
啲波	Cantonese
你都唔	Cantonese
咗唔少	Cantonese
唔對得住	Cantonese
唔到錢	Cantonese
但唔代表	Cantonese
又唔講	Cantonese
見過佢	Cantonese
整咗個	Cantonese
用啦	Cantonese
吓星期	Cantonese
佢一個	Cantonese
唔爆	Cantonese
就係咁簡單	Cantonese
你試吓	Cantonese
追唔到	Cantonese
佢有冇	Cantonese
咗一排	Cantonese
就走咗	Cantonese
玩咗	Cantonese
教吓	Cantonese
嘅政府	Cantonese
嘅第	Cantonese
年前嘅	Cantonese
想試吓	Cantonese
仆街嚟	Cantonese
都唔知自己	Cantonese
香港嘅	Cantonese
先唔會	Cantonese
咁鐘意	Cantonese
嘅一面	Cantonese
佢之前	Cantonese
比佢	Cantonese
咪唔	Cantonese
佢個女	Cantonese
可以睇吓	Cantonese
你屙尿嗰陣起	Cantonese
唔是	Cantonese
佢會	Cantonese
嗰幾	Cantonese
千其唔好	Cantonese
冇意思	Cantonese
嘅空間	Cantonese
你呢啲	Cantonese
大嗌	Cantonese
呆咗	Cantonese
係啦	Cantonese
坐喺	Cantonese
先算啦	Cantonese
去唔去	Cantonese
咁想	Cantonese
慢咗	Cantonese
咁啱	Cantonese
佢之前	Cantonese
咁多日	Cantonese
唔會理	Cantonese
可以唔洗	Cantonese
就冇得	Cantonese
嘅速度	Cantonese
肥咗	Cantonese
嘅經歷	Cantonese
搞出嚟	Cantonese
跌落嚟	Cantonese
跟唔上	Cantonese
冇能力	Cantonese
唔撚明	Cantonese
永遠都唔會	Cantonese
咗錢	Cantonese
唔係好明	Cantonese
都唔驚	Cantonese
咁開心	Cantonese
唔見得	Cantonese
唔同人	Cantonese
無乜人	Cantonese
咁仲	Cantonese
買啲	Cantonese
都係唔	Cantonese
好似有啲	Cantonese
憎佢	Cantonese
係喎	Cantonese
依家啲	Cantonese
佢地兩個	Cantonese
嘅可能性	Cantonese
解決咗	Cantonese
如果唔	Cantonese
唔會好似	Cantonese
唔關	Cantonese
離開咗	Cantonese
唔係幾	Cantonese
喺邊度	Cantonese
嘅前	Cantonese
唔好忘記	Cantonese
點解會咁	Cantonese
就知佢	Cantonese
咁你咪	Cantonese
更好嘅	Cantonese
咁撚廢	Cantonese
唔到啦	Cantonese
唔係一個	Cantonese
學咗	Cantonese
唔理佢	Cantonese
就唔撚	Cantonese
都有唔少	Cantonese
出吓	Cantonese
年啦	Cantonese
嚟都	Cantonese
唔得	Cantonese
彈出嚟	Cantonese
乜水	Cantonese
呀姐	Cantonese
返嚟嘅	Cantonese
喺入面	Cantonese
你冇	Cantonese
瞓著咗	Cantonese
冇記錯	Cantonese
嘅姐	Cantonese
約佢	Cantonese
過吓	Cantonese
生出嚟	Cantonese
迫佢	Cantonese
而家啲	Cantonese
佢地個	Cantonese
唔係咁易	Cantonese
你講嘅	Cantonese
唔會因為	Cantonese
完全唔識	Cantonese
最重要嘅	Cantonese
派咗	Cantonese
神嘅	Cantonese
佢地咁	Cantonese
你屙尿嗰陣起左腳定右腳	Cantonese
返到嚟	Cantonese
無嘢	Cantonese
屌鳩佢	Cantonese
由得佢	Cantonese
咁落去	Cantonese
嘅思想	Cantonese
但喺	Cantonese
冇機會	Cantonese
嗰啲	Cantonese
都唔入	Cantonese
都唔奇	Cantonese
強嘅	Cantonese
過唔過	Cantonese
係唔可以	Cantonese
機嘅	Cantonese
唔肯定	Cantonese
佢地真係	Cantonese
冇位	Cantonese
狗嚟	Cantonese
支唔支持	Cantonese
我就唔	Cantonese
唔夠好	Cantonese
啲車	Cantonese
咁出	Cantonese
啲乜嘢	Cantonese
都係咁上下	Cantonese
野咁	Cantonese
得啦	Cantonese
交咗	Cantonese
唔好聽	Cantonese
嘅狀態	Cantonese
啱啱先	Cantonese
比佢哋	Cantonese
點解唔係	Cantonese
收佢	Cantonese
睇吓你	Cantonese
嘅反應	Cantonese
你啲	Cantonese
叫佢做	Cantonese
咁認真	Cantonese
嘅可能	Cantonese
算唔算係	Cantonese
喇喎	Cantonese
呢啲事	Cantonese
佢比	Cantonese
嘅但	Cantonese
請佢	Cantonese
變咗	Cantonese
嘅中國	Cantonese
仲喺度	Cantonese
嘅聲	Cantonese
整嘅	Cantonese
唔比佢	Cantonese
冇得輸	Cantonese
嘅人嚟	Cantonese
都係咁講	Cantonese
求吓	Cantonese
乜都唔	Cantonese
上嚟問	Cantonese
嗰幾個	Cantonese
收咗錢	Cantonese
唔瞓	Cantonese
完啦	Cantonese
佢死	Cantonese
我唔介意	Cantonese
係你嘅	Cantonese
淡咗	Cantonese
嘅話應該	Cantonese
因為佢哋	Cantonese
人類嘅	Cantonese
移咗	Cantonese
嘅先	Cantonese
請咗	Cantonese
同埋佢	Cantonese
多咗個	Cantonese
唔貴	Cantonese
嗰班人	Cantonese
唔齊	Cantonese
佢地就	Cantonese
你唔識	Cantonese
做佢	Cantonese
企咗	Cantonese
需唔需要	Cantonese
我睇唔到	Cantonese
以前啲	Cantonese
喺自己	Cantonese
出現嘅	Cantonese
已經係咁	Cantonese
吓定	Cantonese
冇計	Cantonese
就冇咗	Cantonese
告唔入	Cantonese
咁多場	Cantonese
嘅講法	Cantonese
佢份	Cantonese
嘢講我要見律師	Cantonese
多啲錢	Cantonese
嘅方向	Cantonese
啲字	Cantonese
中咗	Cantonese
屌到佢	Cantonese
會有啲	Cantonese
位嘅	Cantonese
真啲	Cantonese
唔正	Cantonese
點嚟	Cantonese
味嘅	Cantonese
都唔	Cantonese
嘅後果	Cantonese
係佢自己	Cantonese
級嘅	Cantonese
買吓	Cantonese
佢都唔	Cantonese
幫吓	Cantonese
一日唔	Cantonese
知道咗	Cantonese
唔做嘢	Cantonese
嘅電影	Cantonese
腦啦	Cantonese
出曬嚟	Cantonese
呢單嘢	Cantonese
佢都	Cantonese
忘記咗	Cantonese
嘅會	Cantonese
你嘅人	Cantonese
冇野做	Cantonese
嘅不過	Cantonese
有嘢	Cantonese
貪佢	Cantonese
唔覺	Cantonese
對佢好	Cantonese
咁又	Cantonese
嗰刻	Cantonese
黨嘅	Cantonese
加油呀	Cantonese
取消咗	Cantonese
咁撚大	Cantonese
理解唔到	Cantonese
嘅得利益者	Cantonese
佢地啦	Cantonese
係有啲	Cantonese
嘅遊戲	Cantonese
係啦	Cantonese
喺外國	Cantonese
我唔敢	Cantonese
諗吓自己	Cantonese
先唔	Cantonese
走呀	Cantonese
點知佢	Cantonese
冇買	Cantonese
你唔講	Cantonese
咁要	Cantonese
話唔係	Cantonese
佢嚟	Cantonese
大佬呀	Cantonese
同佢嘅	Cantonese
得佢一個	Cantonese
而喺	Cantonese
嗰兩個	Cantonese
就算佢	Cantonese
唔再係	Cantonese
有冇巴絲	Cantonese
學嘅	Cantonese
搞嘅	Cantonese
柒啦	Cantonese
乜都得	Cantonese
佢老母	Cantonese
見到嘅	Cantonese
一定唔可以	Cantonese
影吓	Cantonese
咁撚勁	Cantonese
唔該你	Cantonese
係啱	Cantonese
搞吓	Cantonese
車嘅	Cantonese
做嘅事	Cantonese
諗諗吓	Cantonese
唔係得	Cantonese
鳩咗	Cantonese
講唔出	Cantonese
屎咁	Cantonese
度嘅	Cantonese
係真嘅	Cantonese
咁啲	Cantonese
呀仆街	Cantonese
玩玩吓	Cantonese
唔識英文	Cantonese
唔返工	Cantonese
都有唔同	Cantonese
點解佢	Cantonese
入啦	Cantonese
反佢	Cantonese
唔係我地	Cantonese
咁屌	Cantonese
搬咗	Cantonese
唔知有無	Cantonese
唔好講	Cantonese
都係嗰句	Cantonese
又咁	Cantonese
啲仆街	Cantonese
唔當	Cantonese
唔識睇	Cantonese
冇咩人	Cantonese
乜都唔識	Cantonese
咗好多野	Cantonese
請教吓	Cantonese
返咁上下	Cantonese
好嘛	Cantonese
唔講以為	Cantonese
咁好睇	Cantonese
諗多咗	Cantonese
度啦	Cantonese
咁買	Cantonese
分咗手	Cantonese
對方嘅	Cantonese
佢連	Cantonese
冇力	Cantonese
通過咗	Cantonese
都係咁樣	Cantonese
家吓	Cantonese
唔明白	Cantonese
嘅人嘅	Cantonese
應有嘅	Cantonese
佢依家	Cantonese
鳩吹	Cantonese
入一入嚟	Cantonese
唔係叫	Cantonese
唔穩定	Cantonese
啲客	Cantonese
正呀	Cantonese
你囉	Cantonese
咁我地	Cantonese
唔同地方	Cantonese
隔咗	Cantonese
都唔係咁	Cantonese
冇女	Cantonese
以上嘅	Cantonese
唔想要	Cantonese
喺英國	Cantonese
咩都唔	Cantonese
唔到自己	Cantonese
可唔可以唔好	Cantonese
係佢嘅	Cantonese
內嘅	Cantonese
都好呀	Cantonese
巖嘅	Cantonese
嘅精神	Cantonese
因為咁而	Cantonese
鳩拉	Cantonese
咁垃圾	Cantonese
哂出嚟	Cantonese
都出唔到	Cantonese
刷咗	Cantonese
去嘅	Cantonese
嘅標準	Cantonese
唔好去	Cantonese
哎呀	Cantonese
但啲	Cantonese
咖啦	Cantonese
墮吓	Cantonese
冇其他	Cantonese
一直以嚟	Cantonese
辭咗	Cantonese
睇吓點	Cantonese
行行吓	Cantonese
佢一定	Cantonese
會唔會好	Cantonese
啱啊	Cantonese
推呀	Cantonese
嘅要求	Cantonese
覺唔覺	Cantonese
送佢	Cantonese
邊有咁多	Cantonese
又唔算	Cantonese
係香港嘅	Cantonese
唔揀	Cantonese
都唔識分	Cantonese
得唔夠	Cantonese
有冇問題	Cantonese
咁嚴重	Cantonese
嗰個	Cantonese
介紹吓	Cantonese
有乜用	Cantonese
靠佢	Cantonese
返佢地	Cantonese
錢啦	Cantonese
地區嘅	Cantonese
自己啦	Cantonese
就算唔	Cantonese
其他人嘅	Cantonese
咁有錢	Cantonese
嚟搞	Cantonese
佢就話	Cantonese
嘅所有	Cantonese
啲女人	Cantonese
製作嘅	Cantonese
都唔會有人	Cantonese
佢呀	Cantonese
咁真係	Cantonese
唔係嘅話	Cantonese
唔俾你	Cantonese
唔關事	Cantonese
吓一秒	Cantonese
唔洗擔心	Cantonese
就收皮啦	Cantonese
位置喺奧斯坦尼	Cantonese
唔好唔記得	Cantonese
位置喺奧斯坦尼大區嘅	Cantonese
又冇得	Cantonese
衰嘢	Cantonese
賀佢老母	Cantonese
屌佢老味	Cantonese
咁咁	Cantonese
起嘅	Cantonese
老嘢	Cantonese
又冇人	Cantonese
唔追	Cantonese
了唔該	Cantonese
去睇吓	Cantonese
喺呢度	Cantonese
陰啲	Cantonese
唔撚得	Cantonese
冇講	Cantonese
咁比	Cantonese
色嘅	Cantonese
唔搵	Cantonese
號嘅	Cantonese
佔咗	Cantonese
停唔到	Cantonese
畀佢哋	Cantonese
想像唔到	Cantonese
瞓吓	Cantonese
開唔開	Cantonese
佢地都係	Cantonese
會唔會好啲	Cantonese
戇鳩	Cantonese
神咁	Cantonese
喺大陸	Cantonese
裝咗	Cantonese
比唔到	Cantonese
會唔	Cantonese
呀呀呀呀	Cantonese
都冇可能	Cantonese
愛嘅	Cantonese
殺佢	Cantonese
上嚟講	Cantonese
去吓	Cantonese
心目中嘅	Cantonese
嘅事情	Cantonese
冇朋友	Cantonese
嘅研究	Cantonese
隊嘅	Cantonese
放過佢	Cantonese
要佢地	Cantonese
平嘅	Cantonese
成嘅	Cantonese
嘅人數	Cantonese
佢講	Cantonese
定唔知	Cantonese
聽咗	Cantonese
鳩數啦	Cantonese
咁耐	Cantonese
啲學生	Cantonese
支持嘅	Cantonese
約出嚟	Cantonese
打飛機啦	Cantonese
都冇辦法	Cantonese
仔啦	Cantonese
嗰年	Cantonese
錯啦	Cantonese
狗咁撚	Cantonese
字嘅	Cantonese
贏嘅	Cantonese
就冇問題	Cantonese
做唔做到	Cantonese
出嚟就	Cantonese
感受吓	Cantonese
唔係為咗	Cantonese
唔知做咩	Cantonese
嚟投票	Cantonese
咁大個	Cantonese
類似嘅	Cantonese
入面啲	Cantonese
嘅情況下	Cantonese
真係無乜	Cantonese
分唔清	Cantonese
唔好唔記得	Cantonese
假嘅	Cantonese
唔容易	Cantonese
好似冇乜	Cantonese
唔落手	Cantonese
同我入嚟	Cantonese
唔洗我	Cantonese
嚟智英	Cantonese
一定冇	Cantonese
嘅努力	Cantonese
日本嘅	Cantonese
都唔似	Cantonese
又唔見	Cantonese
佢亦	Cantonese
十鳩	Cantonese
唔穩	Cantonese
唔怕	Cantonese
對佢有	Cantonese
佢個頭	Cantonese
都唔睇	Cantonese
見咗	Cantonese
唔生	Cantonese
就冇人	Cantonese
減咗	Cantonese
計吓	Cantonese
嘅真係	Cantonese
聽佢講	Cantonese
有冇手足	Cantonese
文宣推爆佢	Cantonese
咗幾多次	Cantonese
我想問吓	Cantonese
佢未	Cantonese
跟咗	Cantonese
細節出咗	Cantonese
細節出咗了唔該	Cantonese
細節出咗了唔該文宣推爆佢	Cantonese
唔請	Cantonese
咁大把	Cantonese
嘅壓力	Cantonese
咗吓	Cantonese
遠啲	Cantonese
你諗吓	Cantonese
唔足	Cantonese
好耐冇	Cantonese
咁癲	Cantonese
唔算	Cantonese
同佢地講	Cantonese
嘅對象	Cantonese
都係啲	Cantonese
埋啦	Cantonese
舊嘅	Cantonese
怪佢	Cantonese
撐佢	Cantonese
番出嚟	Cantonese
我唔簽任何文件	Cantonese
飲咗	Cantonese
鬱啲	Cantonese
沖出嚟	Cantonese
佢喺	Cantonese
投佢	Cantonese
唔成功	Cantonese
做唔做	Cantonese
唔出街	Cantonese
係冇可能	Cantonese
唔用	Cantonese
佢可能	Cantonese
咁巖	Cantonese
唔到氣	Cantonese
好過佢	Cantonese
咗成個月	Cantonese
運動嘅	Cantonese
送嘅	Cantonese
戴咗	Cantonese
做咩唔	Cantonese
嘅生物	Cantonese
嘅經濟	Cantonese
都知佢	Cantonese
吓架	Cantonese
咁個	Cantonese
最後嘅	Cantonese
唔犯法	Cantonese
開咗	Cantonese
嘅圖	Cantonese
畢咗	Cantonese
嘅質素	Cantonese
咁食	Cantonese
叫佢哋	Cantonese
嘅言論	Cantonese
對佢嘅	Cantonese
獨立嘅	Cantonese
答唔到	Cantonese
得唔到	Cantonese
都無咁	Cantonese
呀巴打	Cantonese
可以用嚟	Cantonese
傻咗	Cantonese
冇乜	Cantonese
唔係靠	Cantonese
啲大	Cantonese
換嚟	Cantonese
慢慢嚟	Cantonese
唔緊要啦	Cantonese
真係唔知	Cantonese
睇睇吓	Cantonese
得唔得呀	Cantonese
問佢	Cantonese
唔安全	Cantonese
冇車	Cantonese
嗰個係	Cantonese
借咗	Cantonese
緊啦	Cantonese
希望唔好	Cantonese
估佢	Cantonese
當睇唔到	Cantonese
嘅文宣	Cantonese
垃圾嚟	Cantonese
屌佢地	Cantonese
買咗個	Cantonese
唔係講緊	Cantonese
佢依家	Cantonese
叫吓	Cantonese
嘅小朋友	Cantonese
咁點算	Cantonese
真係唔想	Cantonese
都唔去	Cantonese
咁冇	Cantonese
要喺	Cantonese
冇得比	Cantonese
亦冇	Cantonese
唔敢再	Cantonese
拉佢	Cantonese
咁好彩	Cantonese
嘅身份	Cantonese
殺咗佢	Cantonese
讀唔成	Cantonese
佢只係	Cantonese
推咗	Cantonese
唔會用	Cantonese
後生嘅	Cantonese
你唔講	Cantonese
從來都冇	Cantonese
佢哋啲	Cantonese
都係唔好	Cantonese
咁近	Cantonese
講呢啲	Cantonese
預咗	Cantonese
勁唔勁	Cantonese
嘅回憶	Cantonese
起唔到	Cantonese
輸咗	Cantonese
嘅年代	Cantonese
就出嚟	Cantonese
香港咁多	Cantonese
唔痛	Cantonese
去佢	Cantonese
冚家產	Cantonese
唔諗	Cantonese
不過唔係	Cantonese
鳩野	Cantonese
有冇話	Cantonese
都唔用	Cantonese
接受咗	Cantonese
唔急	Cantonese
本身嘅	Cantonese
唔配	Cantonese
咁呀	Cantonese
佢老公	Cantonese
反省吓	Cantonese
番唔到	Cantonese
試吓先	Cantonese
冇死	Cantonese
冇咁易	Cantonese
臺灣嘅	Cantonese
都上唔到	Cantonese
吓嘛	Cantonese
又唔見你	Cantonese
畢咗業	Cantonese
所謂啦	Cantonese
嘅重要性	Cantonese
有呀	Cantonese
咁都叫	Cantonese
亦唔係	Cantonese
咁我就	Cantonese
嘅運動	Cantonese
佢地做	Cantonese
分開咗	Cantonese
落唔到	Cantonese
冇得再	Cantonese
嘅重要	Cantonese
唔知咩事	Cantonese
暈咗	Cantonese
就係冇	Cantonese
就唔好啦	Cantonese
唯一嘅	Cantonese
定唔	Cantonese
企喺度	Cantonese
啦唔好	Cantonese
畀咗	Cantonese
嘅時代	Cantonese
出佢	Cantonese
讚佢	Cantonese
擺喺	Cantonese
之類嘅	Cantonese
咁其實	Cantonese
唔關你	Cantonese
都比佢	Cantonese
係唔想	Cantonese
鳩日	Cantonese
上咗	Cantonese
唔係為	Cantonese
嘅一部份	Cantonese
更加唔會	Cantonese
唔覆	Cantonese
望佢	Cantonese
入唔入	Cantonese
冇咁多	Cantonese
唔啱聽	Cantonese
咩都唔識	Cantonese
嘅心情	Cantonese
返嚟香港	Cantonese
仲唔夠	Cantonese
改變咗	Cantonese
從來都唔係	Cantonese
唔拎	Cantonese
咪玩啦	Cantonese
我同佢	Cantonese
到出嚟	Cantonese
好似啲	Cantonese
救咗	Cantonese
大陸嘅	Cantonese
用唔用	Cantonese
嘅啫	Cantonese
咁大隻	Cantonese
已經過咗	Cantonese
入佢	Cantonese
咁多位巴打	Cantonese
離咗	Cantonese
根本唔需要	Cantonese
嗲啦	Cantonese
咁就可以	Cantonese
讀咗	Cantonese
傻嘅	Cantonese
嘅人去	Cantonese
唔係睇	Cantonese
相關嘅	Cantonese
唔理你	Cantonese
噉嘅	Cantonese
唔飲	Cantonese
瞓咗	Cantonese
撞咗	Cantonese
嗌口號	Cantonese
唔信	Cantonese
多啲時間	Cantonese
得咁開心	Cantonese
攞出嚟	Cantonese
唔抵得	Cantonese
就唔該	Cantonese
根本就唔	Cantonese
咁叻	Cantonese
唔睇	Cantonese
入到嚟	Cantonese
食咗	Cantonese
就無咗	Cantonese
錯過咗	Cantonese
但唔可以	Cantonese
咁多年嚟	Cantonese
開啲	Cantonese
嘅動作	Cantonese
藍嘅	Cantonese
關心吓老母老豆老人家	Cantonese
你係唔係	Cantonese
你喺	Cantonese
嗰條友	Cantonese
落嚟嘅	Cantonese
都唔會係	Cantonese
打唔贏	Cantonese
死唔去	Cantonese
嘅語言	Cantonese
星嘅	Cantonese
係幾咁	Cantonese
唔該哂	Cantonese
喊出嚟	Cantonese
嘅音樂	Cantonese
佢係一個	Cantonese
鳩數	Cantonese
我喺	Cantonese
話唔好	Cantonese
救佢	Cantonese
佢仲要	Cantonese
嘅市民	Cantonese
吓季	Cantonese
唔關佢事	Cantonese
入唔	Cantonese
欣賞佢	Cantonese
覺得佢	Cantonese
咁夜	Cantonese
好難唔	Cantonese
啦掛	Cantonese
係佢哋	Cantonese
吹大咗	Cantonese
極都唔	Cantonese
打咗針	Cantonese
佢地唔會	Cantonese
屌佢老味	Cantonese
唔簽	Cantonese
嘅話會	Cantonese
咁大反應	Cantonese
咁大個人	Cantonese
佢玩	Cantonese
分嘅	Cantonese
幫佢哋	Cantonese
又唔係好	Cantonese
唔通真係	Cantonese
大家唔好	Cantonese
嘅制度	Cantonese
嘅手段	Cantonese
有冇得	Cantonese
立咗	Cantonese
咁都要	Cantonese
自己攞嚟	Cantonese
我無嘢講我要見律師	Cantonese
年喺	Cantonese
含撚啦	Cantonese
呀柒頭	Cantonese
失敗咗	Cantonese
就算唔係	Cantonese
人出嚟	Cantonese
想要嘅野	Cantonese
咁過	Cantonese
落嘅	Cantonese
出得嚟	Cantonese
埋出嚟	Cantonese
咪講咗	Cantonese
咁急	Cantonese
好喎	Cantonese
愛嘅人	Cantonese
你唔信	Cantonese
癡撚咗	Cantonese
咁嘅嘢	Cantonese
撚咗個	Cantonese
頭唔知	Cantonese
之間嘅自然數	Cantonese
唔俾佢	Cantonese
唔好喊	Cantonese
啲手足	Cantonese
唔反	Cantonese
轉咗	Cantonese
今日咁	Cantonese
真係唔多	Cantonese
妹吓妹吓	Cantonese
嗰晚	Cantonese
係我嘅	Cantonese
佢本身	Cantonese
唔小	Cantonese
移咗民	Cantonese
諗唔明	Cantonese
佢地講	Cantonese
屌鳩人	Cantonese
嚟喎	Cantonese
又冇乜	Cantonese
已經變咗	Cantonese
有乜嘢	Cantonese
都唔知佢	Cantonese
喊咗	Cantonese
呀聽日	Cantonese
唔撐	Cantonese
搞啦	Cantonese
平咗	Cantonese
年嚟	Cantonese
早咗	Cantonese
咁寫	Cantonese
擺咗	Cantonese
唔留	Cantonese
嘅出現	Cantonese
死呀	Cantonese
唔係呀	Cantonese
咁喎	Cantonese
接唔	Cantonese
盡咗力	Cantonese
已經講咗	Cantonese
佢冇	Cantonese
佢兩個	Cantonese
呢啲問題	Cantonese
佢地唔	Cantonese
係唔需要	Cantonese
咁個	Cantonese
唔會比	Cantonese
放上嚟	Cantonese
日嘅	Cantonese
但係冇	Cantonese
發現佢	Cantonese
做過啲咩	Cantonese
唔同曬	Cantonese
佢肯	Cantonese
諗啦	Cantonese
我都係咁	Cantonese
嘅地位	Cantonese
唔一定	Cantonese
唔提	Cantonese
唔係咁好	Cantonese
返唔到工	Cantonese
唔送	Cantonese
有乜好	Cantonese
幫咗	Cantonese
僕佢個	Cantonese
時代嘅	Cantonese
都唔食	Cantonese
依家啲	Cantonese
嘢啦	Cantonese
查吓	Cantonese
佢想	Cantonese
諗吓點	Cantonese
應該唔會	Cantonese
唔識玩	Cantonese
嘅味道	Cantonese
我呢啲	Cantonese
嘅證據	Cantonese
佢地要	Cantonese
唔合	Cantonese
因為冇	Cantonese
佢上	Cantonese
行啦	Cantonese
喺一個	Cantonese
瞭解吓	Cantonese
清咗	Cantonese
發生嘅	Cantonese
嗰件	Cantonese
你同佢	Cantonese
咁樣衰	Cantonese
吓個禮拜	Cantonese
冷靜啲	Cantonese
唔想佢	Cantonese
嘅成員	Cantonese
個人嘅	Cantonese
解釋咗	Cantonese
號喺	Cantonese
又唔覺	Cantonese
抵唔抵	Cantonese
出啦	Cantonese
嘅形象	Cantonese
好耐啦	Cantonese
新嘢	Cantonese
唔係點	Cantonese
嘅應該	Cantonese
照顧佢	Cantonese
選擇咗	Cantonese
佢睇	Cantonese
佢仲	Cantonese
地咁	Cantonese
啲講句	Cantonese
愈嚟愈多	Cantonese
佢就	Cantonese
咗成晚	Cantonese
得咁勁	Cantonese
是咁的	Cantonese
都唔知有無	Cantonese
冇咗個	Cantonese
出聲啦	Cantonese
咁容易	Cantonese
嘅所謂	Cantonese
對佢哋	Cantonese
整出嚟	Cantonese
都唔一定	Cantonese
有冇其他	Cantonese
得嗰	Cantonese
係冇用	Cantonese
嘅人都會	Cantonese
燒咗	Cantonese
佢一	Cantonese
唔回應	Cantonese
唔識教	Cantonese
咁人地	Cantonese
撚咗啦	Cantonese
咁係	Cantonese
過咗去	Cantonese
咗一段時間	Cantonese
溝唔到女	Cantonese
佢之後	Cantonese
冇大臺	Cantonese
都有啦	Cantonese
就唔會再	Cantonese
佢地話	Cantonese
改唔到	Cantonese
依家咁	Cantonese
低啲	Cantonese
冇錢	Cantonese
同佢玩	Cantonese
唔得咩	Cantonese
簡單嘅	Cantonese
比人拉咗	Cantonese
咁而家	Cantonese
根本就冇	Cantonese
唔係好識	Cantonese
快咗	Cantonese
貴嘅	Cantonese
去啲	Cantonese
問啦	Cantonese
咁誇張	Cantonese
都唔叫	Cantonese
咁走	Cantonese
嗰球	Cantonese
男人嘅	Cantonese
要嚟	Cantonese
關佢	Cantonese
都有嘅	Cantonese
唔會啦	Cantonese
唔係就	Cantonese
比唔上	Cantonese
咁撚樣	Cantonese
唔健康	Cantonese
落去啦	Cantonese
可以	Shared/Neutral
香港	Shared/Neutral
自己	Shared/Neutral
真係	Shared/Neutral
都係	Shared/Neutral
一個	Shared/Neutral
其實	Shared/Neutral
如果	Shared/Neutral
已經	Shared/Neutral
覺得	Shared/Neutral
應該	Shared/Neutral
好多	Shared/Neutral
因為	Shared/Neutral
好似	Shared/Neutral
不過	Shared/Neutral
所以	Shared/Neutral
問題	Shared/Neutral
就係	Shared/Neutral
可能	Shared/Neutral
大家	Shared/Neutral
係咪	Shared/Neutral
中國	Shared/Neutral
之後	Shared/Neutral
點解	Shared/Neutral
一定	Shared/Neutral
而家	Shared/Neutral
呢個	Shared/Neutral
其實	Shared/Neutral
其他	Shared/Neutral
政府	Shared/Neutral
時間	Shared/Neutral
都有	Shared/Neutral
如果	Shared/Neutral
朋友	Shared/Neutral
老母	Shared/Neutral
開始	Shared/Neutral
香港人	Shared/Neutral
有人	Shared/Neutral
美國	Shared/Neutral
我地	Shared/Neutral
見到	Shared/Neutral
之前	Shared/Neutral
世界	Shared/Neutral
一樣	Shared/Neutral
依家	Shared/Neutral
仲有	Shared/Neutral
只係	Shared/Neutral
同埋	Shared/Neutral
人地	Shared/Neutral
最後	Shared/Neutral
第一	Shared/Neutral
今日	Shared/Neutral
個人	Shared/Neutral
仲要	Shared/Neutral
支持	Shared/Neutral
都要	Shared/Neutral
都好	Shared/Neutral
成日	Shared/Neutral
希望	Shared/Neutral
比人	Shared/Neutral
屋企	Shared/Neutral
不過	Shared/Neutral
根本	Shared/Neutral
一齊	Shared/Neutral
都會	Shared/Neutral
手足	Shared/Neutral
屌你	Shared/Neutral
連登	Shared/Neutral
機會	Shared/Neutral
仆街	Shared/Neutral
沒有	Shared/Neutral
公司	Shared/Neutral
就算	Shared/Neutral
日本	Shared/Neutral
大陸	Shared/Neutral
都無	Shared/Neutral
垃圾	Shared/Neutral
以為	Shared/Neutral
國家	Shared/Neutral
星期	Shared/Neutral
幾多	Shared/Neutral
完全	Shared/Neutral
有咩	Shared/Neutral
巴打	Shared/Neutral
繼續	Shared/Neutral
知道	Shared/Neutral
或者	Shared/Neutral
真係好	Shared/Neutral
所以	Shared/Neutral
支那	Shared/Neutral
兩個	Shared/Neutral
我們	Shared/Neutral
你地	Shared/Neutral
邊個	Shared/Neutral
本身	Shared/Neutral
臺灣	Shared/Neutral
需要	Shared/Neutral
一次	Shared/Neutral
時候	Shared/Neutral
社會	Shared/Neutral
樓主	Shared/Neutral
雖然	Shared/Neutral
就會	Shared/Neutral
個個	Shared/Neutral
俾人	Shared/Neutral
但係	Shared/Neutral
少少	Shared/Neutral
所有	Shared/Neutral
記得	Shared/Neutral
影響	Shared/Neutral
然後	Shared/Neutral
以前	Shared/Neutral
又係	Shared/Neutral
地方	Shared/Neutral
正常	Shared/Neutral
個月	Shared/Neutral
鍾意	Shared/Neutral
學生	Shared/Neutral
分鐘	Shared/Neutral
全部	Shared/Neutral
因為	Shared/Neutral
原來	Shared/Neutral
第二	Shared/Neutral
中共	Shared/Neutral
情況	Shared/Neutral
他們	Shared/Neutral
淨係	Shared/Neutral
都可以	Shared/Neutral
民主	Shared/Neutral
即係	Shared/Neutral
入面	Shared/Neutral
開心	Shared/Neutral
重要	Shared/Neutral
發現	Shared/Neutral
直接	Shared/Neutral
運動	Shared/Neutral
都未	Shared/Neutral
一直	Shared/Neutral
任何	Shared/Neutral
屌你老母	Shared/Neutral
政治	Shared/Neutral
香港	Shared/Neutral
代表	Shared/Neutral
有無	Shared/Neutral
不如	Shared/Neutral
會有	Shared/Neutral
感覺	Shared/Neutral
自由	Shared/Neutral
生活	Shared/Neutral
好撚	Shared/Neutral
工作	Shared/Neutral
點解	Shared/Neutral
表示	Shared/Neutral
而家	Shared/Neutral
出現	Shared/Neutral
發生	Shared/Neutral
認為	Shared/Neutral
基本	Shared/Neutral
國際	Shared/Neutral
去到	Shared/Neutral
外國	Shared/Neutral
經濟	Shared/Neutral
警察	Shared/Neutral
關係	Shared/Neutral
搞到	Shared/Neutral
要求	Shared/Neutral
黑警	Shared/Neutral
英國	Shared/Neutral
特別	Shared/Neutral
但係	Shared/Neutral
市民	Shared/Neutral
女人	Shared/Neutral
男人	Shared/Neutral
行動	Shared/Neutral
分別	Shared/Neutral
日日	Shared/Neutral
方法	Shared/Neutral
接受	Shared/Neutral
決定	Shared/Neutral
一日	Shared/Neutral
能力	Shared/Neutral
不是	Shared/Neutral
做到	Shared/Neutral
討論	Shared/Neutral
我都	Shared/Neutral
一定要	Shared/Neutral
落去	Shared/Neutral
無人	Shared/Neutral
成個	Shared/Neutral
的人	Shared/Neutral
好好	Shared/Neutral
同埋	Shared/Neutral
結果	Shared/Neutral
同你	Shared/Neutral
電話	Shared/Neutral
好多人	Shared/Neutral
我哋	Shared/Neutral
意思	Shared/Neutral
睇到	Shared/Neutral
活動	Shared/Neutral
反而	Shared/Neutral
抗爭	Shared/Neutral
新聞	Shared/Neutral
安全	Shared/Neutral
我覺得	Shared/Neutral
發展	Shared/Neutral
成功	Shared/Neutral
明明	Shared/Neutral
比較	Shared/Neutral
幾年	Shared/Neutral
部分	Shared/Neutral
試過	Shared/Neutral
示威	Shared/Neutral
相信	Shared/Neutral
就是	Shared/Neutral
出去	Shared/Neutral
準備	Shared/Neutral
所謂	Shared/Neutral
遊行	Shared/Neutral
好過	Shared/Neutral
諗住	Shared/Neutral
幾個	Shared/Neutral
即刻	Shared/Neutral
有一	Shared/Neutral
醫生	Shared/Neutral
返工	Shared/Neutral
獨立	Shared/Neutral
有個	Shared/Neutral
鐘意	Shared/Neutral
件事	Shared/Neutral
大學	Shared/Neutral
一個人	Shared/Neutral
幾時	Shared/Neutral
記者	Shared/Neutral
同我	Shared/Neutral
清楚	Shared/Neutral
今次	Shared/Neutral
得好	Shared/Neutral
甚至	Shared/Neutral
平時	Shared/Neutral
只要	Shared/Neutral
選擇	Shared/Neutral
議員	Shared/Neutral
慢慢	Shared/Neutral
聽日	Shared/Neutral
其中	Shared/Neutral
老豆	Shared/Neutral
有得	Shared/Neutral
條友	Shared/Neutral
事實	Shared/Neutral
過去	Shared/Neutral
立法	Shared/Neutral
女仔	Shared/Neutral
對方	Shared/Neutral
條女	Shared/Neutral
幫手	Shared/Neutral
最好	Shared/Neutral
人士	Shared/Neutral
包括	Shared/Neutral
連登仔	Shared/Neutral
普通	Shared/Neutral
球員	Shared/Neutral
上面	Shared/Neutral
就要	Shared/Neutral
依家	Shared/Neutral
警方	Shared/Neutral
英文	Shared/Neutral
另一	Shared/Neutral
只有	Shared/Neutral
又要	Shared/Neutral
真心	Shared/Neutral
好難	Shared/Neutral
原因	Shared/Neutral
成為	Shared/Neutral
建議	Shared/Neutral
多人	Shared/Neutral
突然	Shared/Neutral
比你	Shared/Neutral
就可以	Shared/Neutral
證明	Shared/Neutral
什麼	Shared/Neutral
應該係	Shared/Neutral
起碼	Shared/Neutral
點樣	Shared/Neutral
而且	Shared/Neutral
呢個	Shared/Neutral
大家	Shared/Neutral
有錢	Shared/Neutral
係你	Shared/Neutral
入去	Shared/Neutral
班人	Shared/Neutral
事件	Shared/Neutral
同時	Shared/Neutral
宜家	Shared/Neutral
之前	Shared/Neutral
例如	Shared/Neutral
更加	Shared/Neutral
另外	Shared/Neutral
講到	Shared/Neutral
其他人	Shared/Neutral
終於	Shared/Neutral
行為	Shared/Neutral
先係	Shared/Neutral
主要	Shared/Neutral
真係	Shared/Neutral
仲係	Shared/Neutral
文化	Shared/Neutral
肯定	Shared/Neutral
有幾	Shared/Neutral
反對	Shared/Neutral
一下	Shared/Neutral
我就	Shared/Neutral
跟住	Shared/Neutral
選舉	Shared/Neutral
這個	Shared/Neutral
我係	Shared/Neutral
當時	Shared/Neutral
一年	Shared/Neutral
你係	Shared/Neutral
現在	Shared/Neutral
不會	Shared/Neutral
當然	Shared/Neutral
方面	Shared/Neutral
歷史	Shared/Neutral
可能	Shared/Neutral
文宣	Shared/Neutral
左右	Shared/Neutral
搵到	Shared/Neutral
勇武	Shared/Neutral
人民	Shared/Neutral
點知	Shared/Neutral
處理	Shared/Neutral
我覺得	Shared/Neutral
果陣	Shared/Neutral
就得	Shared/Neutral
不能	Shared/Neutral
簡單	Shared/Neutral
申請	Shared/Neutral
都幾	Shared/Neutral
永遠	Shared/Neutral
十年	Shared/Neutral
仲有	Shared/Neutral
好似	Shared/Neutral
和理	Shared/Neutral
藍絲	Shared/Neutral
辛苦	Shared/Neutral
我的	Shared/Neutral
學校	Shared/Neutral
自然	Shared/Neutral
緊要	Shared/Neutral
資料	Shared/Neutral
電視	Shared/Neutral
通常	Shared/Neutral
共產	Shared/Neutral
努力	Shared/Neutral
巴士	Shared/Neutral
做咩	Shared/Neutral
聽到	Shared/Neutral
移民	Shared/Neutral
第一次	Shared/Neutral
有時	Shared/Neutral
係咪	Shared/Neutral
今年	Shared/Neutral
目標	Shared/Neutral
明顯	Shared/Neutral
身體	Shared/Neutral
投票	Shared/Neutral
雖然	Shared/Neutral
只會	Shared/Neutral
係有	Shared/Neutral
認真	Shared/Neutral
精神	Shared/Neutral
幾日	Shared/Neutral
解釋	Shared/Neutral
飛機	Shared/Neutral
放棄	Shared/Neutral
自殺	Shared/Neutral
出來	Shared/Neutral
人工	Shared/Neutral
好大	Shared/Neutral
今日	Shared/Neutral
點會	Shared/Neutral
中心	Shared/Neutral
希望	Shared/Neutral
上去	Shared/Neutral
離開	Shared/Neutral
都得	Shared/Neutral
解決	Shared/Neutral
進行	Shared/Neutral
研究	Shared/Neutral
只是	Shared/Neutral
和理非	Shared/Neutral
多數	Shared/Neutral
最大	Shared/Neutral
改變	Shared/Neutral
部份	Shared/Neutral
調查	Shared/Neutral
服務	Shared/Neutral
嚴重	Shared/Neutral
人地	Shared/Neutral
攻擊	Shared/Neutral
市場	Shared/Neutral
就算	Shared/Neutral
價值	Shared/Neutral
樓主	Shared/Neutral
太多	Shared/Neutral
當年	Shared/Neutral
一早	Shared/Neutral
作為	Shared/Neutral
個陣	Shared/Neutral
未來	Shared/Neutral
定係	Shared/Neutral
一係	Shared/Neutral
都話	Shared/Neutral
林鄭	Shared/Neutral
一隻	Shared/Neutral
立法會	Shared/Neutral
保護	Shared/Neutral
考慮	Shared/Neutral
電影	Shared/Neutral
講緊	Shared/Neutral
銀行	Shared/Neutral
有關	Shared/Neutral
遊戲	Shared/Neutral
果個	Shared/Neutral
以上	Shared/Neutral
法律	Shared/Neutral
多謝	Shared/Neutral
主義	Shared/Neutral
的話	Shared/Neutral
計劃	Shared/Neutral
控制	Shared/Neutral
大把	Shared/Neutral
就話	Shared/Neutral
角色	Shared/Neutral
後生	Shared/Neutral
最多	Shared/Neutral
先會	Shared/Neutral
留意	Shared/Neutral
係香港	Shared/Neutral
現實	Shared/Neutral
不斷	Shared/Neutral
之後	Shared/Neutral
中國人	Shared/Neutral
就好	Shared/Neutral
屋企人	Shared/Neutral
明白	Shared/Neutral
身邊	Shared/Neutral
以後	Shared/Neutral
興趣	Shared/Neutral
巖巖	Shared/Neutral
全世界	Shared/Neutral
咩事	Shared/Neutral
一路	Shared/Neutral
又話	Shared/Neutral
小心	Shared/Neutral
係要	Shared/Neutral
係好	Shared/Neutral
這樣	Shared/Neutral
我都	Shared/Neutral
撚樣	Shared/Neutral
口罩	Shared/Neutral
撚到	Shared/Neutral
位置	Shared/Neutral
壓力	Shared/Neutral
變成	Shared/Neutral
次次	Shared/Neutral
教育	Shared/Neutral
存在	Shared/Neutral
各位	Shared/Neutral
真正	Shared/Neutral
革命	Shared/Neutral
合理	Shared/Neutral
收皮	Shared/Neutral
非常	Shared/Neutral
幾好	Shared/Neutral
責任	Shared/Neutral
示威者	Shared/Neutral
就有	Shared/Neutral
意見	Shared/Neutral
共產黨	Shared/Neutral
使用	Shared/Neutral
人都	Shared/Neutral
第三	Shared/Neutral
我地	Shared/Neutral
面對	Shared/Neutral
前線	Shared/Neutral
廢老	Shared/Neutral
屌你老母	Shared/Neutral
好耐	Shared/Neutral
同學	Shared/Neutral
先有	Shared/Neutral
隔離	Shared/Neutral
見過	Shared/Neutral
律師	Shared/Neutral
一般	Shared/Neutral
回應	Shared/Neutral
組織	Shared/Neutral
利申	Shared/Neutral
就知	Shared/Neutral
提供	Shared/Neutral
到你	Shared/Neutral
到時	Shared/Neutral
係咩	Shared/Neutral
投資	Shared/Neutral
女朋友	Shared/Neutral
理由	Shared/Neutral
始終	Shared/Neutral
老婆	Shared/Neutral
係因為	Shared/Neutral
係我	Shared/Neutral
得到	Shared/Neutral
原來	Shared/Neutral
消息	Shared/Neutral
醫院	Shared/Neutral
又有	Shared/Neutral
還是	Shared/Neutral
做野	Shared/Neutral
泛民	Shared/Neutral
加上	Shared/Neutral
絕對	Shared/Neutral
竟然	Shared/Neutral
集會	Shared/Neutral
俾你	Shared/Neutral
反應	Shared/Neutral
下次	Shared/Neutral
地區	Shared/Neutral
除非	Shared/Neutral
之間	Shared/Neutral
一種	Shared/Neutral
老師	Shared/Neutral
萬人	Shared/Neutral
擔心	Shared/Neutral
得出	Shared/Neutral
能夠	Shared/Neutral
你個	Shared/Neutral
節目	Shared/Neutral
比賽	Shared/Neutral
叫人	Shared/Neutral
一個月	Shared/Neutral
表現	Shared/Neutral
國安	Shared/Neutral
都是	Shared/Neutral
環境	Shared/Neutral
人的	Shared/Neutral
一步	Shared/Neutral
暫時	Shared/Neutral
參與	Shared/Neutral
不同	Shared/Neutral
基本上	Shared/Neutral
想要	Shared/Neutral
究竟	Shared/Neutral
廣東	Shared/Neutral
無得	Shared/Neutral
九龍	Shared/Neutral
一定係	Shared/Neutral
身份	Shared/Neutral
但我	Shared/Neutral
一句	Shared/Neutral
生意	Shared/Neutral
根本	Shared/Neutral
故事	Shared/Neutral
建制	Shared/Neutral
恐怖	Shared/Neutral
年前	Shared/Neutral
值得	Shared/Neutral
相關	Shared/Neutral
應該	Shared/Neutral
如何	Shared/Neutral
以前	Shared/Neutral
五毛	Shared/Neutral
人員	Shared/Neutral
癡線	Shared/Neutral
韓國	Shared/Neutral
有機會	Shared/Neutral
委員	Shared/Neutral
一陣	Shared/Neutral
仲未	Shared/Neutral
幫你	Shared/Neutral
系統	Shared/Neutral
每日	Shared/Neutral
至少	Shared/Neutral
現場	Shared/Neutral
分化	Shared/Neutral
出街	Shared/Neutral
比我	Shared/Neutral
技術	Shared/Neutral
實際	Shared/Neutral
唯一	Shared/Neutral
結婚	Shared/Neutral
係到	Shared/Neutral
仲要	Shared/Neutral
他的	Shared/Neutral
返去	Shared/Neutral
未必	Shared/Neutral
一切	Shared/Neutral
議會	Shared/Neutral
容易	Shared/Neutral
一條	Shared/Neutral
暴力	Shared/Neutral
我會	Shared/Neutral
主角	Shared/Neutral
最後	Shared/Neutral
甚麼	Shared/Neutral
咪又係	Shared/Neutral
曾經	Shared/Neutral
先可以	Shared/Neutral
管理	Shared/Neutral
附近	Shared/Neutral
被捕	Shared/Neutral
時代	Shared/Neutral
收到	Shared/Neutral
個鐘	Shared/Neutral
懷疑	Shared/Neutral
法國	Shared/Neutral
利益	Shared/Neutral
破壞	Shared/Neutral
同事	Shared/Neutral
從來	Shared/Neutral
讀書	Shared/Neutral
諗過	Shared/Neutral
不要	Shared/Neutral
今晚	Shared/Neutral
廣告	Shared/Neutral
主席	Shared/Neutral
理解	Shared/Neutral
全球	Shared/Neutral
都知	Shared/Neutral
食飯	Shared/Neutral
公屋	Shared/Neutral
打到	Shared/Neutral
男朋友	Shared/Neutral
根據	Shared/Neutral
自己	Shared/Neutral
公開	Shared/Neutral
然後	Shared/Neutral
合作	Shared/Neutral
宣傳	Shared/Neutral
足球	Shared/Neutral
小時	Shared/Neutral
行政	Shared/Neutral
人生	Shared/Neutral
正式	Shared/Neutral
經驗	Shared/Neutral
更多	Shared/Neutral
重點	Shared/Neutral
一場	Shared/Neutral
以及	Shared/Neutral
我想	Shared/Neutral
長期	Shared/Neutral
係度	Shared/Neutral
中學	Shared/Neutral
分手	Shared/Neutral
一邊	Shared/Neutral
之外	Shared/Neutral
覺得自己	Shared/Neutral
本土	Shared/Neutral
目的	Shared/Neutral
主動	Shared/Neutral
條例	Shared/Neutral
制度	Shared/Neutral
歐洲	Shared/Neutral
反正	Shared/Neutral
中文	Shared/Neutral
自己的	Shared/Neutral
入到	Shared/Neutral
政權	Shared/Neutral
方向	Shared/Neutral
講過	Shared/Neutral
屌你	Shared/Neutral
即係	Shared/Neutral
心理	Shared/Neutral
這些	Shared/Neutral
爭取	Shared/Neutral
期間	Shared/Neutral
內地	Shared/Neutral
手機	Shared/Neutral
旅行	Shared/Neutral
說話	Shared/Neutral
到底	Shared/Neutral
可以	Shared/Neutral
已經係	Shared/Neutral
必須	Shared/Neutral
巴打	Shared/Neutral
被告	Shared/Neutral
感情	Shared/Neutral
多過	Shared/Neutral
後面	Shared/Neutral
立場	Shared/Neutral
認同	Shared/Neutral
本來	Shared/Neutral
北京	Shared/Neutral
好想	Shared/Neutral
細個	Shared/Neutral
人哋	Shared/Neutral
大量	Shared/Neutral
方式	Shared/Neutral
小朋友	Shared/Neutral
人類	Shared/Neutral
多次	Shared/Neutral
有問題	Shared/Neutral
父母	Shared/Neutral
是否	Shared/Neutral
內容	Shared/Neutral
提出	Shared/Neutral
武器	Shared/Neutral
即使	Shared/Neutral
分析	Shared/Neutral
同一	Shared/Neutral
到仆街	Shared/Neutral
呢樣	Shared/Neutral
訴求	Shared/Neutral
通過	Shared/Neutral
辦法	Shared/Neutral
交通	Shared/Neutral
呢種	Shared/Neutral
你哋	Shared/Neutral
香港人	Shared/Neutral
起來	Shared/Neutral
受到	Shared/Neutral
明明	Shared/Neutral
電腦	Shared/Neutral
德國	Shared/Neutral
我諗	Shared/Neutral
尊重	Shared/Neutral
中間	Shared/Neutral
上的	Shared/Neutral
證據	Shared/Neutral
政策	Shared/Neutral
無法	Shared/Neutral
年代	Shared/Neutral
一半	Shared/Neutral
單位	Shared/Neutral
網上	Shared/Neutral
程度	Shared/Neutral
講野	Shared/Neutral
你要	Shared/Neutral
心態	Shared/Neutral
至於	Shared/Neutral
警員	Shared/Neutral
了一	Shared/Neutral
吸引	Shared/Neutral
出聲	Shared/Neutral
呢度	Shared/Neutral
資源	Shared/Neutral
裝修	Shared/Neutral
好快	Shared/Neutral
邊度	Shared/Neutral
經歷	Shared/Neutral
經過	Shared/Neutral
隨時	Shared/Neutral
無論	Shared/Neutral
我要	Shared/Neutral
依個	Shared/Neutral
你有	Shared/Neutral
毒撚	Shared/Neutral
情緒	Shared/Neutral
失敗	Shared/Neutral
投訴	Shared/Neutral
城市	Shared/Neutral
未有	Shared/Neutral
兩年	Shared/Neutral
一名	Shared/Neutral
民意	Shared/Neutral
幾次	Shared/Neutral
好有	Shared/Neutral
不可	Shared/Neutral
健康	Shared/Neutral
一定會	Shared/Neutral
方便	Shared/Neutral
公園	Shared/Neutral
的確	Shared/Neutral
大大	Shared/Neutral
堅持	Shared/Neutral
港共	Shared/Neutral
罷工	Shared/Neutral
加油	Shared/Neutral
一開始	Shared/Neutral
當中	Shared/Neutral
中華	Shared/Neutral
原本	Shared/Neutral
風險	Shared/Neutral
休息	Shared/Neutral
見到	Shared/Neutral
仲好	Shared/Neutral
瞭解	Shared/Neutral
不了	Shared/Neutral
畢業	Shared/Neutral
危險	Shared/Neutral
加入	Shared/Neutral
的是	Shared/Neutral
空間	Shared/Neutral
這是	Shared/Neutral
每次	Shared/Neutral
一世	Shared/Neutral
也是	Shared/Neutral
目前	Shared/Neutral
負責	Shared/Neutral
專業	Shared/Neutral
冠軍	Shared/Neutral
會員	Shared/Neutral
諗起	Shared/Neutral
就無	Shared/Neutral
資格	Shared/Neutral
委員會	Shared/Neutral
本身	Shared/Neutral
到我	Shared/Neutral
同人	Shared/Neutral
音樂	Shared/Neutral
年輕	Shared/Neutral
效果	Shared/Neutral
令人	Shared/Neutral
疫苗	Shared/Neutral
三個	Shared/Neutral
家庭	Shared/Neutral
細路	Shared/Neutral
舒服	Shared/Neutral
球隊	Shared/Neutral
仍然	Shared/Neutral
做得	Shared/Neutral
分享	Shared/Neutral
寧願	Shared/Neutral
小學	Shared/Neutral
夜晚	Shared/Neutral
個樣	Shared/Neutral
澳門	Shared/Neutral
加埋	Shared/Neutral
你老母	Shared/Neutral
身上	Shared/Neutral
國安法	Shared/Neutral
好多	Shared/Neutral
麻煩	Shared/Neutral
轉頭	Shared/Neutral
弱智	Shared/Neutral
因此	Shared/Neutral
中央	Shared/Neutral
上網	Shared/Neutral
力量	Shared/Neutral
宣佈	Shared/Neutral
就真係	Shared/Neutral
先生	Shared/Neutral
半年	Shared/Neutral
大部分	Shared/Neutral
的一	Shared/Neutral
人權	Shared/Neutral
都仲	Shared/Neutral
質素	Shared/Neutral
兄弟	Shared/Neutral
報告	Shared/Neutral
成員	Shared/Neutral
你講	Shared/Neutral
以下	Shared/Neutral
完成	Shared/Neutral
做過	Shared/Neutral
價錢	Shared/Neutral
都算	Shared/Neutral
睇過	Shared/Neutral
成日	Shared/Neutral
有幾多	Shared/Neutral
取消	Shared/Neutral
最終	Shared/Neutral
距離	Shared/Neutral
最近	Shared/Neutral
成立	Shared/Neutral
家人	Shared/Neutral
標準	Shared/Neutral
歡迎	Shared/Neutral
你話	Shared/Neutral
周圍	Shared/Neutral
中意	Shared/Neutral
集中	Shared/Neutral
工程	Shared/Neutral
也不	Shared/Neutral
數據	Shared/Neutral
可惜	Shared/Neutral
點解要	Shared/Neutral
兩日	Shared/Neutral
制裁	Shared/Neutral
你們	Shared/Neutral
一點	Shared/Neutral
最高	Shared/Neutral
意義	Shared/Neutral
免費	Shared/Neutral
拍拖	Shared/Neutral
係無	Shared/Neutral
另外	Shared/Neutral
英超	Shared/Neutral
的事	Shared/Neutral
生命	Shared/Neutral
又好	Shared/Neutral
思想	Shared/Neutral
性格	Shared/Neutral
支那人	Shared/Neutral
表達	Shared/Neutral
禮拜	Shared/Neutral
條件	Shared/Neutral
我有	Shared/Neutral
攬炒	Shared/Neutral
地鐵	Shared/Neutral
傷害	Shared/Neutral
超過	Shared/Neutral
意識	Shared/Neutral
十幾	Shared/Neutral
成本	Shared/Neutral
蘋果	Shared/Neutral
走去	Shared/Neutral
增加	Shared/Neutral
個個都	Shared/Neutral
你的	Shared/Neutral
你就	Shared/Neutral
元朗	Shared/Neutral
起身	Shared/Neutral
看到	Shared/Neutral
參加	Shared/Neutral
總統	Shared/Neutral
對於	Shared/Neutral
叫我	Shared/Neutral
靚仔	Shared/Neutral
港人	Shared/Neutral
聯合	Shared/Neutral
劇情	Shared/Neutral
真係要	Shared/Neutral
成班	Shared/Neutral
果時	Shared/Neutral
商場	Shared/Neutral
設計	Shared/Neutral
對面	Shared/Neutral
係點	Shared/Neutral
收入	Shared/Neutral
動物	Shared/Neutral
通知	Shared/Neutral
一個	Shared/Neutral
兩隻	Shared/Neutral
美國	Shared/Neutral
重新	Shared/Neutral
有好多	Shared/Neutral
純粹	Shared/Neutral
殺人	Shared/Neutral
之一	Shared/Neutral
頭先	Shared/Neutral
你自己	Shared/Neutral
男仔	Shared/Neutral
道理	Shared/Neutral
和平	Shared/Neutral
批評	Shared/Neutral
屯門	Shared/Neutral
實力	Shared/Neutral
都覺得	Shared/Neutral
想知	Shared/Neutral
關注	Shared/Neutral
又會	Shared/Neutral
安排	Shared/Neutral
員工	Shared/Neutral
同樣	Shared/Neutral
人口	Shared/Neutral
半場	Shared/Neutral
聯賽	Shared/Neutral
無咩	Shared/Neutral
機場	Shared/Neutral
習慣	Shared/Neutral
送中	Shared/Neutral
剩係	Shared/Neutral
自動	Shared/Neutral
叫你	Shared/Neutral
進入	Shared/Neutral
有時	Shared/Neutral
一代	Shared/Neutral
指出	Shared/Neutral
你地	Shared/Neutral
人數	Shared/Neutral
去做	Shared/Neutral
貿易	Shared/Neutral
真係有	Shared/Neutral
拒絕	Shared/Neutral
語言	Shared/Neutral
首先	Shared/Neutral
教練	Shared/Neutral
小小	Shared/Neutral
態度	Shared/Neutral
留言	Shared/Neutral
不知	Shared/Neutral
班狗	Shared/Neutral
中國	Shared/Neutral
打算	Shared/Neutral
等於	Shared/Neutral
係一個	Shared/Neutral
穩定	Shared/Neutral
狀態	Shared/Neutral
有無	Shared/Neutral
大佬	Shared/Neutral
民族	Shared/Neutral
尤其	Shared/Neutral
死人	Shared/Neutral
介紹	Shared/Neutral
今次	Shared/Neutral
就係	Shared/Neutral
被人	Shared/Neutral
利用	Shared/Neutral
上下	Shared/Neutral
科技	Shared/Neutral
司機	Shared/Neutral
願意	Shared/Neutral
酒店	Shared/Neutral
本地	Shared/Neutral
得返	Shared/Neutral
前面	Shared/Neutral
聲音	Shared/Neutral
死亡	Shared/Neutral
對手	Shared/Neutral
黃店	Shared/Neutral
等等	Shared/Neutral
而且	Shared/Neutral
記住	Shared/Neutral
出面	Shared/Neutral
全家	Shared/Neutral
真的	Shared/Neutral
不停	Shared/Neutral
一間	Shared/Neutral
一起	Shared/Neutral
旺角	Shared/Neutral
日子	Shared/Neutral
老闆	Shared/Neutral
平均	Shared/Neutral
好似係	Shared/Neutral
又無	Shared/Neutral
回覆	Shared/Neutral
另一個	Shared/Neutral
科學	Shared/Neutral
失去	Shared/Neutral
令到	Shared/Neutral
日期	Shared/Neutral
動作	Shared/Neutral
道德	Shared/Neutral
感到	Shared/Neutral
做緊	Shared/Neutral
不如	Shared/Neutral
顯示	Shared/Neutral
幾耐	Shared/Neutral
上次	Shared/Neutral
睇完	Shared/Neutral
為了	Shared/Neutral
浪費	Shared/Neutral
可能會	Shared/Neutral
話要	Shared/Neutral
你想	Shared/Neutral
由於	Shared/Neutral
自己係	Shared/Neutral
法院	Shared/Neutral
個位	Shared/Neutral
一大	Shared/Neutral
介意	Shared/Neutral
面前	Shared/Neutral
人係	Shared/Neutral
思考	Shared/Neutral
我諗	Shared/Neutral
畫面	Shared/Neutral
媒體	Shared/Neutral
當然	Shared/Neutral
印度	Shared/Neutral
過程	Shared/Neutral
我係	Shared/Neutral
公眾	Shared/Neutral
功能	Shared/Neutral
餐廳	Shared/Neutral
絲打	Shared/Neutral
更新	Shared/Neutral
女性	Shared/Neutral
男子	Shared/Neutral
個名	Shared/Neutral
言論	Shared/Neutral
保持	Shared/Neutral
門口	Shared/Neutral
想問	Shared/Neutral
個仔	Shared/Neutral
改善	Shared/Neutral
你班	Shared/Neutral
話我	Shared/Neutral
消費	Shared/Neutral
這種	Shared/Neutral
優惠	Shared/Neutral
立即	Shared/Neutral
不少	Shared/Neutral
集團	Shared/Neutral
港女	Shared/Neutral
既然	Shared/Neutral
接觸	Shared/Neutral
先得	Shared/Neutral
琴日	Shared/Neutral
只係	Shared/Neutral
真係好撚	Shared/Neutral
歐聯	Shared/Neutral
緊急	Shared/Neutral
幾個月	Shared/Neutral
都係	Shared/Neutral
同意	Shared/Neutral
黃色	Shared/Neutral
作出	Shared/Neutral
中的	Shared/Neutral
只能	Shared/Neutral
訓練	Shared/Neutral
如此	Shared/Neutral
屬於	Shared/Neutral
返屋企	Shared/Neutral
她的	Shared/Neutral
角度	Shared/Neutral
俾我	Shared/Neutral
很多	Shared/Neutral
作用	Shared/Neutral
現時	Shared/Neutral
敵人	Shared/Neutral
報導	Shared/Neutral
關心	Shared/Neutral
付出	Shared/Neutral
你會	Shared/Neutral
多個	Shared/Neutral
針對	Shared/Neutral
幾十	Shared/Neutral
哈哈	Shared/Neutral
進步	Shared/Neutral
我真係	Shared/Neutral
想像	Shared/Neutral
得閒	Shared/Neutral
你可以	Shared/Neutral
講真	Shared/Neutral
造成	Shared/Neutral
感受	Shared/Neutral
必要	Shared/Neutral
承認	Shared/Neutral
亞洲	Shared/Neutral
都已經	Shared/Neutral
公平	Shared/Neutral
資訊	Shared/Neutral
熱狗	Shared/Neutral
例子	Shared/Neutral
喜歡	Shared/Neutral
係個	Shared/Neutral
整個	Shared/Neutral
畀人	Shared/Neutral
機構	Shared/Neutral
病毒	Shared/Neutral
地下	Shared/Neutral
邊有	Shared/Neutral
聲明	Shared/Neutral
信心	Shared/Neutral
的時候	Shared/Neutral
傳媒	Shared/Neutral
兩次	Shared/Neutral
下午	Shared/Neutral
總之	Shared/Neutral
大陸人	Shared/Neutral
消防	Shared/Neutral
強調	Shared/Neutral
話你	Shared/Neutral
百萬	Shared/Neutral
有限	Shared/Neutral
將來	Shared/Neutral
疫情	Shared/Neutral
武漢	Shared/Neutral
港獨	Shared/Neutral
導致	Shared/Neutral
都想	Shared/Neutral
都叫	Shared/Neutral
普選	Shared/Neutral
注意	Shared/Neutral
遇到	Shared/Neutral
我都係	Shared/Neutral
好少	Shared/Neutral
又點	Shared/Neutral
製造	Shared/Neutral
球迷	Shared/Neutral
黨鐵	Shared/Neutral
冷氣	Shared/Neutral
時期	Shared/Neutral
直播	Shared/Neutral
對家	Shared/Neutral
幫助	Shared/Neutral
心情	Shared/Neutral
透過	Shared/Neutral
問題係	Shared/Neutral
再次	Shared/Neutral
當地	Shared/Neutral
戰爭	Shared/Neutral
話係	Shared/Neutral
有用	Shared/Neutral
企業	Shared/Neutral
大概	Shared/Neutral
反抗	Shared/Neutral
生日	Shared/Neutral
持續	Shared/Neutral
中場	Shared/Neutral
消失	Shared/Neutral
強姦	Shared/Neutral
限制	Shared/Neutral
公佈	Shared/Neutral
仲可以	Shared/Neutral
那麼	Shared/Neutral
個頭	Shared/Neutral
緊張	Shared/Neutral
網絡	Shared/Neutral
背後	Shared/Neutral
發覺	Shared/Neutral
同我講	Shared/Neutral
今天	Shared/Neutral
互相	Shared/Neutral
於是	Shared/Neutral
法庭	Shared/Neutral
廁所	Shared/Neutral
國民	Shared/Neutral
你都	Shared/Neutral
義士	Shared/Neutral
上到	Shared/Neutral
報道	Shared/Neutral
先知	Shared/Neutral
受傷	Shared/Neutral
呢隻	Shared/Neutral
只可以	Shared/Neutral
港豬	Shared/Neutral
師兄	Shared/Neutral
個時	Shared/Neutral
係一	Shared/Neutral
已經有	Shared/Neutral
生存	Shared/Neutral
澳洲	Shared/Neutral
速度	Shared/Neutral
無限	Shared/Neutral
道歉	Shared/Neutral
意外	Shared/Neutral
暴動	Shared/Neutral
勢力	Shared/Neutral
訪問	Shared/Neutral
港島	Shared/Neutral
將會	Shared/Neutral
咪得	Shared/Neutral
後悔	Shared/Neutral
癡撚	Shared/Neutral
分分鐘	Shared/Neutral
我好	Shared/Neutral
聖誕	Shared/Neutral
擁有	Shared/Neutral
犯法	Shared/Neutral
老人	Shared/Neutral
不到	Shared/Neutral
還有	Shared/Neutral
你覺得	Shared/Neutral
我都係	Shared/Neutral
特首	Shared/Neutral
港鐵	Shared/Neutral
出事	Shared/Neutral
出到	Shared/Neutral
來的	Shared/Neutral
咪撚	Shared/Neutral
金融	Shared/Neutral
隊友	Shared/Neutral
打機	Shared/Neutral
維持	Shared/Neutral
要做	Shared/Neutral
保安	Shared/Neutral
接近	Shared/Neutral
邏輯	Shared/Neutral
法官	Shared/Neutral
減少	Shared/Neutral
有效	Shared/Neutral
愛國	Shared/Neutral
第一	Shared/Neutral
問我	Shared/Neutral
任務	Shared/Neutral
沙田	Shared/Neutral
觀眾	Shared/Neutral
階段	Shared/Neutral
紀錄	Shared/Neutral
數字	Shared/Neutral
否則	Shared/Neutral
好睇	Shared/Neutral
不得	Shared/Neutral
即時	Shared/Neutral
小姐	Shared/Neutral
大約	Shared/Neutral
我自己	Shared/Neutral
輕鬆	Shared/Neutral
範圍	Shared/Neutral
日本	Shared/Neutral
權力	Shared/Neutral
聽過	Shared/Neutral
決賽	Shared/Neutral
癡撚線	Shared/Neutral
建立	Shared/Neutral
獲得	Shared/Neutral
巴絲	Shared/Neutral
特登	Shared/Neutral
下面	Shared/Neutral
老細	Shared/Neutral
去年	Shared/Neutral
唱歌	Shared/Neutral
公民	Shared/Neutral
中大	Shared/Neutral
你又	Shared/Neutral
反而	Shared/Neutral
買到	Shared/Neutral
一刻	Shared/Neutral
近平	Shared/Neutral
姐係	Shared/Neutral
區議會	Shared/Neutral
一人	Shared/Neutral
瘋狂	Shared/Neutral
撚死	Shared/Neutral
地球	Shared/Neutral
上年	Shared/Neutral
光復	Shared/Neutral
的士	Shared/Neutral
奇怪	Shared/Neutral
衝突	Shared/Neutral
水平	Shared/Neutral
形容	Shared/Neutral
架車	Shared/Neutral
印象	Shared/Neutral
打飛機	Shared/Neutral
份工	Shared/Neutral
師傅	Shared/Neutral
路線	Shared/Neutral
邊到	Shared/Neutral
之下	Shared/Neutral
大家都	Shared/Neutral
防守	Shared/Neutral
想問	Shared/Neutral
大訴求	Shared/Neutral
聯絡	Shared/Neutral
有心	Shared/Neutral
開放	Shared/Neutral
理論	Shared/Neutral
適合	Shared/Neutral
但是	Shared/Neutral
職業	Shared/Neutral
只不過	Shared/Neutral
玻璃	Shared/Neutral
之類	Shared/Neutral
應該要	Shared/Neutral
應該會	Shared/Neutral
幸福	Shared/Neutral
大的	Shared/Neutral
得多	Shared/Neutral
照顧	Shared/Neutral
梗係	Shared/Neutral
支共	Shared/Neutral
升級	Shared/Neutral
加拿	Shared/Neutral
美斯	Shared/Neutral
每個	Shared/Neutral
傳統	Shared/Neutral
保險	Shared/Neutral
部門	Shared/Neutral
私人	Shared/Neutral
不足	Shared/Neutral
唯有	Shared/Neutral
返到	Shared/Neutral
地點	Shared/Neutral
柒頭	Shared/Neutral
又可以	Shared/Neutral
類似	Shared/Neutral
威脅	Shared/Neutral
以為自己	Shared/Neutral
魔法	Shared/Neutral
住個	Shared/Neutral
仔女	Shared/Neutral
一段	Shared/Neutral
叫做	Shared/Neutral
媽媽	Shared/Neutral
肺炎	Shared/Neutral
已經	Shared/Neutral
荃灣	Shared/Neutral
到時	Shared/Neutral
似乎	Shared/Neutral
出世	Shared/Neutral
官方	Shared/Neutral
西方	Shared/Neutral
十二	Shared/Neutral
幫我	Shared/Neutral
曼聯	Shared/Neutral
玩家	Shared/Neutral
隻手	Shared/Neutral
廣州	Shared/Neutral
會議	Shared/Neutral
文件	Shared/Neutral
而係	Shared/Neutral
大部份	Shared/Neutral
歌手	Shared/Neutral
人講	Shared/Neutral
配合	Shared/Neutral
娛樂	Shared/Neutral
奶共	Shared/Neutral
好彩	Shared/Neutral
直頭	Shared/Neutral
羅斯	Shared/Neutral
一張	Shared/Neutral
十分	Shared/Neutral
非法	Shared/Neutral
變得	Shared/Neutral
阻止	Shared/Neutral
後來	Shared/Neutral
加拿大	Shared/Neutral
星期六	Shared/Neutral
去睇	Shared/Neutral
其中一個	Shared/Neutral
解放	Shared/Neutral
高層	Shared/Neutral
淨係	Shared/Neutral
但我	Shared/Neutral
隻狗	Shared/Neutral
法案	Shared/Neutral
參考	Shared/Neutral
老公	Shared/Neutral
食物	Shared/Neutral
公務	Shared/Neutral
呢條	Shared/Neutral
屎忽	Shared/Neutral
萬元	Shared/Neutral
單車	Shared/Neutral
知識	Shared/Neutral
作品	Shared/Neutral
可能係	Shared/Neutral
居民	Shared/Neutral
政府	Shared/Neutral
夠膽	Shared/Neutral
東西	Shared/Neutral
正確	Shared/Neutral
職員	Shared/Neutral
怎麼	Shared/Neutral
戰線	Shared/Neutral
漫畫	Shared/Neutral
當年	Shared/Neutral
認識	Shared/Neutral
背景	Shared/Neutral
好易	Shared/Neutral
官員	Shared/Neutral
路人	Shared/Neutral
少女	Shared/Neutral
話自己	Shared/Neutral
首歌	Shared/Neutral
交易	Shared/Neutral
醫療	Shared/Neutral
香港的	Shared/Neutral
廣東話	Shared/Neutral
演員	Shared/Neutral
個女	Shared/Neutral
地位	Shared/Neutral
搞掂	Shared/Neutral
尋日	Shared/Neutral
期待	Shared/Neutral
當日	Shared/Neutral
質疑	Shared/Neutral
藍屍	Shared/Neutral
或者	Shared/Neutral
深圳	Shared/Neutral
動畫	Shared/Neutral
答案	Shared/Neutral
全面	Shared/Neutral
醫護	Shared/Neutral
只要	Shared/Neutral
支援	Shared/Neutral
講咩	Shared/Neutral
打手	Shared/Neutral
搵人	Shared/Neutral
資產	Shared/Neutral
個案	Shared/Neutral
樓豬	Shared/Neutral
挑戰	Shared/Neutral
最重要	Shared/Neutral
登記	Shared/Neutral
完美	Shared/Neutral
第一個	Shared/Neutral
產品	Shared/Neutral
返個	Shared/Neutral
當初	Shared/Neutral
更好	Shared/Neutral
溝通	Shared/Neutral
成績	Shared/Neutral
老味	Shared/Neutral
要有	Shared/Neutral
入場	Shared/Neutral
保障	Shared/Neutral
除了	Shared/Neutral
發出	Shared/Neutral
人有	Shared/Neutral
可是	Shared/Neutral
建築	Shared/Neutral
太陽	Shared/Neutral
英雄	Shared/Neutral
習近平	Shared/Neutral
美元	Shared/Neutral
司法	Shared/Neutral
全港	Shared/Neutral
忘記	Shared/Neutral
案件	Shared/Neutral
巖巖	Shared/Neutral
球會	Shared/Neutral
出名	Shared/Neutral
警隊	Shared/Neutral
一些	Shared/Neutral
點睇	Shared/Neutral
武力	Shared/Neutral
幾百	Shared/Neutral
理性	Shared/Neutral
風向	Shared/Neutral
將軍	Shared/Neutral
合法	Shared/Neutral
如果你	Shared/Neutral
報警	Shared/Neutral
雙方	Shared/Neutral
看著	Shared/Neutral
到而家	Shared/Neutral
分開	Shared/Neutral
所有人	Shared/Neutral
下來	Shared/Neutral
世紀	Shared/Neutral
做好	Shared/Neutral
出手	Shared/Neutral
經常	Shared/Neutral
點知	Shared/Neutral
覺得好	Shared/Neutral
公務員	Shared/Neutral
紅色	Shared/Neutral
自我	Shared/Neutral
快樂	Shared/Neutral
就好似	Shared/Neutral
到了	Shared/Neutral
果班	Shared/Neutral
第二	Shared/Neutral
做法	Shared/Neutral
幾乎	Shared/Neutral
無野	Shared/Neutral
兩邊	Shared/Neutral
打得	Shared/Neutral
拘捕	Shared/Neutral
一開	Shared/Neutral
平時	Shared/Neutral
民主派	Shared/Neutral
幫襯	Shared/Neutral
出口	Shared/Neutral
事務	Shared/Neutral
五大訴求	Shared/Neutral
基金	Shared/Neutral
藉口	Shared/Neutral
愛情	Shared/Neutral
反映	Shared/Neutral
戰術	Shared/Neutral
係想	Shared/Neutral
打完	Shared/Neutral
對住	Shared/Neutral
其他	Shared/Neutral
犧牲	Shared/Neutral
千萬	Shared/Neutral
爆發	Shared/Neutral
製作	Shared/Neutral
進攻	Shared/Neutral
依然	Shared/Neutral
已經好	Shared/Neutral
跟住	Shared/Neutral
期望	Shared/Neutral
口號	Shared/Neutral
對我	Shared/Neutral
無事	Shared/Neutral
黑色	Shared/Neutral
樓上	Shared/Neutral
睇你	Shared/Neutral
產生	Shared/Neutral
技能	Shared/Neutral
係大	Shared/Neutral
法治	Shared/Neutral
以來	Shared/Neutral
諗到	Shared/Neutral
落地	Shared/Neutral
隊長	Shared/Neutral
退休	Shared/Neutral
廣場	Shared/Neutral
全部都係	Shared/Neutral
電子	Shared/Neutral
入境	Shared/Neutral
股票	Shared/Neutral
去邊	Shared/Neutral
諗緊	Shared/Neutral
概念	Shared/Neutral
收工	Shared/Neutral
年紀	Shared/Neutral
實在	Shared/Neutral
中環	Shared/Neutral
受害	Shared/Neutral
宜家	Shared/Neutral
樓下	Shared/Neutral
相反	Shared/Neutral
工具	Shared/Neutral
定義	Shared/Neutral
欣賞	Shared/Neutral
打開	Shared/Neutral
執行	Shared/Neutral
女子	Shared/Neutral
頭髮	Shared/Neutral
多謝	Shared/Neutral
享受	Shared/Neutral
白色	Shared/Neutral
歧視	Shared/Neutral
最少	Shared/Neutral
全民	Shared/Neutral
發表	Shared/Neutral
對話	Shared/Neutral
搵個	Shared/Neutral
最緊要	Shared/Neutral
足夠	Shared/Neutral
連登	Shared/Neutral
超級	Shared/Neutral
可以用	Shared/Neutral
都不	Shared/Neutral
如果你	Shared/Neutral
一位	Shared/Neutral
明知	Shared/Neutral
避免	Shared/Neutral
新手	Shared/Neutral
共和	Shared/Neutral
買樓	Shared/Neutral
共同	Shared/Neutral
單野	Shared/Neutral
發言	Shared/Neutral
到個	Shared/Neutral
係會	Shared/Neutral
不滿	Shared/Neutral
因素	Shared/Neutral
之中	Shared/Neutral
舉行	Shared/Neutral
一班	Shared/Neutral
幻想	Shared/Neutral
平臺	Shared/Neutral
打壓	Shared/Neutral
男女	Shared/Neutral
真係會	Shared/Neutral
執法	Shared/Neutral
隊波	Shared/Neutral
樓價	Shared/Neutral
手段	Shared/Neutral
朝早	Shared/Neutral
要用	Shared/Neutral
海外	Shared/Neutral
下去	Shared/Neutral
出發	Shared/Neutral
望住	Shared/Neutral
老豆老母	Shared/Neutral
開花	Shared/Neutral
呼籲	Shared/Neutral
上次	Shared/Neutral
鬼佬	Shared/Neutral
然而	Shared/Neutral
有點	Shared/Neutral
撚曬	Shared/Neutral
求其	Shared/Neutral
擺明	Shared/Neutral
想做	Shared/Neutral
阿媽	Shared/Neutral
同一個	Shared/Neutral
主持	Shared/Neutral
盡量	Shared/Neutral
那個	Shared/Neutral
嘗試	Shared/Neutral
加坡	Shared/Neutral
部機	Shared/Neutral
但又	Shared/Neutral
模式	Shared/Neutral
鏡頭	Shared/Neutral
滿足	Shared/Neutral
人物	Shared/Neutral
俄羅斯	Shared/Neutral
發夢	Shared/Neutral
聽日	Shared/Neutral
回事	Shared/Neutral
班牙	Shared/Neutral
黑人	Shared/Neutral
建制派	Shared/Neutral
本人	Shared/Neutral
一時	Shared/Neutral
極權	Shared/Neutral
靚女	Shared/Neutral
系列	Shared/Neutral
一堆	Shared/Neutral
入波	Shared/Neutral
爸爸	Shared/Neutral
年後	Shared/Neutral
玩到	Shared/Neutral
其實係	Shared/Neutral
違反	Shared/Neutral
樣野	Shared/Neutral
學習	Shared/Neutral
生物	Shared/Neutral
團結	Shared/Neutral
高登	Shared/Neutral
排隊	Shared/Neutral
一份	Shared/Neutral
裡面	Shared/Neutral
權利	Shared/Neutral
引起	Shared/Neutral
年年	Shared/Neutral
痛苦	Shared/Neutral
比錢	Shared/Neutral
那些	Shared/Neutral
條片	Shared/Neutral
點做	Shared/Neutral
外交	Shared/Neutral
今晚	Shared/Neutral
裝備	Shared/Neutral
反送中	Shared/Neutral
傻仔	Shared/Neutral
的大	Shared/Neutral
選民	Shared/Neutral
協助	Shared/Neutral
第二個	Shared/Neutral
主場	Shared/Neutral
主任	Shared/Neutral
宗教	Shared/Neutral
措施	Shared/Neutral
假設	Shared/Neutral
真相	Shared/Neutral
先至	Shared/Neutral
真心	Shared/Neutral
灣區	Shared/Neutral
專家	Shared/Neutral
藝人	Shared/Neutral
有人	Shared/Neutral
暴徒	Shared/Neutral
睇返	Shared/Neutral
點算	Shared/Neutral
來自	Shared/Neutral
有咩分別	Shared/Neutral
想點	Shared/Neutral
都應該	Shared/Neutral
能量	Shared/Neutral
一國	Shared/Neutral
最尾	Shared/Neutral
心諗	Shared/Neutral
為何	Shared/Neutral
女神	Shared/Neutral
突破	Shared/Neutral
戰鬥	Shared/Neutral
馬路	Shared/Neutral
緊係	Shared/Neutral
地產	Shared/Neutral
民主黨	Shared/Neutral
相對	Shared/Neutral
銅鑼	Shared/Neutral
失望	Shared/Neutral
會好	Shared/Neutral
在這	Shared/Neutral
商業	Shared/Neutral
街坊	Shared/Neutral
裁判	Shared/Neutral
青年	Shared/Neutral
新界	Shared/Neutral
條仔	Shared/Neutral
過你	Shared/Neutral
龍門	Shared/Neutral
結束	Shared/Neutral
老實	Shared/Neutral
後備	Shared/Neutral
回憶	Shared/Neutral
協議	Shared/Neutral
星期日	Shared/Neutral
影相	Shared/Neutral
少年	Shared/Neutral
銅鑼灣	Shared/Neutral
呢句	Shared/Neutral
現代	Shared/Neutral
時今日	Shared/Neutral
直到	Shared/Neutral
反擊	Shared/Neutral
臺灣	Shared/Neutral
太大	Shared/Neutral
同你講	Shared/Neutral
要人	Shared/Neutral
琴晚	Shared/Neutral
提升	Shared/Neutral
出席	Shared/Neutral
評論	Shared/Neutral
亦有	Shared/Neutral
後果	Shared/Neutral
表演	Shared/Neutral
都只係	Shared/Neutral
東京	Shared/Neutral
睇住	Shared/Neutral
結局	Shared/Neutral
除非	Shared/Neutral
校長	Shared/Neutral
想講	Shared/Neutral
網民	Shared/Neutral
家長	Shared/Neutral
學院	Shared/Neutral
這麼	Shared/Neutral
係最	Shared/Neutral
到大	Shared/Neutral
多年	Shared/Neutral
連登仔	Shared/Neutral
正在	Shared/Neutral
係自己	Shared/Neutral
幾千	Shared/Neutral
點點	Shared/Neutral
皇馬	Shared/Neutral
感染	Shared/Neutral
下年	Shared/Neutral
黑社會	Shared/Neutral
南亞	Shared/Neutral
都未必	Shared/Neutral
名單	Shared/Neutral
支那	Shared/Neutral
花園	Shared/Neutral
公會	Shared/Neutral
大會	Shared/Neutral
正常	Shared/Neutral
兩三	Shared/Neutral
事實	Shared/Neutral
好人	Shared/Neutral
到人	Shared/Neutral
諗法	Shared/Neutral
並非	Shared/Neutral
課金	Shared/Neutral
係真	Shared/Neutral
得你	Shared/Neutral
連續	Shared/Neutral
原則	Shared/Neutral
回歸	Shared/Neutral
而是	Shared/Neutral
戶口	Shared/Neutral
可以做	Shared/Neutral
基本法	Shared/Neutral
得過	Shared/Neutral
勝利	Shared/Neutral
涉及	Shared/Neutral
食屎	Shared/Neutral
至於	Shared/Neutral
比例	Shared/Neutral
家姐	Shared/Neutral
並不	Shared/Neutral
各種	Shared/Neutral
觀塘	Shared/Neutral
鼓勵	Shared/Neutral
內部	Shared/Neutral
個個	Shared/Neutral
感謝	Shared/Neutral
理想	Shared/Neutral
主題	Shared/Neutral
呢場	Shared/Neutral
奧運	Shared/Neutral
呢班	Shared/Neutral
生產	Shared/Neutral
相當	Shared/Neutral
有少少	Shared/Neutral
有咩問題	Shared/Neutral
每年	Shared/Neutral
未能	Shared/Neutral
日後	Shared/Neutral
停止	Shared/Neutral
關於	Shared/Neutral
藝術	Shared/Neutral
你好	Shared/Neutral
全國	Shared/Neutral
球場	Shared/Neutral
體育	Shared/Neutral
姐姐	Shared/Neutral
演唱	Shared/Neutral
先再	Shared/Neutral
我不	Shared/Neutral
一件	Shared/Neutral
特區	Shared/Neutral
有一個	Shared/Neutral
賺錢	Shared/Neutral
可愛	Shared/Neutral
對抗	Shared/Neutral
賤種	Shared/Neutral
去過	Shared/Neutral
自私	Shared/Neutral
我們的	Shared/Neutral
今年	Shared/Neutral
民國	Shared/Neutral
一百	Shared/Neutral
雙手	Shared/Neutral
工會	Shared/Neutral
講得	Shared/Neutral
領導	Shared/Neutral
氣氛	Shared/Neutral
業主	Shared/Neutral
慶祝	Shared/Neutral
發揮	Shared/Neutral
我又	Shared/Neutral
掛住	Shared/Neutral
冷靜	Shared/Neutral
多幾	Shared/Neutral
旅遊	Shared/Neutral
心機	Shared/Neutral
玩法	Shared/Neutral
今季	Shared/Neutral
環保	Shared/Neutral
太子	Shared/Neutral
兩個月	Shared/Neutral
比人屌	Shared/Neutral
透露	Shared/Neutral
走到	Shared/Neutral
人會	Shared/Neutral
上面	Shared/Neutral
感動	Shared/Neutral
無用	Shared/Neutral
平衡	Shared/Neutral
世界盃	Shared/Neutral
二十	Shared/Neutral
點解會	Shared/Neutral
完全	Shared/Neutral
架喇	Shared/Neutral
做人	Shared/Neutral
有無人	Shared/Neutral
逃犯	Shared/Neutral
好多野	Shared/Neutral
黃絲	Shared/Neutral
臭閪	Shared/Neutral
老鼠	Shared/Neutral
強烈	Shared/Neutral
利亞	Shared/Neutral
女友	Shared/Neutral
細佬	Shared/Neutral
打擊	Shared/Neutral
三十	Shared/Neutral
正選	Shared/Neutral
放工	Shared/Neutral
年輕人	Shared/Neutral
關鍵	Shared/Neutral
部隊	Shared/Neutral
傻閪	Shared/Neutral
團體	Shared/Neutral
資金	Shared/Neutral
追求	Shared/Neutral
相處	Shared/Neutral
標題	Shared/Neutral
都好似	Shared/Neutral
平安	Shared/Neutral
層樓	Shared/Neutral
成年	Shared/Neutral
天下	Shared/Neutral
大聲	Shared/Neutral
熱門	Shared/Neutral
回到	Shared/Neutral
宇宙	Shared/Neutral
入球	Shared/Neutral
解放軍	Shared/Neutral
行業	Shared/Neutral
食完	Shared/Neutral
大波	Shared/Neutral
西班牙	Shared/Neutral
好正	Shared/Neutral
交流	Shared/Neutral
上水	Shared/Neutral
最新	Shared/Neutral
成長	Shared/Neutral
星期一	Shared/Neutral
最低	Shared/Neutral
車站	Shared/Neutral
因為我	Shared/Neutral
合約	Shared/Neutral
難以	Shared/Neutral
區議員	Shared/Neutral
到尾	Shared/Neutral
過來	Shared/Neutral
小說	Shared/Neutral
晚上	Shared/Neutral
孩子	Shared/Neutral
馬上	Shared/Neutral
手術	Shared/Neutral
尖沙	Shared/Neutral
中堅	Shared/Neutral
聯署	Shared/Neutral
一套	Shared/Neutral
襲擊	Shared/Neutral
教授	Shared/Neutral
到自己	Shared/Neutral
得起	Shared/Neutral
最佳	Shared/Neutral
生仔	Shared/Neutral
好笑	Shared/Neutral
做錯	Shared/Neutral
民陣	Shared/Neutral
經濟圈	Shared/Neutral
覺得	Shared/Neutral
程序	Shared/Neutral
蒙面	Shared/Neutral
就已經	Shared/Neutral
大廈	Shared/Neutral
信用	Shared/Neutral
上海	Shared/Neutral
高級	Shared/Neutral
搞笑	Shared/Neutral
母親	Shared/Neutral
得太	Shared/Neutral
病人	Shared/Neutral
強國	Shared/Neutral
團隊	Shared/Neutral
飲食	Shared/Neutral
禁止	Shared/Neutral
好撚	Shared/Neutral
當你	Shared/Neutral
事情	Shared/Neutral
早前	Shared/Neutral
推介	Shared/Neutral
成班	Shared/Neutral
有咩	Shared/Neutral
你估	Shared/Neutral
指定	Shared/Neutral
其實我	Shared/Neutral
例如	Shared/Neutral
天氣	Shared/Neutral
仲會	Shared/Neutral
怪得	Shared/Neutral
結果	Shared/Neutral
來越	Shared/Neutral
兩句	Shared/Neutral
珍惜	Shared/Neutral
等到	Shared/Neutral
下場	Shared/Neutral
睇嚇	Shared/Neutral
就夠	Shared/Neutral
少數	Shared/Neutral
他們的	Shared/Neutral
兩制	Shared/Neutral
進化	Shared/Neutral
上車	Shared/Neutral
文字	Shared/Neutral
兩人	Shared/Neutral
競爭	Shared/Neutral
之後就	Shared/Neutral
左邊	Shared/Neutral
大埔	Shared/Neutral
條路	Shared/Neutral
地上	Shared/Neutral
邊個	Shared/Neutral
樣衰	Shared/Neutral
估計	Shared/Neutral
觀察	Shared/Neutral
非洲	Shared/Neutral
呢套	Shared/Neutral
如果係	Shared/Neutral
錯誤	Shared/Neutral
越來越	Shared/Neutral
好彩	Shared/Neutral
作者	Shared/Neutral
後生仔	Shared/Neutral
呢樣野	Shared/Neutral
成熟	Shared/Neutral
一定有	Shared/Neutral
間公司	Shared/Neutral
支持	Shared/Neutral
好心	Shared/Neutral
民眾	Shared/Neutral
左手	Shared/Neutral
記憶	Shared/Neutral
我無	Shared/Neutral
考試	Shared/Neutral
規模	Shared/Neutral
警告	Shared/Neutral
金鐘	Shared/Neutral
公共	Shared/Neutral
尷尬	Shared/Neutral
至今	Shared/Neutral
規定	Shared/Neutral
自己人	Shared/Neutral
當局	Shared/Neutral
治療	Shared/Neutral
會點	Shared/Neutral
連儂	Shared/Neutral
你係咪	Shared/Neutral
一係	Shared/Neutral
爆炸	Shared/Neutral
空氣	Shared/Neutral
不用	Shared/Neutral
自信	Shared/Neutral
我已經	Shared/Neutral
眼前	Shared/Neutral
究竟	Shared/Neutral
修例	Shared/Neutral
判斷	Shared/Neutral
差佬	Shared/Neutral
可以係	Shared/Neutral
集合	Shared/Neutral
出場	Shared/Neutral
對象	Shared/Neutral
拎到	Shared/Neutral
我們	Shared/Neutral
百幾	Shared/Neutral
在香港	Shared/Neutral
動力	Shared/Neutral
帝國	Shared/Neutral
大灣區	Shared/Neutral
加強	Shared/Neutral
軍事	Shared/Neutral
邊隻	Shared/Neutral
得個	Shared/Neutral
事後	Shared/Neutral
果隻	Shared/Neutral
理大	Shared/Neutral
優勢	Shared/Neutral
東方	Shared/Neutral
巴塞	Shared/Neutral
明星	Shared/Neutral
核心	Shared/Neutral
次次	Shared/Neutral
想法	Shared/Neutral
講句	Shared/Neutral
提醒	Shared/Neutral
變化	Shared/Neutral
番工	Shared/Neutral
運作	Shared/Neutral
尋晚	Shared/Neutral
屋嶺	Shared/Neutral
國歌	Shared/Neutral
中立	Shared/Neutral
分裂	Shared/Neutral
來說	Shared/Neutral
日文	Shared/Neutral
有事	Shared/Neutral
無問題	Shared/Neutral
食過	Shared/Neutral
係屋企	Shared/Neutral
現金	Shared/Neutral
護照	Shared/Neutral
何況	Shared/Neutral
達到	Shared/Neutral
交代	Shared/Neutral
供應	Shared/Neutral
社區	Shared/Neutral
進一步	Shared/Neutral
大臺	Shared/Neutral
同個	Shared/Neutral
日常	Shared/Neutral
清潔	Shared/Neutral
每個人	Shared/Neutral
大型	Shared/Neutral
灣仔	Shared/Neutral
好多時	Shared/Neutral
得住	Shared/Neutral
預計	Shared/Neutral
通常	Shared/Neutral
點都	Shared/Neutral
催淚	Shared/Neutral
記錄	Shared/Neutral
藍店	Shared/Neutral
個班	Shared/Neutral
皮膚	Shared/Neutral
土地	Shared/Neutral
淨係識	Shared/Neutral
日報	Shared/Neutral
果種	Shared/Neutral
經理	Shared/Neutral
賽事	Shared/Neutral
取得	Shared/Neutral
表態	Shared/Neutral
凌晨	Shared/Neutral
會係	Shared/Neutral
埋去	Shared/Neutral
都有人	Shared/Neutral
先好	Shared/Neutral
區選	Shared/Neutral
想睇	Shared/Neutral
正義	Shared/Neutral
你去	Shared/Neutral
用咩	Shared/Neutral
項目	Shared/Neutral
到好	Shared/Neutral
比起	Shared/Neutral
美金	Shared/Neutral
麻麻	Shared/Neutral
文章	Shared/Neutral
大把人	Shared/Neutral
手指	Shared/Neutral
今場	Shared/Neutral
我自己	Shared/Neutral
承諾	Shared/Neutral
防暴	Shared/Neutral
講真	Shared/Neutral
組合	Shared/Neutral
公里	Shared/Neutral
特朗	Shared/Neutral
大陸	Shared/Neutral
符合	Shared/Neutral
以外	Shared/Neutral
用緊	Shared/Neutral
正面	Shared/Neutral
工人	Shared/Neutral
首先	Shared/Neutral
有多	Shared/Neutral
呢到	Shared/Neutral
親戚	Shared/Neutral
邊間	Shared/Neutral
屌人	Shared/Neutral
不多	Shared/Neutral
咩都	Shared/Neutral
中共	Shared/Neutral
真實	Shared/Neutral
表情	Shared/Neutral
演唱會	Shared/Neutral
日日	Shared/Neutral
私家	Shared/Neutral
吹奏	Shared/Neutral
我個	Shared/Neutral
黃金	Shared/Neutral
滿意	Shared/Neutral
文明	Shared/Neutral
兩個人	Shared/Neutral
請問	Shared/Neutral
到去	Shared/Neutral
大戰	Shared/Neutral
去到	Shared/Neutral
埋一齊	Shared/Neutral
認真	Shared/Neutral
泰國	Shared/Neutral
華為	Shared/Neutral
我哋	Shared/Neutral
統治	Shared/Neutral
打工	Shared/Neutral
學歷	Shared/Neutral
劇本	Shared/Neutral
敏感	Shared/Neutral
係咪要	Shared/Neutral
形象	Shared/Neutral
人同	Shared/Neutral
俾錢	Shared/Neutral
搵錢	Shared/Neutral
尖沙咀	Shared/Neutral
前鋒	Shared/Neutral
羅馬	Shared/Neutral
呼吸	Shared/Neutral
三年	Shared/Neutral
福利	Shared/Neutral
你睇	Shared/Neutral
上連登	Shared/Neutral
主線	Shared/Neutral
深水	Shared/Neutral
全力	Shared/Neutral
班友	Shared/Neutral
淘寶	Shared/Neutral
大利	Shared/Neutral
月娥	Shared/Neutral
大力	Shared/Neutral
策略	Shared/Neutral
係可以	Shared/Neutral
亦都	Shared/Neutral
接種	Shared/Neutral
檢查	Shared/Neutral
勇氣	Shared/Neutral
新加坡	Shared/Neutral
係日本	Shared/Neutral
特朗普	Shared/Neutral
一生	Shared/Neutral
都識	Shared/Neutral
依加	Shared/Neutral
真係無	Shared/Neutral
反正	Shared/Neutral
父親	Shared/Neutral
男友	Shared/Neutral
輸出	Shared/Neutral
呢類	Shared/Neutral
六四	Shared/Neutral
記得	Shared/Neutral
就去	Shared/Neutral
表面	Shared/Neutral
算係	Shared/Neutral
所以我	Shared/Neutral
法例	Shared/Neutral
都係要	Shared/Neutral
整體	Shared/Neutral
批鬥	Shared/Neutral
戴口罩	Shared/Neutral
幾錢	Shared/Neutral
內心	Shared/Neutral
新屋嶺	Shared/Neutral
一粒	Shared/Neutral
應該係	Shared/Neutral
分子	Shared/Neutral
放低	Shared/Neutral
子彈	Shared/Neutral
過我	Shared/Neutral
最近	Shared/Neutral
新疆	Shared/Neutral
地獄	Shared/Neutral
外國人	Shared/Neutral
版本	Shared/Neutral
話題	Shared/Neutral
上升	Shared/Neutral
水圍	Shared/Neutral
年齡	Shared/Neutral
社交	Shared/Neutral
選人	Shared/Neutral
妹妹	Shared/Neutral
兒子	Shared/Neutral
難度	Shared/Neutral
傾計	Shared/Neutral
軍隊	Shared/Neutral
自治	Shared/Neutral
個人	Shared/Neutral
去旅行	Shared/Neutral
打人	Shared/Neutral
救護	Shared/Neutral
地盤	Shared/Neutral
另一半	Shared/Neutral
都夠	Shared/Neutral
仆街	Shared/Neutral
開槍	Shared/Neutral
週年	Shared/Neutral
可憐	Shared/Neutral
呢件事	Shared/Neutral
好食	Shared/Neutral
係中國	Shared/Neutral
所以我	Shared/Neutral
修訂	Shared/Neutral
想買	Shared/Neutral
資本	Shared/Neutral
手上	Shared/Neutral
聯盟	Shared/Neutral
用到	Shared/Neutral
係邊	Shared/Neutral
都會有	Shared/Neutral
正正	Shared/Neutral
如果有	Shared/Neutral
最後一	Shared/Neutral
確定	Shared/Neutral
打針	Shared/Neutral
改革	Shared/Neutral
普通話	Shared/Neutral
手法	Shared/Neutral
轉移	Shared/Neutral
華人	Shared/Neutral
起碼	Shared/Neutral
張相	Shared/Neutral
基礎	Shared/Neutral
也有	Shared/Neutral
狀況	Shared/Neutral
普遍	Shared/Neutral
達通	Shared/Neutral
貢獻	Shared/Neutral
眼中	Shared/Neutral
確認	Shared/Neutral
危機	Shared/Neutral
同路人	Shared/Neutral
各自	Shared/Neutral
困難	Shared/Neutral
良心	Shared/Neutral
譴責	Shared/Neutral
遲早	Shared/Neutral
確保	Shared/Neutral
告訴	Shared/Neutral
複雜	Shared/Neutral
矛盾	Shared/Neutral
果邊	Shared/Neutral
第四	Shared/Neutral
將軍澳	Shared/Neutral
吹水	Shared/Neutral
比個	Shared/Neutral
回家	Shared/Neutral
昨日	Shared/Neutral
一聲	Shared/Neutral
價值觀	Shared/Neutral
局長	Shared/Neutral
食到	Shared/Neutral
都講	Shared/Neutral
眼鏡	Shared/Neutral
抗爭者	Shared/Neutral
大多數	Shared/Neutral
為止	Shared/Neutral
入口	Shared/Neutral
人人	Shared/Neutral
規則	Shared/Neutral
玩完	Shared/Neutral
毫無	Shared/Neutral
套戲	Shared/Neutral
一向	Shared/Neutral
衝擊	Shared/Neutral
少人	Shared/Neutral
公仔	Shared/Neutral
國會	Shared/Neutral
所有	Shared/Neutral
建議	Shared/Neutral
負皮	Shared/Neutral
犯罪	Shared/Neutral
贏到	Shared/Neutral
都係得	Shared/Neutral
港元	Shared/Neutral
試過	Shared/Neutral
取代	Shared/Neutral
好遠	Shared/Neutral
近年	Shared/Neutral
但你	Shared/Neutral
我有	Shared/Neutral
設定	Shared/Neutral
上一	Shared/Neutral
本港	Shared/Neutral
刑事	Shared/Neutral
成個	Shared/Neutral
話人	Shared/Neutral
幾年前	Shared/Neutral
禮物	Shared/Neutral
令我	Shared/Neutral
好驚	Shared/Neutral
深水埗	Shared/Neutral
守護	Shared/Neutral
無論	Shared/Neutral
事主	Shared/Neutral
調整	Shared/Neutral
係用	Shared/Neutral
落車	Shared/Neutral
抽到	Shared/Neutral
睇完	Shared/Neutral
居屋	Shared/Neutral
把聲	Shared/Neutral
架咩	Shared/Neutral
馬會	Shared/Neutral
終於	Shared/Neutral
放心	Shared/Neutral
主流	Shared/Neutral
牌子	Shared/Neutral
段時間	Shared/Neutral
護士	Shared/Neutral
航空	Shared/Neutral
新年	Shared/Neutral
好像	Shared/Neutral
兩場	Shared/Neutral
測試	Shared/Neutral
的地方	Shared/Neutral
死全家	Shared/Neutral
對你	Shared/Neutral
理據	Shared/Neutral
導演	Shared/Neutral
其後	Shared/Neutral
強制	Shared/Neutral
原諒	Shared/Neutral
推出	Shared/Neutral
地圖	Shared/Neutral
場場	Shared/Neutral
收錢	Shared/Neutral
眾籌	Shared/Neutral
大人	Shared/Neutral
哥哥	Shared/Neutral
身分	Shared/Neutral
共和國	Shared/Neutral
藍色	Shared/Neutral
你話	Shared/Neutral
咖啡	Shared/Neutral
就一定	Shared/Neutral
巴西	Shared/Neutral
確診	Shared/Neutral
主人	Shared/Neutral
維護	Shared/Neutral
盡快	Shared/Neutral
有份	Shared/Neutral
中美	Shared/Neutral
如果係	Shared/Neutral
基於	Shared/Neutral
光復香港	Shared/Neutral
記者會	Shared/Neutral
集結	Shared/Neutral
否認	Shared/Neutral
林鄭月娥	Shared/Neutral
臨時	Shared/Neutral
仙奴	Shared/Neutral
基本上	Shared/Neutral
形式	Shared/Neutral
知你	Shared/Neutral
一家	Shared/Neutral
傷心	Shared/Neutral
實驗	Shared/Neutral
方案	Shared/Neutral
思維	Shared/Neutral
證實	Shared/Neutral
呢排	Shared/Neutral
獨裁	Shared/Neutral
心中	Shared/Neutral
八達通	Shared/Neutral
有些	Shared/Neutral
信任	Shared/Neutral
停車	Shared/Neutral
大師	Shared/Neutral
後期	Shared/Neutral
基督	Shared/Neutral
花生	Shared/Neutral
國內	Shared/Neutral
完全無	Shared/Neutral
有可能	Shared/Neutral
好的	Shared/Neutral
禮貌	Shared/Neutral
不知道	Shared/Neutral
千幾	Shared/Neutral
建聯	Shared/Neutral
工業	Shared/Neutral
乘客	Shared/Neutral
打死	Shared/Neutral
是在	Shared/Neutral
上位	Shared/Neutral
對比	Shared/Neutral
並且	Shared/Neutral
封鎖	Shared/Neutral
都一樣	Shared/Neutral
功課	Shared/Neutral
創造	Shared/Neutral
黑暗	Shared/Neutral
一星期	Shared/Neutral
轉會	Shared/Neutral
一手	Shared/Neutral
問你	Shared/Neutral
一國兩制	Shared/Neutral
每次	Shared/Neutral
決心	Shared/Neutral
相同	Shared/Neutral
直至	Shared/Neutral
可以點	Shared/Neutral
是一個	Shared/Neutral
人大	Shared/Neutral
民建聯	Shared/Neutral
開頭	Shared/Neutral
損失	Shared/Neutral
住我	Shared/Neutral
你咪	Shared/Neutral
就走	Shared/Neutral
講完	Shared/Neutral
死者	Shared/Neutral
幫到	Shared/Neutral
才能	Shared/Neutral
他人	Shared/Neutral
發起	Shared/Neutral
紀念	Shared/Neutral
懲罰	Shared/Neutral
數量	Shared/Neutral
都比	Shared/Neutral
脾氣	Shared/Neutral
委會	Shared/Neutral
中資	Shared/Neutral
總之	Shared/Neutral
風格	Shared/Neutral
拍攝	Shared/Neutral
肌肉	Shared/Neutral
咩人	Shared/Neutral
物資	Shared/Neutral
黃色經濟圈	Shared/Neutral
失業	Shared/Neutral
逃犯條例	Shared/Neutral
種族	Shared/Neutral
意圖	Shared/Neutral
呢個世界	Shared/Neutral
達成	Shared/Neutral
刺激	Shared/Neutral
失蹤	Shared/Neutral
撚事	Shared/Neutral
皇帝	Shared/Neutral
越南	Shared/Neutral
一排	Shared/Neutral
大隻	Shared/Neutral
智慧	Shared/Neutral
都仲係	Shared/Neutral
等緊	Shared/Neutral
好想	Shared/Neutral
大個	Shared/Neutral
過到	Shared/Neutral
老實	Shared/Neutral
確實	Shared/Neutral
今時今日	Shared/Neutral
大眾	Shared/Neutral
因爲	Shared/Neutral
建設	Shared/Neutral
好勁	Shared/Neutral
說服	Shared/Neutral
係同	Shared/Neutral
億元	Shared/Neutral
房間	Shared/Neutral
公安	Shared/Neutral
平民	Shared/Neutral
維園	Shared/Neutral
把口	Shared/Neutral
係指	Shared/Neutral
推薦	Shared/Neutral
幾多人	Shared/Neutral
重視	Shared/Neutral
你要	Shared/Neutral
機械	Shared/Neutral
你做	Shared/Neutral
張圖	Shared/Neutral
老人家	Shared/Neutral
詳細	Shared/Neutral
睇下	Shared/Neutral
廚房	Shared/Neutral
積極	Shared/Neutral
網站	Shared/Neutral
購買	Shared/Neutral
個種	Shared/Neutral
頭先	Shared/Neutral
早餐	Shared/Neutral
想到	Shared/Neutral
排名	Shared/Neutral
順便	Shared/Neutral
條命	Shared/Neutral
仲話	Shared/Neutral
的問題	Shared/Neutral
出一	Shared/Neutral
乾淨	Shared/Neutral
各位	Shared/Neutral
美帝	Shared/Neutral
得罪	Shared/Neutral
影片	Shared/Neutral
搵食	Shared/Neutral
見你	Shared/Neutral
眼神	Shared/Neutral
聲稱	Shared/Neutral
下次	Shared/Neutral
恢復	Shared/Neutral
就應該	Shared/Neutral
到最後	Shared/Neutral
無可能	Shared/Neutral
大話	Shared/Neutral
市鎮	Shared/Neutral
有興趣	Shared/Neutral
出過	Shared/Neutral
全身	Shared/Neutral
國民黨	Shared/Neutral
在我	Shared/Neutral
一帶	Shared/Neutral
我就	Shared/Neutral
為什麼	Shared/Neutral
放假	Shared/Neutral
爭議	Shared/Neutral
肥仔	Shared/Neutral
係法國	Shared/Neutral
愛你	Shared/Neutral
日本人	Shared/Neutral
得一	Shared/Neutral
自身	Shared/Neutral
到底	Shared/Neutral
為主	Shared/Neutral
統一	Shared/Neutral
駕駛	Shared/Neutral
咩叫	Shared/Neutral
突發	Shared/Neutral
離婚	Shared/Neutral
勁過	Shared/Neutral
保證	Shared/Neutral
也沒有	Shared/Neutral
上街	Shared/Neutral
回答	Shared/Neutral
撚哂	Shared/Neutral
補充	Shared/Neutral
畢竟	Shared/Neutral
意大利	Shared/Neutral
野食	Shared/Neutral
公義	Shared/Neutral
要去	Shared/Neutral
解鎖	Shared/Neutral
各有	Shared/Neutral
充滿	Shared/Neutral
二手	Shared/Neutral
國家安全	Shared/Neutral
其餘	Shared/Neutral
達哥	Shared/Neutral
十八	Shared/Neutral
英國	Shared/Neutral
怎樣	Shared/Neutral
關稅	Shared/Neutral
報紙	Shared/Neutral
到依家	Shared/Neutral
警犬	Shared/Neutral
頂住	Shared/Neutral
自己一個	Shared/Neutral
這裡	Shared/Neutral
十萬	Shared/Neutral
運動員	Shared/Neutral
結論	Shared/Neutral
向前	Shared/Neutral
殖民	Shared/Neutral
設施	Shared/Neutral
總會	Shared/Neutral
行人	Shared/Neutral
天使	Shared/Neutral
條街	Shared/Neutral
加速	Shared/Neutral
參選	Shared/Neutral
意志	Shared/Neutral
前往	Shared/Neutral
條友	Shared/Neutral
我同	Shared/Neutral
星期五	Shared/Neutral
在場	Shared/Neutral
個波	Shared/Neutral
小學雞	Shared/Neutral
黑警	Shared/Neutral
個心	Shared/Neutral
不再	Shared/Neutral
個隻	Shared/Neutral
收埋	Shared/Neutral
實施	Shared/Neutral
大學生	Shared/Neutral
討論區	Shared/Neutral
回報	Shared/Neutral
公主	Shared/Neutral
高度	Shared/Neutral
個女仔	Shared/Neutral
留低	Shared/Neutral
西亞	Shared/Neutral
計算	Shared/Neutral
連儂牆	Shared/Neutral
我是	Shared/Neutral
人民幣	Shared/Neutral
北韓	Shared/Neutral
定係	Shared/Neutral
催淚彈	Shared/Neutral
曼城	Shared/Neutral
真人	Shared/Neutral
香港政府	Shared/Neutral
鐵路	Shared/Neutral
開波	Shared/Neutral
搞事	Shared/Neutral
似係	Shared/Neutral
偶像	Shared/Neutral
誇張	Shared/Neutral
極端	Shared/Neutral
提到	Shared/Neutral
圈子	Shared/Neutral
他說	Shared/Neutral
負面	Shared/Neutral
垃圾	Shared/Neutral
等人	Shared/Neutral
你估	Shared/Neutral
好明顯	Shared/Neutral
中國的	Shared/Neutral
安心	Shared/Neutral
班仆街	Shared/Neutral
推動	Shared/Neutral
升到	Shared/Neutral
識得	Shared/Neutral
仲以為	Shared/Neutral
返學	Shared/Neutral
好多人	Shared/Neutral
之餘	Shared/Neutral
幾隻	Shared/Neutral
政司	Shared/Neutral
黎明	Shared/Neutral
紀律	Shared/Neutral
清算	Shared/Neutral
俾人屌	Shared/Neutral
興奮	Shared/Neutral
外賣	Shared/Neutral
坐監	Shared/Neutral
主權	Shared/Neutral
開口	Shared/Neutral
主力	Shared/Neutral
保留	Shared/Neutral
面積	Shared/Neutral
人就	Shared/Neutral
到場	Shared/Neutral
警署	Shared/Neutral
靈魂	Shared/Neutral
睇得	Shared/Neutral
機制	Shared/Neutral
這樣的	Shared/Neutral
果然	Shared/Neutral
共識	Shared/Neutral
指揮	Shared/Neutral
民間	Shared/Neutral
自行	Shared/Neutral
特色	Shared/Neutral
好處	Shared/Neutral
落後	Shared/Neutral
形成	Shared/Neutral
高質	Shared/Neutral
我想	Shared/Neutral
其他國家	Shared/Neutral
居然	Shared/Neutral
教學	Shared/Neutral
恐懼	Shared/Neutral
講法	Shared/Neutral
係咪真係	Shared/Neutral
第一次	Shared/Neutral
公路	Shared/Neutral
歐盟	Shared/Neutral
緊急法	Shared/Neutral
禁區	Shared/Neutral
一次過	Shared/Neutral
增長	Shared/Neutral
大叫	Shared/Neutral
斯坦	Shared/Neutral
發動	Shared/Neutral
一致	Shared/Neutral
幾時	Shared/Neutral
實際上	Shared/Neutral
轉身	Shared/Neutral
一球	Shared/Neutral
眼睛	Shared/Neutral
需求	Shared/Neutral
祕密	Shared/Neutral
開到	Shared/Neutral
屋苑	Shared/Neutral
自爆	Shared/Neutral
而言	Shared/Neutral
我可以	Shared/Neutral
手足	Shared/Neutral
年的	Shared/Neutral
先叫	Shared/Neutral
底線	Shared/Neutral
最強	Shared/Neutral
都無用	Shared/Neutral
安慰	Shared/Neutral
材料	Shared/Neutral
任何人	Shared/Neutral
看見	Shared/Neutral
幫人	Shared/Neutral
瞓覺	Shared/Neutral
完場	Shared/Neutral
兒童	Shared/Neutral
物理	Shared/Neutral
個腦	Shared/Neutral
我講	Shared/Neutral
就係要	Shared/Neutral
對香港	Shared/Neutral
組成	Shared/Neutral
我去	Shared/Neutral
都仲有	Shared/Neutral
既然	Shared/Neutral
著數	Shared/Neutral
踢波	Shared/Neutral
有限公司	Shared/Neutral
玩具	Shared/Neutral
琴日	Shared/Neutral
以為	Shared/Neutral
不論	Shared/Neutral
人哋	Shared/Neutral
呢間	Shared/Neutral
反共	Shared/Neutral
屌柒	Shared/Neutral
發達	Shared/Neutral
係邊個	Shared/Neutral
課程	Shared/Neutral
大把	Shared/Neutral
根據	Shared/Neutral
應該有	Shared/Neutral
罪行	Shared/Neutral
出道	Shared/Neutral
撚住	Shared/Neutral
真係好難	Shared/Neutral
訊息	Shared/Neutral
好無	Shared/Neutral
隨便	Shared/Neutral
身家	Shared/Neutral
出賣	Shared/Neutral
一兩	Shared/Neutral
獅子	Shared/Neutral
天水圍	Shared/Neutral
教會	Shared/Neutral
見面	Shared/Neutral
帶來	Shared/Neutral
內的	Shared/Neutral
叫雞	Shared/Neutral
食野	Shared/Neutral
檢討	Shared/Neutral
大遊行	Shared/Neutral
社工	Shared/Neutral
仲要係	Shared/Neutral
提高	Shared/Neutral
女兒	Shared/Neutral
十一	Shared/Neutral
蘇聯	Shared/Neutral
我我	Shared/Neutral
對自己	Shared/Neutral
又真係	Shared/Neutral
完之後	Shared/Neutral
我也	Shared/Neutral
成世	Shared/Neutral
有能力	Shared/Neutral
引發	Shared/Neutral
點半	Shared/Neutral
四個	Shared/Neutral
是但	Shared/Neutral
而不	Shared/Neutral
好正常	Shared/Neutral
睇法	Shared/Neutral
地址	Shared/Neutral
我說	Shared/Neutral
個邊	Shared/Neutral
剛剛	Shared/Neutral
預期	Shared/Neutral
體力	Shared/Neutral
隧道	Shared/Neutral
代理	Shared/Neutral
上訴	Shared/Neutral
倫敦	Shared/Neutral
又想	Shared/Neutral
拍片	Shared/Neutral
奴隸	Shared/Neutral
落街	Shared/Neutral
發行	Shared/Neutral
成就	Shared/Neutral
男性	Shared/Neutral
班撚樣	Shared/Neutral
結構	Shared/Neutral
警暴	Shared/Neutral
表明	Shared/Neutral
統計	Shared/Neutral
校園	Shared/Neutral
撚屌	Shared/Neutral
出奇	Shared/Neutral
的小	Shared/Neutral
夢想	Shared/Neutral
無錢	Shared/Neutral
我知	Shared/Neutral
排除	Shared/Neutral
格蘭	Shared/Neutral
看來	Shared/Neutral
多少少	Shared/Neutral
二人	Shared/Neutral
負評	Shared/Neutral
塊面	Shared/Neutral
優先	Shared/Neutral
上年	Shared/Neutral
如果有	Shared/Neutral
別人	Shared/Neutral
忽然	Shared/Neutral
傳說	Shared/Neutral
天真	Shared/Neutral
會長	Shared/Neutral
宿舍	Shared/Neutral
時間	Shared/Neutral
包圍	Shared/Neutral
係幾	Shared/Neutral
作客	Shared/Neutral
準時	Shared/Neutral
粗口	Shared/Neutral
區域	Shared/Neutral
上身	Shared/Neutral
呢個問題	Shared/Neutral
辭職	Shared/Neutral
影響力	Shared/Neutral
採取	Shared/Neutral
意思係	Shared/Neutral
侮辱	Shared/Neutral
味道	Shared/Neutral
割蓆	Shared/Neutral
搞到	Shared/Neutral
抹黑	Shared/Neutral
又係	Shared/Neutral
揸車	Shared/Neutral
八婆	Shared/Neutral
學家	Shared/Neutral
上場	Shared/Neutral
澄清	Shared/Neutral
師父	Shared/Neutral
指數	Shared/Neutral
撚用	Shared/Neutral
外面	Shared/Neutral
綜合	Shared/Neutral
要打	Shared/Neutral
發聲	Shared/Neutral
都打	Shared/Neutral
煽動	Shared/Neutral
你條	Shared/Neutral
對付	Shared/Neutral
就用	Shared/Neutral
再加	Shared/Neutral
無視	Shared/Neutral
搭車	Shared/Neutral
球證	Shared/Neutral
出了	Shared/Neutral
細節	Shared/Neutral
命運	Shared/Neutral
每月	Shared/Neutral
有兩	Shared/Neutral
都用	Shared/Neutral
候選人	Shared/Neutral
近日	Shared/Neutral
基因	Shared/Neutral
網友	Shared/Neutral
得我	Shared/Neutral
高官	Shared/Neutral
所有野	Shared/Neutral
最撚	Shared/Neutral
談判	Shared/Neutral
無可	Shared/Neutral
阿仙奴	Shared/Neutral
講話	Shared/Neutral
睇落	Shared/Neutral
日前	Shared/Neutral
個場	Shared/Neutral
實現	Shared/Neutral
聰明	Shared/Neutral
諗起	Shared/Neutral
學識	Shared/Neutral
辦公	Shared/Neutral
查詢	Shared/Neutral
操作	Shared/Neutral
者的	Shared/Neutral
新人	Shared/Neutral
神經	Shared/Neutral
一萬	Shared/Neutral
私樓	Shared/Neutral
肥婆	Shared/Neutral
一陣	Shared/Neutral
信用卡	Shared/Neutral
想知	Shared/Neutral
夏天	Shared/Neutral
武肺	Shared/Neutral
翻譯	Shared/Neutral
輕輕	Shared/Neutral
搵我	Shared/Neutral
傳播	Shared/Neutral
首次	Shared/Neutral
這次	Shared/Neutral
一千	Shared/Neutral
就當	Shared/Neutral
協會	Shared/Neutral
我相信	Shared/Neutral
每天	Shared/Neutral
得幾	Shared/Neutral
輿論	Shared/Neutral
臭雞	Shared/Neutral
經營	Shared/Neutral
可以去	Shared/Neutral
的情況	Shared/Neutral
三罷	Shared/Neutral
註冊	Shared/Neutral
點先	Shared/Neutral
視線	Shared/Neutral
展開	Shared/Neutral
情報	Shared/Neutral
新移民	Shared/Neutral
最好	Shared/Neutral
回來	Shared/Neutral
高鐵	Shared/Neutral
中華民國	Shared/Neutral
邀請	Shared/Neutral
改名	Shared/Neutral
推翻	Shared/Neutral
碼頭	Shared/Neutral
這一	Shared/Neutral
窮人	Shared/Neutral
半個鐘	Shared/Neutral
捨得	Shared/Neutral
差不多	Shared/Neutral
代價	Shared/Neutral
來到	Shared/Neutral
右手	Shared/Neutral
並沒有	Shared/Neutral
就快	Shared/Neutral
關你	Shared/Neutral
仲有咩	Shared/Neutral
盡力	Shared/Neutral
伊朗	Shared/Neutral
會被	Shared/Neutral
家族	Shared/Neutral
實行	Shared/Neutral
覺醒	Shared/Neutral
物業	Shared/Neutral
體驗	Shared/Neutral
當選	Shared/Neutral
短期	Shared/Neutral
第一日	Shared/Neutral
都好過	Shared/Neutral
說明	Shared/Neutral
口氣	Shared/Neutral
聯辦	Shared/Neutral
由於	Shared/Neutral
提早	Shared/Neutral
公投	Shared/Neutral
已有	Shared/Neutral
好事	Shared/Neutral
條線	Shared/Neutral
檢測	Shared/Neutral
都係想	Shared/Neutral
搵返	Shared/Neutral
又指	Shared/Neutral
必然	Shared/Neutral
小組	Shared/Neutral
老實講	Shared/Neutral
係由	Shared/Neutral
佔領	Shared/Neutral
就想	Shared/Neutral
名字	Shared/Neutral
我一	Shared/Neutral
專登	Shared/Neutral
貿易戰	Shared/Neutral
希望大家	Shared/Neutral
千祈	Shared/Neutral
共匪	Shared/Neutral
站在	Shared/Neutral
有無人	Shared/Neutral
做生意	Shared/Neutral
春袋	Shared/Neutral
物浦	Shared/Neutral
保皇	Shared/Neutral
比狗	Shared/Neutral
始終	Shared/Neutral
街頭	Shared/Neutral
所以先	Shared/Neutral
歲的	Shared/Neutral
超越	Shared/Neutral
簡直	Shared/Neutral
市區	Shared/Neutral
回合	Shared/Neutral
最快	Shared/Neutral
其他野	Shared/Neutral
出生	Shared/Neutral
去買	Shared/Neutral
一直	Shared/Neutral
會覺得	Shared/Neutral
金錢	Shared/Neutral
到有	Shared/Neutral
全部	Shared/Neutral
留下	Shared/Neutral
臺灣人	Shared/Neutral
順利	Shared/Neutral
大過	Shared/Neutral
身為	Shared/Neutral
有人話	Shared/Neutral
出入	Shared/Neutral
跟進	Shared/Neutral
呢個係	Shared/Neutral
保釋	Shared/Neutral
就死	Shared/Neutral
我話	Shared/Neutral
事實上	Shared/Neutral
運輸	Shared/Neutral
夾硬	Shared/Neutral
邪惡	Shared/Neutral
無謂	Shared/Neutral
完整	Shared/Neutral
睇得出	Shared/Neutral
侵侵	Shared/Neutral
可能性	Shared/Neutral
營運	Shared/Neutral
粒鐘	Shared/Neutral
戰略	Shared/Neutral
特別係	Shared/Neutral
身份證	Shared/Neutral
瞓醒	Shared/Neutral
肉酸	Shared/Neutral
樓梯	Shared/Neutral
過份	Shared/Neutral
拎住	Shared/Neutral
家屬	Shared/Neutral
利申	Shared/Neutral
機率	Shared/Neutral
熱血	Shared/Neutral
用途	Shared/Neutral
前後	Shared/Neutral
你覺得	Shared/Neutral
追究	Shared/Neutral
因為你	Shared/Neutral
義工	Shared/Neutral
洗腦	Shared/Neutral
誤會	Shared/Neutral
見到有	Shared/Neutral
旁邊	Shared/Neutral
廢事	Shared/Neutral
親中	Shared/Neutral
到上	Shared/Neutral
隻腳	Shared/Neutral
沖涼	Shared/Neutral
會用	Shared/Neutral
說道	Shared/Neutral
你係	Shared/Neutral
加上	Shared/Neutral
抗議	Shared/Neutral
未知	Shared/Neutral
九成	Shared/Neutral
歐美	Shared/Neutral
變到	Shared/Neutral
博士	Shared/Neutral
篇文	Shared/Neutral
撲野	Shared/Neutral
粵語	Shared/Neutral
一野	Shared/Neutral
主要係	Shared/Neutral
暫時	Shared/Neutral
美心	Shared/Neutral
維修	Shared/Neutral
道路	Shared/Neutral
國家隊	Shared/Neutral
勁多	Shared/Neutral
但其實	Shared/Neutral
都無人	Shared/Neutral
火車	Shared/Neutral
五年	Shared/Neutral
顏色	Shared/Neutral
多多	Shared/Neutral
同香港	Shared/Neutral
客觀	Shared/Neutral
小弟	Shared/Neutral
強化	Shared/Neutral
心水	Shared/Neutral
咪算	Shared/Neutral
教師	Shared/Neutral
無力	Shared/Neutral
點幾	Shared/Neutral
涉嫌	Shared/Neutral
同其他	Shared/Neutral
早上	Shared/Neutral
要睇	Shared/Neutral
在於	Shared/Neutral
年青	Shared/Neutral
讓我	Shared/Neutral
綠色	Shared/Neutral
企圖	Shared/Neutral
中出	Shared/Neutral
人手	Shared/Neutral
衛生	Shared/Neutral
聯會	Shared/Neutral
開發	Shared/Neutral
救人	Shared/Neutral
足總	Shared/Neutral
行到	Shared/Neutral
第二次	Shared/Neutral
一係就	Shared/Neutral
你自己	Shared/Neutral
白癡	Shared/Neutral
得意	Shared/Neutral
加泰	Shared/Neutral
反感	Shared/Neutral
律政司	Shared/Neutral
承受	Shared/Neutral
去打	Shared/Neutral
耳機	Shared/Neutral
上帝	Shared/Neutral
適應	Shared/Neutral
傑志	Shared/Neutral
月尾	Shared/Neutral
講到	Shared/Neutral
雙重	Shared/Neutral
投入	Shared/Neutral
食得	Shared/Neutral
間屋	Shared/Neutral
炸彈	Shared/Neutral
言論自由	Shared/Neutral
反駁	Shared/Neutral
審查	Shared/Neutral
支付	Shared/Neutral
來愈	Shared/Neutral
屍體	Shared/Neutral
討厭	Shared/Neutral
新手	Shared/Neutral
是我	Shared/Neutral
價格	Shared/Neutral
用過	Shared/Neutral
做完	Shared/Neutral
好似好	Shared/Neutral
你老母	Shared/Neutral
一個鐘	Shared/Neutral
高過	Shared/Neutral
就叫	Shared/Neutral
幼稚	Shared/Neutral
人多	Shared/Neutral
節奏	Shared/Neutral
跳樓	Shared/Neutral
三個月	Shared/Neutral
攞到	Shared/Neutral
半大	Shared/Neutral
愈來愈	Shared/Neutral
即場	Shared/Neutral
女生	Shared/Neutral
我都會	Shared/Neutral
新鮮	Shared/Neutral
有的	Shared/Neutral
打下	Shared/Neutral
現象	Shared/Neutral
太平	Shared/Neutral
但你	Shared/Neutral
返香港	Shared/Neutral
軍師	Shared/Neutral
成件事	Shared/Neutral
額外	Shared/Neutral
練習	Shared/Neutral
天琦	Shared/Neutral
都出	Shared/Neutral
美股	Shared/Neutral
對待	Shared/Neutral
就開始	Shared/Neutral
讀者	Shared/Neutral
等我	Shared/Neutral
事業	Shared/Neutral
創作	Shared/Neutral
成交	Shared/Neutral
聲援	Shared/Neutral
過多	Shared/Neutral
了解	Shared/Neutral
臺北	Shared/Neutral
呢度	Shared/Neutral
都有得	Shared/Neutral
許多	Shared/Neutral
類型	Shared/Neutral
移動	Shared/Neutral
技巧	Shared/Neutral
對於	Shared/Neutral
你點	Shared/Neutral
找到	Shared/Neutral
記錯	Shared/Neutral
想去	Shared/Neutral
男人	Shared/Neutral
解散	Shared/Neutral
玩過	Shared/Neutral
上有	Shared/Neutral
位於	Shared/Neutral
資助	Shared/Neutral
自稱	Shared/Neutral
防疫	Shared/Neutral
行街	Shared/Neutral
位巴打	Shared/Neutral
粉紅	Shared/Neutral
本來	Shared/Neutral
一度	Shared/Neutral
清晰	Shared/Neutral
可能有	Shared/Neutral
上市	Shared/Neutral
包裝	Shared/Neutral
整合	Shared/Neutral
話說	Shared/Neutral
同自己	Shared/Neutral
呢兩	Shared/Neutral
房屋	Shared/Neutral
波臺	Shared/Neutral
納粹	Shared/Neutral
問題	Shared/Neutral
重點係	Shared/Neutral
好心	Shared/Neutral
為香港	Shared/Neutral
鋪頭	Shared/Neutral
專心	Shared/Neutral
再講	Shared/Neutral
手續	Shared/Neutral
長官	Shared/Neutral
好似有	Shared/Neutral
保守	Shared/Neutral
直接	Shared/Neutral
帶領	Shared/Neutral
阿狗	Shared/Neutral
剛才	Shared/Neutral
容許	Shared/Neutral
董事	Shared/Neutral
理念	Shared/Neutral
細個	Shared/Neutral
指示	Shared/Neutral
萬幾	Shared/Neutral
入侵	Shared/Neutral
你仲	Shared/Neutral
一日	Shared/Neutral
咪就係	Shared/Neutral
片段	Shared/Neutral
估到	Shared/Neutral
好奇	Shared/Neutral
極度	Shared/Neutral
不過我	Shared/Neutral
數學	Shared/Neutral
我見	Shared/Neutral
也會	Shared/Neutral
物品	Shared/Neutral
回復	Shared/Neutral
負擔	Shared/Neutral
受害者	Shared/Neutral
子女	Shared/Neutral
講明	Shared/Neutral
有個	Shared/Neutral
隨即	Shared/Neutral
人去	Shared/Neutral
男主	Shared/Neutral
光頭	Shared/Neutral
美軍	Shared/Neutral
憤怒	Shared/Neutral
埋單	Shared/Neutral
管治	Shared/Neutral
重複	Shared/Neutral
時代革命	Shared/Neutral
勉強	Shared/Neutral
西北	Shared/Neutral
裏面	Shared/Neutral
初選	Shared/Neutral
計埋	Shared/Neutral
接受到	Shared/Neutral
經典	Shared/Neutral
行政區	Shared/Neutral
同性	Shared/Neutral
一開始	Shared/Neutral
來源	Shared/Neutral
阻住	Shared/Neutral
廢柴	Shared/Neutral
組別	Shared/Neutral
後的	Shared/Neutral
雙眼	Shared/Neutral
令你	Shared/Neutral
裁判官	Shared/Neutral
無辜	Shared/Neutral
呢家	Shared/Neutral
特區政府	Shared/Neutral
滲透	Shared/Neutral
平等	Shared/Neutral
自己做	Shared/Neutral
不起	Shared/Neutral
要等	Shared/Neutral
上前	Shared/Neutral
又或者	Shared/Neutral
化妝	Shared/Neutral
遊客	Shared/Neutral
制服	Shared/Neutral
十個	Shared/Neutral
變相	Shared/Neutral
有一日	Shared/Neutral
返轉頭	Shared/Neutral
成日都	Shared/Neutral
聯合國	Shared/Neutral
領袖	Shared/Neutral
陣營	Shared/Neutral
幾句	Shared/Neutral
我睇	Shared/Neutral
啊啊	Shared/Neutral
廢話	Shared/Neutral
差好遠	Shared/Neutral
將於	Shared/Neutral
假如	Shared/Neutral
防止	Shared/Neutral
右邊	Shared/Neutral
領事	Shared/Neutral
以後	Shared/Neutral
發生咩事	Shared/Neutral
交換	Shared/Neutral
係人	Shared/Neutral
番去	Shared/Neutral
預測	Shared/Neutral
又話	Shared/Neutral
集體	Shared/Neutral
會否	Shared/Neutral
瞬間	Shared/Neutral
今朝	Shared/Neutral
捉到	Shared/Neutral
光環	Shared/Neutral
上司	Shared/Neutral
可惜	Shared/Neutral
太空	Shared/Neutral
你真係	Shared/Neutral
快速	Shared/Neutral
一樣野	Shared/Neutral
放在	Shared/Neutral
笑容	Shared/Neutral
不敢	Shared/Neutral
時刻	Shared/Neutral
未試過	Shared/Neutral
請問	Shared/Neutral
的事情	Shared/Neutral
核彈	Shared/Neutral
一隊	Shared/Neutral
回頭	Shared/Neutral
坐在	Shared/Neutral
我會	Shared/Neutral
混亂	Shared/Neutral
變態	Shared/Neutral
單身	Shared/Neutral
時空	Shared/Neutral
業務	Shared/Neutral
和你	Shared/Neutral
幾場	Shared/Neutral
不住	Shared/Neutral
根本係	Shared/Neutral
一晚	Shared/Neutral
色列	Shared/Neutral
不想	Shared/Neutral
號碼	Shared/Neutral
警務	Shared/Neutral
葡萄	Shared/Neutral
學者	Shared/Neutral
熟悉	Shared/Neutral
尼亞	Shared/Neutral
得番	Shared/Neutral
其實係	Shared/Neutral
阿叔	Shared/Neutral
政黨	Shared/Neutral
身材	Shared/Neutral
兩個	Shared/Neutral
出糧	Shared/Neutral
難民	Shared/Neutral
的聲音	Shared/Neutral
要你	Shared/Neutral
各地	Shared/Neutral
留返	Shared/Neutral
份子	Shared/Neutral
收集	Shared/Neutral
大細	Shared/Neutral
放過	Shared/Neutral
鎮壓	Shared/Neutral
屌打	Shared/Neutral
自己都	Shared/Neutral
語氣	Shared/Neutral
俾個	Shared/Neutral
就像	Shared/Neutral
擔任	Shared/Neutral
提名	Shared/Neutral
個星期	Shared/Neutral
把握	Shared/Neutral
開會	Shared/Neutral
歐霸	Shared/Neutral
召喚	Shared/Neutral
當我	Shared/Neutral
幾撚	Shared/Neutral
永久	Shared/Neutral
埋個	Shared/Neutral
武漢肺炎	Shared/Neutral
條撚樣	Shared/Neutral
多少	Shared/Neutral
家用	Shared/Neutral
前途	Shared/Neutral
他在	Shared/Neutral
小巴	Shared/Neutral
香港獨立	Shared/Neutral
下降	Shared/Neutral
缺點	Shared/Neutral
發言人	Shared/Neutral
工廠	Shared/Neutral
行過	Shared/Neutral
以往	Shared/Neutral
立法會議員	Shared/Neutral
羣眾	Shared/Neutral
寵物	Shared/Neutral
蛋糕	Shared/Neutral
不及	Shared/Neutral
是一	Shared/Neutral
但如果	Shared/Neutral
打仗	Shared/Neutral
智商	Shared/Neutral
青春	Shared/Neutral
依賴	Shared/Neutral
反彈	Shared/Neutral
大佬	Shared/Neutral
第二日	Shared/Neutral
先開始	Shared/Neutral
都好難	Shared/Neutral
的時間	Shared/Neutral
諗住	Shared/Neutral
批准	Shared/Neutral
但有	Shared/Neutral
大大聲	Shared/Neutral
影響到	Shared/Neutral
獨立調查	Shared/Neutral
沉默	Shared/Neutral
領隊	Shared/Neutral
天文	Shared/Neutral
而已	Shared/Neutral
口水	Shared/Neutral
長遠	Shared/Neutral
實體	Shared/Neutral
最緊要	Shared/Neutral
助攻	Shared/Neutral
但要	Shared/Neutral
準備好	Shared/Neutral
窮撚	Shared/Neutral
有大	Shared/Neutral
好感	Shared/Neutral
退出	Shared/Neutral
高達	Shared/Neutral
年度	Shared/Neutral
說法	Shared/Neutral
打電話	Shared/Neutral
首期	Shared/Neutral
我記得	Shared/Neutral
戰士	Shared/Neutral
大仙	Shared/Neutral
只係想	Shared/Neutral
圖片	Shared/Neutral
機票	Shared/Neutral
污糟	Shared/Neutral
遮打	Shared/Neutral
美國人	Shared/Neutral
每日	Shared/Neutral
一旦	Shared/Neutral
常識	Shared/Neutral
單純	Shared/Neutral
有需要	Shared/Neutral
就覺得	Shared/Neutral
送頭	Shared/Neutral
特殊	Shared/Neutral
每人	Shared/Neutral
錢買	Shared/Neutral
同班	Shared/Neutral
件衫	Shared/Neutral
好鍾意	Shared/Neutral
港府	Shared/Neutral
眾人	Shared/Neutral
跳舞	Shared/Neutral
精英	Shared/Neutral
果度	Shared/Neutral
實質	Shared/Neutral
議題	Shared/Neutral
學人	Shared/Neutral
絕望	Shared/Neutral
爺爺	Shared/Neutral
你一	Shared/Neutral
好辛苦	Shared/Neutral
間房	Shared/Neutral
個閪	Shared/Neutral
呢隻	Shared/Neutral
貨幣	Shared/Neutral
仇恨	Shared/Neutral
展示	Shared/Neutral
天生	Shared/Neutral
由頭	Shared/Neutral
利物浦	Shared/Neutral
了一個	Shared/Neutral
耶穌	Shared/Neutral
部署	Shared/Neutral
隻貓	Shared/Neutral
女孩	Shared/Neutral
樣子	Shared/Neutral
元素	Shared/Neutral
物質	Shared/Neutral
流行	Shared/Neutral
兒登	Shared/Neutral
等待	Shared/Neutral
問題係	Shared/Neutral
再用	Shared/Neutral
帶風向	Shared/Neutral
出曬	Shared/Neutral
比人拉	Shared/Neutral
中聯辦	Shared/Neutral
通知書	Shared/Neutral
個價	Shared/Neutral
情侶	Shared/Neutral
好高	Shared/Neutral
騎士	Shared/Neutral
都係用	Shared/Neutral
十幾年	Shared/Neutral
我估	Shared/Neutral
中年	Shared/Neutral
大樓	Shared/Neutral
感受到	Shared/Neutral
被迫	Shared/Neutral
影到	Shared/Neutral
等你	Shared/Neutral
中醫	Shared/Neutral
眼淚	Shared/Neutral
破產	Shared/Neutral
家陣	Shared/Neutral
戲院	Shared/Neutral
復活	Shared/Neutral
偉大	Shared/Neutral
尋日	Shared/Neutral
圖書	Shared/Neutral
樓市	Shared/Neutral
恭喜	Shared/Neutral
場波	Shared/Neutral
三分	Shared/Neutral
香港有	Shared/Neutral
當時	Shared/Neutral
撚日	Shared/Neutral
十字	Shared/Neutral
參賽	Shared/Neutral
開門	Shared/Neutral
主張	Shared/Neutral
委任	Shared/Neutral
新的	Shared/Neutral
時機	Shared/Neutral
其他地方	Shared/Neutral
幾十年	Shared/Neutral
癡撚線	Shared/Neutral
話有	Shared/Neutral
本書	Shared/Neutral
微博	Shared/Neutral
本土派	Shared/Neutral
強大	Shared/Neutral
再去	Shared/Neutral
十五	Shared/Neutral
清醒	Shared/Neutral
林鄭	Shared/Neutral
幾萬	Shared/Neutral
行去	Shared/Neutral
一天	Shared/Neutral
指控	Shared/Neutral
謀殺	Shared/Neutral
撞到	Shared/Neutral
同情	Shared/Neutral
廢青	Shared/Neutral
應對	Shared/Neutral
平日	Shared/Neutral
走得	Shared/Neutral
明日	Shared/Neutral
我對	Shared/Neutral
無奈	Shared/Neutral
月中	Shared/Neutral
提及	Shared/Neutral
處於	Shared/Neutral
照片	Shared/Neutral
我搵	Shared/Neutral
兩名	Shared/Neutral
小隊	Shared/Neutral
晚晚	Shared/Neutral
見識	Shared/Neutral
未見過	Shared/Neutral
暗示	Shared/Neutral
祖國	Shared/Neutral
係講	Shared/Neutral
視為	Shared/Neutral
推到	Shared/Neutral
蒙面法	Shared/Neutral
自己有	Shared/Neutral
呢段	Shared/Neutral
世界上	Shared/Neutral
一睇	Shared/Neutral
列車	Shared/Neutral
你可以	Shared/Neutral
你都係	Shared/Neutral
雙普選	Shared/Neutral
重建	Shared/Neutral
精靈	Shared/Neutral
明天	Shared/Neutral
我在	Shared/Neutral
真係幾	Shared/Neutral
投降	Shared/Neutral
百萬人	Shared/Neutral
好重要	Shared/Neutral
仲想	Shared/Neutral
國旗	Shared/Neutral
香港警察	Shared/Neutral
屠殺	Shared/Neutral
見人	Shared/Neutral
克蘭	Shared/Neutral
但其實	Shared/Neutral
先出	Shared/Neutral
根本就係	Shared/Neutral
撤回	Shared/Neutral
一面	Shared/Neutral
規劃	Shared/Neutral
條數	Shared/Neutral
給我	Shared/Neutral
承擔	Shared/Neutral
打緊	Shared/Neutral
良好	Shared/Neutral
又多	Shared/Neutral
程式	Shared/Neutral
輸入	Shared/Neutral
中方	Shared/Neutral
正常人	Shared/Neutral
並無	Shared/Neutral
違法	Shared/Neutral
明點解	Shared/Neutral
巨人	Shared/Neutral
合格	Shared/Neutral
偏偏	Shared/Neutral
基地	Shared/Neutral
徹底	Shared/Neutral
惡法	Shared/Neutral
學術	Shared/Neutral
故仔	Shared/Neutral
釋放	Shared/Neutral
去食	Shared/Neutral
每一個	Shared/Neutral
來了	Shared/Neutral
武裝	Shared/Neutral
議席	Shared/Neutral
行政長官	Shared/Neutral
纔是	Shared/Neutral
未夠	Shared/Neutral
傾向	Shared/Neutral
中產	Shared/Neutral
有排	Shared/Neutral
過人	Shared/Neutral
地面	Shared/Neutral
睇波	Shared/Neutral
第三	Shared/Neutral
掌握	Shared/Neutral
人民共和國	Shared/Neutral
抑鬱	Shared/Neutral
恥笑	Shared/Neutral
錄音	Shared/Neutral
自已	Shared/Neutral
謝謝	Shared/Neutral
看看	Shared/Neutral
教訓	Shared/Neutral
撚狗	Shared/Neutral
秩序	Shared/Neutral
收費	Shared/Neutral
吹到	Shared/Neutral
是不	Shared/Neutral
樓豬	Shared/Neutral
我知	Shared/Neutral
戰場	Shared/Neutral
殺死	Shared/Neutral
放鬆	Shared/Neutral
成人	Shared/Neutral
根本無	Shared/Neutral
印尼	Shared/Neutral
就打	Shared/Neutral
隨著	Shared/Neutral
但如果	Shared/Neutral
地說	Shared/Neutral
是因為	Shared/Neutral
性的	Shared/Neutral
勞工	Shared/Neutral
福建	Shared/Neutral
聯邦	Shared/Neutral
我估	Shared/Neutral
不在	Shared/Neutral
早已	Shared/Neutral
後防	Shared/Neutral
遊說	Shared/Neutral
住先	Shared/Neutral
不安	Shared/Neutral
兩位	Shared/Neutral
管局	Shared/Neutral
假期	Shared/Neutral
不明	Shared/Neutral
再有	Shared/Neutral
往往	Shared/Neutral
自己個	Shared/Neutral
荷蘭	Shared/Neutral
後者	Shared/Neutral
走人	Shared/Neutral
三四	Shared/Neutral
一把	Shared/Neutral
放下	Shared/Neutral
真係可以	Shared/Neutral
股市	Shared/Neutral
領域	Shared/Neutral
場運動	Shared/Neutral
無聊	Shared/Neutral
暫停	Shared/Neutral
圍爐	Shared/Neutral
一片	Shared/Neutral
化學	Shared/Neutral
刻意	Shared/Neutral
拜登	Shared/Neutral
高手	Shared/Neutral
規矩	Shared/Neutral
與其	Shared/Neutral
中學生	Shared/Neutral
冬天	Shared/Neutral
形勢	Shared/Neutral
一對	Shared/Neutral
小事	Shared/Neutral
由細	Shared/Neutral
穩陣	Shared/Neutral
豬肉	Shared/Neutral
崩潰	Shared/Neutral
亦係	Shared/Neutral
笑話	Shared/Neutral
亦會	Shared/Neutral
又得	Shared/Neutral
做埋	Shared/Neutral
一早	Shared/Neutral
已經夠	Shared/Neutral
每個月	Shared/Neutral
被控	Shared/Neutral
有所	Shared/Neutral
未到	Shared/Neutral
機關	Shared/Neutral
終極	Shared/Neutral
成隊	Shared/Neutral
屋企	Shared/Neutral
打個	Shared/Neutral
精神病	Shared/Neutral
植物	Shared/Neutral
士氣	Shared/Neutral
萬一	Shared/Neutral
你係咪	Shared/Neutral
大家都係	Shared/Neutral
覺得係	Shared/Neutral
上述	Shared/Neutral
監察	Shared/Neutral
狙擊	Shared/Neutral
海洋	Shared/Neutral
知道自己	Shared/Neutral
睇緊	Shared/Neutral
億美元	Shared/Neutral
普巴	Shared/Neutral
日期	Shared/Neutral
你無	Shared/Neutral
產業	Shared/Neutral
呢班人	Shared/Neutral
跟本	Shared/Neutral
停車場	Shared/Neutral
遺憾	Shared/Neutral
去日本	Shared/Neutral
問道	Shared/Neutral
住你	Shared/Neutral
同大	Shared/Neutral
睇戲	Shared/Neutral
外資	Shared/Neutral
財政	Shared/Neutral
狗屋	Shared/Neutral
假膠	Shared/Neutral
真係好	Shared/Neutral
出的	Shared/Neutral
得一個	Shared/Neutral
捉鬼	Shared/Neutral
條女	Shared/Neutral
反省	Shared/Neutral
個幾	Shared/Neutral
公道	Shared/Neutral
就收	Shared/Neutral
靜靜	Shared/Neutral
走向	Shared/Neutral
今集	Shared/Neutral
猶太	Shared/Neutral
深入	Shared/Neutral
命令	Shared/Neutral
行得	Shared/Neutral
作為	Shared/Neutral
睇到	Shared/Neutral
支持者	Shared/Neutral
撚完	Shared/Neutral
哲學	Shared/Neutral
同意	Shared/Neutral
果日	Shared/Neutral
居住	Shared/Neutral
的我	Shared/Neutral
各有各	Shared/Neutral
不反對	Shared/Neutral
可以有	Shared/Neutral
本報	Shared/Neutral
或許	Shared/Neutral
兩條	Shared/Neutral
時事	Shared/Neutral
行山	Shared/Neutral
激動	Shared/Neutral
打過	Shared/Neutral
上臺	Shared/Neutral
有咩用	Shared/Neutral
有人會	Shared/Neutral
天堂	Shared/Neutral
應付	Shared/Neutral
有利	Shared/Neutral
好野	Shared/Neutral
用於	Shared/Neutral
當係	Shared/Neutral
消耗	Shared/Neutral
還要	Shared/Neutral
手腳	Shared/Neutral
故意	Shared/Neutral
信息	Shared/Neutral
歌詞	Shared/Neutral
根廷	Shared/Neutral
可行	Shared/Neutral
定點	Shared/Neutral
一段時間	Shared/Neutral
理你	Shared/Neutral
是個	Shared/Neutral
人格	Shared/Neutral
透明	Shared/Neutral
兩者	Shared/Neutral
幾個鐘	Shared/Neutral
婆婆	Shared/Neutral
我用	Shared/Neutral
過後	Shared/Neutral
不時	Shared/Neutral
定期	Shared/Neutral
總部	Shared/Neutral
拉人	Shared/Neutral
三日	Shared/Neutral
上限	Shared/Neutral
國際戰線	Shared/Neutral
不見	Shared/Neutral
簽名	Shared/Neutral
自從	Shared/Neutral
廢物	Shared/Neutral
給予	Shared/Neutral
跌到	Shared/Neutral
以為係	Shared/Neutral
立刻	Shared/Neutral
持有	Shared/Neutral
光明	Shared/Neutral
睇醫生	Shared/Neutral
出路	Shared/Neutral
同行	Shared/Neutral
頂到	Shared/Neutral
做返	Shared/Neutral
微笑	Shared/Neutral
點都要	Shared/Neutral
全部都	Shared/Neutral
條款	Shared/Neutral
好慘	Shared/Neutral
攝影	Shared/Neutral
體能	Shared/Neutral
天橋	Shared/Neutral
偷偷	Shared/Neutral
論壇	Shared/Neutral
全場	Shared/Neutral
水準	Shared/Neutral
女人	Shared/Neutral
創意	Shared/Neutral
模型	Shared/Neutral
同人講	Shared/Neutral
搵你	Shared/Neutral
撚過	Shared/Neutral
時段	Shared/Neutral
突然	Shared/Neutral
體制	Shared/Neutral
來講	Shared/Neutral
的感覺	Shared/Neutral
評價	Shared/Neutral
她們	Shared/Neutral
底下	Shared/Neutral
買個	Shared/Neutral
無野講	Shared/Neutral
補習	Shared/Neutral
落實	Shared/Neutral
癡線佬	Shared/Neutral
恐嚇	Shared/Neutral
表白	Shared/Neutral
攻略	Shared/Neutral
監禁	Shared/Neutral
第時	Shared/Neutral
好大機會	Shared/Neutral
以色列	Shared/Neutral
圖書館	Shared/Neutral
幫忙	Shared/Neutral
感覺	Shared/Neutral
出版	Shared/Neutral
智障	Shared/Neutral
阿婆	Shared/Neutral
我都想	Shared/Neutral
商家	Shared/Neutral
可見	Shared/Neutral
有權	Shared/Neutral
睇埋	Shared/Neutral
私了	Shared/Neutral
電臺	Shared/Neutral
差距	Shared/Neutral
我先	Shared/Neutral
主導	Shared/Neutral
上堂	Shared/Neutral
一出	Shared/Neutral
人在	Shared/Neutral
控方	Shared/Neutral
馬來	Shared/Neutral
又叫	Shared/Neutral
我見	Shared/Neutral
兩張	Shared/Neutral
神祕	Shared/Neutral
巴黎	Shared/Neutral
好撚多	Shared/Neutral
比利	Shared/Neutral
下手	Shared/Neutral
原本	Shared/Neutral
疑似	Shared/Neutral
財產	Shared/Neutral
全日	Shared/Neutral
近期	Shared/Neutral
但無	Shared/Neutral
港澳	Shared/Neutral
很快	Shared/Neutral
撚個	Shared/Neutral
目光	Shared/Neutral
踢得	Shared/Neutral
循環	Shared/Neutral
無數	Shared/Neutral
地鐵站	Shared/Neutral
好開心	Shared/Neutral
落場	Shared/Neutral
普通人	Shared/Neutral
含撚	Shared/Neutral
人道	Shared/Neutral
饅頭	Shared/Neutral
效力	Shared/Neutral
分數	Shared/Neutral
舉辦	Shared/Neutral
採訪	Shared/Neutral
做雞	Shared/Neutral
上門	Shared/Neutral
觀點	Shared/Neutral
會在	Shared/Neutral
一定要	Shared/Neutral
明確	Shared/Neutral
婚姻	Shared/Neutral
黃藍	Shared/Neutral
出身	Shared/Neutral
各國	Shared/Neutral
繼續	Shared/Neutral
一味	Shared/Neutral
一支	Shared/Neutral
烏克蘭	Shared/Neutral
套野	Shared/Neutral
熱線	Shared/Neutral
仲有好多	Shared/Neutral
也許	Shared/Neutral
劇透	Shared/Neutral
篤灰	Shared/Neutral
牙朗	Shared/Neutral
舞臺	Shared/Neutral
就係因為	Shared/Neutral
諮詢	Shared/Neutral
柒柒	Shared/Neutral
姐係	Shared/Neutral
傷口	Shared/Neutral
精彩	Shared/Neutral
傷者	Shared/Neutral
青衣	Shared/Neutral
階級	Shared/Neutral
檢控	Shared/Neutral
蒙古	Shared/Neutral
如今	Shared/Neutral
為自己	Shared/Neutral
港超	Shared/Neutral
代替	Shared/Neutral
但他	Shared/Neutral
幹預	Shared/Neutral
重覆	Shared/Neutral
中午	Shared/Neutral
果句	Shared/Neutral
嚇到	Shared/Neutral
防線	Shared/Neutral
返大陸	Shared/Neutral
定位	Shared/Neutral
家中	Shared/Neutral
心臟	Shared/Neutral
陌生	Shared/Neutral
出軌	Shared/Neutral
租金	Shared/Neutral
有錢	Shared/Neutral
細胞	Shared/Neutral
水貨	Shared/Neutral
描述	Shared/Neutral
客人	Shared/Neutral
實彈	Shared/Neutral
畀你	Shared/Neutral
同時	Shared/Neutral
難得	Shared/Neutral
係兩	Shared/Neutral
衝動	Shared/Neutral
擴大	Shared/Neutral
無關	Shared/Neutral
之處	Shared/Neutral
大媽	Shared/Neutral
品牌	Shared/Neutral
捐錢	Shared/Neutral
炒車	Shared/Neutral
流動	Shared/Neutral
要搵	Shared/Neutral
上了	Shared/Neutral
溫柔	Shared/Neutral
立會	Shared/Neutral
的手	Shared/Neutral
整到	Shared/Neutral
早就	Shared/Neutral
都沒有	Shared/Neutral
有新	Shared/Neutral
缺乏	Shared/Neutral
心裡	Shared/Neutral
親自	Shared/Neutral
心口	Shared/Neutral
著我	Shared/Neutral
熱刺	Shared/Neutral
幾歲	Shared/Neutral
想起	Shared/Neutral
落到	Shared/Neutral
原來係	Shared/Neutral
主教	Shared/Neutral
我都有	Shared/Neutral
祕書	Shared/Neutral
所講	Shared/Neutral
星火	Shared/Neutral
屬性	Shared/Neutral
卻是	Shared/Neutral
臥底	Shared/Neutral
防中	Shared/Neutral
好靚	Shared/Neutral
固定	Shared/Neutral
脫離	Shared/Neutral
消滅	Shared/Neutral
啪啪	Shared/Neutral
包皮	Shared/Neutral
我知道	Shared/Neutral
外圍	Shared/Neutral
咪一樣	Shared/Neutral
真係想	Shared/Neutral
長時間	Shared/Neutral
角球	Shared/Neutral
街市	Shared/Neutral
便衣	Shared/Neutral
我相信	Shared/Neutral
外國勢力	Shared/Neutral
已經可以	Shared/Neutral
修改	Shared/Neutral
長者	Shared/Neutral
放大	Shared/Neutral
良知	Shared/Neutral
美麗	Shared/Neutral
西甲	Shared/Neutral
開支	Shared/Neutral
屌到	Shared/Neutral
警方	Shared/Neutral
負責任	Shared/Neutral
頭盔	Shared/Neutral
有野	Shared/Neutral
對中國	Shared/Neutral
尋找	Shared/Neutral
直情	Shared/Neutral
外人	Shared/Neutral
變返	Shared/Neutral
玩得	Shared/Neutral
我仲	Shared/Neutral
係時候	Shared/Neutral
同佳	Shared/Neutral
更多人	Shared/Neutral
多一	Shared/Neutral
個別	Shared/Neutral
周街	Shared/Neutral
發明	Shared/Neutral
領先	Shared/Neutral
的那	Shared/Neutral
難道	Shared/Neutral
正評	Shared/Neutral
廿年	Shared/Neutral
集中營	Shared/Neutral
另一邊	Shared/Neutral
南韓	Shared/Neutral
難過	Shared/Neutral
用返	Shared/Neutral
危害	Shared/Neutral
南海	Shared/Neutral
的香港	Shared/Neutral
證明	Shared/Neutral
評分	Shared/Neutral
保養	Shared/Neutral
埋你	Shared/Neutral
實用	Shared/Neutral
老屎忽	Shared/Neutral
正如	Shared/Neutral
伊斯	Shared/Neutral
外界	Shared/Neutral
琴晚	Shared/Neutral
應承	Shared/Neutral
公廁	Shared/Neutral
出動	Shared/Neutral
真普選	Shared/Neutral
傳染	Shared/Neutral
堅定	Shared/Neutral
逐漸	Shared/Neutral
長命	Shared/Neutral
聯合聲明	Shared/Neutral
彷彿	Shared/Neutral
費用	Shared/Neutral
理論上	Shared/Neutral
水晶	Shared/Neutral
即使	Shared/Neutral
分散	Shared/Neutral
信念	Shared/Neutral
一齊	Shared/Neutral
不可能	Shared/Neutral
嚴格	Shared/Neutral
答你	Shared/Neutral
過往	Shared/Neutral
相比	Shared/Neutral
粉絲	Shared/Neutral
五十	Shared/Neutral
你同	Shared/Neutral
都做	Shared/Neutral
搞得	Shared/Neutral
試嚇	Shared/Neutral
不同的	Shared/Neutral
客戶	Shared/Neutral
來港	Shared/Neutral
不好	Shared/Neutral
買過	Shared/Neutral
令自己	Shared/Neutral
海關	Shared/Neutral
石頭	Shared/Neutral
重大	Shared/Neutral
污染	Shared/Neutral
人權法	Shared/Neutral
癡線	Shared/Neutral
視乎	Shared/Neutral
廢中	Shared/Neutral
又要	Shared/Neutral
露出	Shared/Neutral
抽中	Shared/Neutral
按揭	Shared/Neutral
無知	Shared/Neutral
進度	Shared/Neutral
都照	Shared/Neutral
來回	Shared/Neutral
地震	Shared/Neutral
無曬	Shared/Neutral
降低	Shared/Neutral
就連	Shared/Neutral
害怕	Shared/Neutral
而家係	Shared/Neutral
成日話	Shared/Neutral
祝福	Shared/Neutral
依個	Shared/Neutral
大幅	Shared/Neutral
買野	Shared/Neutral
不利	Shared/Neutral
股價	Shared/Neutral
有錢人	Shared/Neutral
留在	Shared/Neutral
一問	Shared/Neutral
割席	Shared/Neutral
正是	Shared/Neutral
都被	Shared/Neutral
仲有人	Shared/Neutral
出局	Shared/Neutral
美國佬	Shared/Neutral
成份	Shared/Neutral
廣播	Shared/Neutral
必定	Shared/Neutral
侵犯	Shared/Neutral
呢幾日	Shared/Neutral
入手	Shared/Neutral
經歷過	Shared/Neutral
屎眼	Shared/Neutral
並不是	Shared/Neutral
追擊	Shared/Neutral
重有	Shared/Neutral
常見	Shared/Neutral
漸漸	Shared/Neutral
都無得	Shared/Neutral
的東西	Shared/Neutral
和理非	Shared/Neutral
便是	Shared/Neutral
特別行政區	Shared/Neutral
選票	Shared/Neutral
人做	Shared/Neutral
尤其是	Shared/Neutral
車仔	Shared/Neutral
過了	Shared/Neutral
口味	Shared/Neutral
避開	Shared/Neutral
前提	Shared/Neutral
現在	Shared/Neutral
籃球	Shared/Neutral
隻眼	Shared/Neutral
身亡	Shared/Neutral
就係想	Shared/Neutral
民調	Shared/Neutral
先有得	Shared/Neutral
個日	Shared/Neutral
快閃	Shared/Neutral
健身	Shared/Neutral
我都好	Shared/Neutral
心痛	Shared/Neutral
黑衫	Shared/Neutral
上季	Shared/Neutral
一個星期	Shared/Neutral
在意	Shared/Neutral
體系	Shared/Neutral
金屬	Shared/Neutral
心目	Shared/Neutral
遲到	Shared/Neutral
聯繫	Shared/Neutral
雨傘	Shared/Neutral
地步	Shared/Neutral
落雨	Shared/Neutral
都係會	Shared/Neutral
溝女	Shared/Neutral
最鍾意	Shared/Neutral
其實你	Shared/Neutral
幾多次	Shared/Neutral
一方	Shared/Neutral
舉報	Shared/Neutral
具體	Shared/Neutral
對外	Shared/Neutral
月入	Shared/Neutral
壽司	Shared/Neutral
抵制	Shared/Neutral
得快	Shared/Neutral
某程度	Shared/Neutral
最初	Shared/Neutral
借錢	Shared/Neutral
股份	Shared/Neutral
住宅	Shared/Neutral
都係因為	Shared/Neutral
認知	Shared/Neutral
樂觀	Shared/Neutral
大家一齊	Shared/Neutral
東亞	Shared/Neutral
乖乖	Shared/Neutral
髮型	Shared/Neutral
太古	Shared/Neutral
王子	Shared/Neutral
係睇	Shared/Neutral
綜藝	Shared/Neutral
本質	Shared/Neutral
之際	Shared/Neutral
抵死	Shared/Neutral
信仰	Shared/Neutral
東北	Shared/Neutral
買完	Shared/Neutral
相似	Shared/Neutral
無錯	Shared/Neutral
全世界	Shared/Neutral
呢一	Shared/Neutral
稱為	Shared/Neutral
的行為	Shared/Neutral
無錯	Shared/Neutral
條仆街	Shared/Neutral
更有	Shared/Neutral
之後再	Shared/Neutral
平方	Shared/Neutral
雙重標準	Shared/Neutral
四年	Shared/Neutral
賺到	Shared/Neutral
姊妹	Shared/Neutral
張卡	Shared/Neutral
辦公室	Shared/Neutral
都輸	Shared/Neutral
電視臺	Shared/Neutral
俾狗	Shared/Neutral
層面	Shared/Neutral
推文	Shared/Neutral
監獄	Shared/Neutral
被動	Shared/Neutral
毅進	Shared/Neutral
第五	Shared/Neutral
濫捕	Shared/Neutral
到達	Shared/Neutral
自然會	Shared/Neutral
都係有	Shared/Neutral
核突	Shared/Neutral
辯方	Shared/Neutral
構成	Shared/Neutral
一部	Shared/Neutral
三次	Shared/Neutral
拜仁	Shared/Neutral
分身	Shared/Neutral
當你	Shared/Neutral
被自殺	Shared/Neutral
睇睇	Shared/Neutral
比人打	Shared/Neutral
咪話	Shared/Neutral
起步	Shared/Neutral
回贈	Shared/Neutral
風氣	Shared/Neutral
創新	Shared/Neutral
審判	Shared/Neutral
異性	Shared/Neutral
出色	Shared/Neutral
我要	Shared/Neutral
月底	Shared/Neutral
阿伯	Shared/Neutral
多兩	Shared/Neutral
搞清楚	Shared/Neutral
最勁	Shared/Neutral
公海	Shared/Neutral
月供	Shared/Neutral
完結	Shared/Neutral
情人	Shared/Neutral
打贏	Shared/Neutral
拎去	Shared/Neutral
處女	Shared/Neutral
只好	Shared/Neutral
只有	Shared/Neutral
淘汰	Shared/Neutral
高興	Shared/Neutral
就出	Shared/Neutral
間接	Shared/Neutral
一線	Shared/Neutral
古代	Shared/Neutral
返你	Shared/Neutral
簽證	Shared/Neutral
就自己	Shared/Neutral
平凡	Shared/Neutral
係美國	Shared/Neutral
從而	Shared/Neutral
汽車	Shared/Neutral
墮樓	Shared/Neutral
長的	Shared/Neutral
層次	Shared/Neutral
編劇	Shared/Neutral
營養	Shared/Neutral
鍵盤	Shared/Neutral
作戰	Shared/Neutral
我之前	Shared/Neutral
女士	Shared/Neutral
後尾	Shared/Neutral
陣間	Shared/Neutral
姑娘	Shared/Neutral
多名	Shared/Neutral
強行	Shared/Neutral
呢個時候	Shared/Neutral
形態	Shared/Neutral
白人	Shared/Neutral
評估	Shared/Neutral
高速	Shared/Neutral
請你	Shared/Neutral
股東	Shared/Neutral
就大	Shared/Neutral
可疑	Shared/Neutral
正如	Shared/Neutral
鄉下	Shared/Neutral
勤力	Shared/Neutral
按照	Shared/Neutral
一同	Shared/Neutral
人身	Shared/Neutral
電梯	Shared/Neutral
心入面	Shared/Neutral
中華人民共和國	Shared/Neutral
失控	Shared/Neutral
總是	Shared/Neutral
剩下	Shared/Neutral
開個	Shared/Neutral
在此	Shared/Neutral
發佈	Shared/Neutral
一不可	Shared/Neutral
欺凌	Shared/Neutral
體字	Shared/Neutral
咪係	Shared/Neutral
非法集結	Shared/Neutral
比自己	Shared/Neutral
機器	Shared/Neutral
維穩	Shared/Neutral
先去	Shared/Neutral
逃避	Shared/Neutral
六月	Shared/Neutral
患者	Shared/Neutral
菲律	Shared/Neutral
引渡	Shared/Neutral
論點	Shared/Neutral
演出	Shared/Neutral
走了	Shared/Neutral
領事館	Shared/Neutral
都睇	Shared/Neutral
先要	Shared/Neutral
帶著	Shared/Neutral
關我	Shared/Neutral
不過我	Shared/Neutral
數目	Shared/Neutral
選手	Shared/Neutral
菲律賓	Shared/Neutral
自從	Shared/Neutral
坦白	Shared/Neutral
唯一	Shared/Neutral
返到屋企	Shared/Neutral
級數	Shared/Neutral
先講	Shared/Neutral
根本就	Shared/Neutral
知自己	Shared/Neutral
我真係	Shared/Neutral
會去	Shared/Neutral
奧斯	Shared/Neutral
外國	Shared/Neutral
扭曲	Shared/Neutral
真是	Shared/Neutral
面具	Shared/Neutral
有咩好	Shared/Neutral
累積	Shared/Neutral
包容	Shared/Neutral
呢次	Shared/Neutral
文學	Shared/Neutral
場面	Shared/Neutral
都好撚	Shared/Neutral
先後	Shared/Neutral
中伏	Shared/Neutral
註定	Shared/Neutral
師奶	Shared/Neutral
企係	Shared/Neutral
賣港	Shared/Neutral
我做	Shared/Neutral
衰過	Shared/Neutral
發洩	Shared/Neutral
次次都	Shared/Neutral
即將	Shared/Neutral
議院	Shared/Neutral
內政	Shared/Neutral
深刻	Shared/Neutral
無綫	Shared/Neutral
振英	Shared/Neutral
儘管	Shared/Neutral
柒婆	Shared/Neutral
抽水	Shared/Neutral
繼承	Shared/Neutral
差別	Shared/Neutral
國籍	Shared/Neutral
陷入	Shared/Neutral
一直都	Shared/Neutral
用得	Shared/Neutral
黑衣	Shared/Neutral
一事	Shared/Neutral
路士	Shared/Neutral
流浪	Shared/Neutral
幾多錢	Shared/Neutral
近排	Shared/Neutral
開工	Shared/Neutral
搵工	Shared/Neutral
騷擾	Shared/Neutral
就即刻	Shared/Neutral
但都	Shared/Neutral
就好似	Shared/Neutral
好差	Shared/Neutral
報仇	Shared/Neutral
應用	Shared/Neutral
指責	Shared/Neutral
我地要	Shared/Neutral
無分別	Shared/Neutral
個字	Shared/Neutral
我無	Shared/Neutral
授權	Shared/Neutral
醫學	Shared/Neutral
通訊	Shared/Neutral
其次	Shared/Neutral
商品	Shared/Neutral
每一	Shared/Neutral
踢到	Shared/Neutral
你講	Shared/Neutral
民生	Shared/Neutral
引述	Shared/Neutral
火箭	Shared/Neutral
幾分鐘	Shared/Neutral
移交	Shared/Neutral
日日都	Shared/Neutral
簡單	Shared/Neutral
地地	Shared/Neutral
用手	Shared/Neutral
性別	Shared/Neutral
更是	Shared/Neutral
對此	Shared/Neutral
妻子	Shared/Neutral
潛水	Shared/Neutral
會比	Shared/Neutral
話事	Shared/Neutral
學位	Shared/Neutral
濫用	Shared/Neutral
聽講	Shared/Neutral
果場	Shared/Neutral
支那狗	Shared/Neutral
相信	Shared/Neutral
果堆	Shared/Neutral
聖經	Shared/Neutral
至少	Shared/Neutral
公正	Shared/Neutral
名義	Shared/Neutral
辦事	Shared/Neutral
隻字	Shared/Neutral
一腳	Shared/Neutral
上週	Shared/Neutral
救援	Shared/Neutral
民主自由	Shared/Neutral
一大堆	Shared/Neutral
提議	Shared/Neutral
你是	Shared/Neutral
不應	Shared/Neutral
適當	Shared/Neutral
你哋	Shared/Neutral
做運動	Shared/Neutral
也要	Shared/Neutral
劏房	Shared/Neutral
中國大陸	Shared/Neutral
點會	Shared/Neutral
港隊	Shared/Neutral
科興	Shared/Neutral
平行	Shared/Neutral
義務	Shared/Neutral
諗清楚	Shared/Neutral
留意到	Shared/Neutral
運氣	Shared/Neutral
預告	Shared/Neutral
靠自己	Shared/Neutral
瑞士	Shared/Neutral
陰謀	Shared/Neutral
中國政府	Shared/Neutral
銀包	Shared/Neutral
賠償	Shared/Neutral
印象中	Shared/Neutral
如果真係	Shared/Neutral
身後	Shared/Neutral
聽朝	Shared/Neutral
都死	Shared/Neutral
頻道	Shared/Neutral
戀愛	Shared/Neutral
設立	Shared/Neutral
起底	Shared/Neutral
呢邊	Shared/Neutral
接著	Shared/Neutral
聚集	Shared/Neutral
拎返	Shared/Neutral
麵包	Shared/Neutral
投訴你	Shared/Neutral
短時間	Shared/Neutral
有趣	Shared/Neutral
觀念	Shared/Neutral
屌你老味	Shared/Neutral
各區	Shared/Neutral
阿根廷	Shared/Neutral
撚埋	Shared/Neutral
點頭	Shared/Neutral
問過	Shared/Neutral
一定	Shared/Neutral
會出	Shared/Neutral
效率	Shared/Neutral
百分	Shared/Neutral
三人	Shared/Neutral
個問題	Shared/Neutral
自己友	Shared/Neutral
現實	Shared/Neutral
校方	Shared/Neutral
間野	Shared/Neutral
推進	Shared/Neutral
大哥	Shared/Neutral
好了	Shared/Neutral
爬山	Shared/Neutral
係咪有	Shared/Neutral
有咩事	Shared/Neutral
心靈	Shared/Neutral
指引	Shared/Neutral
設備	Shared/Neutral
正常常	Shared/Neutral
都贏	Shared/Neutral
比人	Shared/Neutral
會再	Shared/Neutral
自卑	Shared/Neutral
搭巴士	Shared/Neutral
點解要	Shared/Neutral
拯救	Shared/Neutral
更大	Shared/Neutral
罪名	Shared/Neutral
呢排	Shared/Neutral
入邊	Shared/Neutral
有邊個	Shared/Neutral
天才	Shared/Neutral
古力	Shared/Neutral
海軍	Shared/Neutral
派錢	Shared/Neutral
心理準備	Shared/Neutral
的工作	Shared/Neutral
憲法	Shared/Neutral
跟你	Shared/Neutral
我屌你老母	Shared/Neutral
去搵	Shared/Neutral
森林	Shared/Neutral
受歡迎	Shared/Neutral
望到	Shared/Neutral
係咪可以	Shared/Neutral
飲酒	Shared/Neutral
都無咩	Shared/Neutral
學到	Shared/Neutral
小學生	Shared/Neutral
讓人	Shared/Neutral
三角	Shared/Neutral
阿拉	Shared/Neutral
想搵	Shared/Neutral
相機	Shared/Neutral
全香港	Shared/Neutral
玩緊	Shared/Neutral
返起	Shared/Neutral
情願	Shared/Neutral
係得	Shared/Neutral
深度	Shared/Neutral
助理	Shared/Neutral
女權	Shared/Neutral
暴政	Shared/Neutral
話咩	Shared/Neutral
憑咩	Shared/Neutral
初步	Shared/Neutral
太過	Shared/Neutral
控罪	Shared/Neutral
無人	Shared/Neutral
可以做到	Shared/Neutral
班垃圾	Shared/Neutral
陪審	Shared/Neutral
意味	Shared/Neutral
都成	Shared/Neutral
全部人	Shared/Neutral
成果	Shared/Neutral
初期	Shared/Neutral
其實都係	Shared/Neutral
分配	Shared/Neutral
追到	Shared/Neutral
個大	Shared/Neutral
事實上	Shared/Neutral
就會有	Shared/Neutral
沒有人	Shared/Neutral
個市	Shared/Neutral
驚喜	Shared/Neutral
角大	Shared/Neutral
外星	Shared/Neutral
封關	Shared/Neutral
入到去	Shared/Neutral
黃大仙	Shared/Neutral
演技	Shared/Neutral
舊水	Shared/Neutral
又一	Shared/Neutral
自願	Shared/Neutral
威力	Shared/Neutral
私隱	Shared/Neutral
向上	Shared/Neutral
增值	Shared/Neutral
屈機	Shared/Neutral
智能	Shared/Neutral
中英	Shared/Neutral
已被	Shared/Neutral
收購	Shared/Neutral
以上	Shared/Neutral
局勢	Shared/Neutral
丈夫	Shared/Neutral
鑽石	Shared/Neutral
走廊	Shared/Neutral
高等	Shared/Neutral
我無野講	Shared/Neutral
偷食	Shared/Neutral
講緊	Shared/Neutral
人血	Shared/Neutral
世上	Shared/Neutral
港股	Shared/Neutral
用力	Shared/Neutral
會令	Shared/Neutral
瞓教	Shared/Neutral
第一時間	Shared/Neutral
監控	Shared/Neutral
加盟	Shared/Neutral
受訪	Shared/Neutral
或是	Shared/Neutral
佔中	Shared/Neutral
好嗎	Shared/Neutral
想食	Shared/Neutral
判刑	Shared/Neutral
性質	Shared/Neutral
說不	Shared/Neutral
贊成	Shared/Neutral
續約	Shared/Neutral
閱讀	Shared/Neutral
老實實	Shared/Neutral
有兩個	Shared/Neutral
無敵	Shared/Neutral
的確係	Shared/Neutral
專門	Shared/Neutral
執著	Shared/Neutral
答應	Shared/Neutral
飯食	Shared/Neutral
否定	Shared/Neutral
超市	Shared/Neutral
跑步	Shared/Neutral
女主	Shared/Neutral
講笑	Shared/Neutral
之內	Shared/Neutral
有時間	Shared/Neutral
放學	Shared/Neutral
室內	Shared/Neutral
全程	Shared/Neutral
買賣	Shared/Neutral
嘉賓	Shared/Neutral
成點	Shared/Neutral
呢點	Shared/Neutral
到一	Shared/Neutral
職位	Shared/Neutral
星期六日	Shared/Neutral
對白	Shared/Neutral
另一方面	Shared/Neutral
買入	Shared/Neutral
又再	Shared/Neutral
功夫	Shared/Neutral
先入	Shared/Neutral
兩隊	Shared/Neutral
不反對通知書	Shared/Neutral
衣服	Shared/Neutral
摩佬	Shared/Neutral
隊伍	Shared/Neutral
知名	Shared/Neutral
缺一不可	Shared/Neutral
發生過	Shared/Neutral
有種	Shared/Neutral
次數	Shared/Neutral
在地上	Shared/Neutral
朱古力	Shared/Neutral
不大	Shared/Neutral
五星	Shared/Neutral
跟我	Shared/Neutral
場地	Shared/Neutral
象徵	Shared/Neutral
高位	Shared/Neutral
操控	Shared/Neutral
吸收	Shared/Neutral
媽咪	Shared/Neutral
學費	Shared/Neutral
區議會選舉	Shared/Neutral
撐警	Shared/Neutral
某個	Shared/Neutral
英格蘭	Shared/Neutral
最愛	Shared/Neutral
三大	Shared/Neutral
誠實	Shared/Neutral
最多	Shared/Neutral
交稅	Shared/Neutral
他是	Shared/Neutral
去臺灣	Shared/Neutral
又好似	Shared/Neutral
白卡	Shared/Neutral
千蚊	Shared/Neutral
大叔	Shared/Neutral
身處	Shared/Neutral
好友	Shared/Neutral
顧問	Shared/Neutral
電視劇	Shared/Neutral
史上	Shared/Neutral
文革	Shared/Neutral
教育局	Shared/Neutral
可怕	Shared/Neutral
然而	Shared/Neutral
都可能	Shared/Neutral
要我	Shared/Neutral
港臺	Shared/Neutral
只不過	Shared/Neutral
體會	Shared/Neutral
飲水	Shared/Neutral
食藥	Shared/Neutral
港大	Shared/Neutral
今集	Shared/Neutral
我淨係	Shared/Neutral
最有	Shared/Neutral
戰力	Shared/Neutral
中招	Shared/Neutral
做個	Shared/Neutral
的機會	Shared/Neutral
金牌	Shared/Neutral
運用	Shared/Neutral
金額	Shared/Neutral
限定	Shared/Neutral
係黃	Shared/Neutral
隱藏	Shared/Neutral
獎勵	Shared/Neutral
私家車	Shared/Neutral
大戶	Shared/Neutral
舖頭	Shared/Neutral
驚訝	Shared/Neutral
伊斯蘭	Shared/Neutral
簽署	Shared/Neutral
狗公	Shared/Neutral
空中	Shared/Neutral
留係	Shared/Neutral
都未有	Shared/Neutral
還在	Shared/Neutral
連接	Shared/Neutral
尊嚴	Shared/Neutral
底褲	Shared/Neutral
如果我	Shared/Neutral
好聽	Shared/Neutral
哈利	Shared/Neutral
得上	Shared/Neutral
可以再	Shared/Neutral
個世界	Shared/Neutral
你有	Shared/Neutral
雲加	Shared/Neutral
射波	Shared/Neutral
特定	Shared/Neutral
下跌	Shared/Neutral
游水	Shared/Neutral
眼光	Shared/Neutral
才會	Shared/Neutral
因為我	Shared/Neutral
煩惱	Shared/Neutral
送院	Shared/Neutral
高地	Shared/Neutral
紅磡	Shared/Neutral
係一種	Shared/Neutral
人性	Shared/Neutral
樂壇	Shared/Neutral
帶頭	Shared/Neutral
大事	Shared/Neutral
食煙	Shared/Neutral
同大家	Shared/Neutral
大阪	Shared/Neutral
尋求	Shared/Neutral
情感	Shared/Neutral
筆錢	Shared/Neutral
部電話	Shared/Neutral
一律	Shared/Neutral
費事	Shared/Neutral
時光	Shared/Neutral
十分鐘	Shared/Neutral
功能組別	Shared/Neutral
你用	Shared/Neutral
港幣	Shared/Neutral
應該都	Shared/Neutral
快手	Shared/Neutral
到香港	Shared/Neutral
星期三	Shared/Neutral
太高	Shared/Neutral
字眼	Shared/Neutral
幾大	Shared/Neutral
昨晚	Shared/Neutral
沙士	Shared/Neutral
自己去	Shared/Neutral
害人	Shared/Neutral
今朝	Shared/Neutral
離地	Shared/Neutral
比亞	Shared/Neutral
重申	Shared/Neutral
天佑	Shared/Neutral
想像中	Shared/Neutral
的新	Shared/Neutral
點樣	Shared/Neutral
現任	Shared/Neutral
林奠	Shared/Neutral
不變	Shared/Neutral
應該都係	Shared/Neutral
豐富	Shared/Neutral
個禮拜	Shared/Neutral
會繼續	Shared/Neutral
死得	Shared/Neutral
顯得	Shared/Neutral
隨後	Shared/Neutral
自首	Shared/Neutral
長大	Shared/Neutral
我都想	Shared/Neutral
條撚	Shared/Neutral
下野	Shared/Neutral
瑞典	Shared/Neutral
陽光	Shared/Neutral
等同	Shared/Neutral
人一	Shared/Neutral
跟著	Shared/Neutral
專注	Shared/Neutral
都比人	Shared/Neutral
落水	Shared/Neutral
管理層	Shared/Neutral
損害	Shared/Neutral
一路	Shared/Neutral
好簡單	Shared/Neutral
我反而	Shared/Neutral
夾埋	Shared/Neutral
收貨	Shared/Neutral
同朋友	Shared/Neutral
票站	Shared/Neutral
做得好	Shared/Neutral
低調	Shared/Neutral
外交部	Shared/Neutral
無恥	Shared/Neutral
解答	Shared/Neutral
得好好	Shared/Neutral
幾多個	Shared/Neutral
我認為	Shared/Neutral
人氣	Shared/Neutral
推廣	Shared/Neutral
嘔心	Shared/Neutral
突擊	Shared/Neutral
詳情	Shared/Neutral
好多次	Shared/Neutral
轉變	Shared/Neutral
報名	Shared/Neutral
仔細	Shared/Neutral
位數	Shared/Neutral
食住	Shared/Neutral
而係	Shared/Neutral
準確	Shared/Neutral
希望大家	Shared/Neutral
講大話	Shared/Neutral
會變	Shared/Neutral
選區	Shared/Neutral
純粹	Shared/Neutral
報復	Shared/Neutral
奶茶	Shared/Neutral
伴侶	Shared/Neutral
完全係	Shared/Neutral
膊頭	Shared/Neutral
都在	Shared/Neutral
人心	Shared/Neutral
之力	Shared/Neutral
我搵律師	Shared/Neutral
介入	Shared/Neutral
分店	Shared/Neutral
大規模	Shared/Neutral
相反	Shared/Neutral
我已經	Shared/Neutral
各大	Shared/Neutral
平常	Shared/Neutral
十年前	Shared/Neutral
係咪應該	Shared/Neutral
咪撚	Shared/Neutral
動漫	Shared/Neutral
人們	Shared/Neutral
間諜	Shared/Neutral
馬來西亞	Shared/Neutral
外表	Shared/Neutral
好返	Shared/Neutral
打破	Shared/Neutral
土耳	Shared/Neutral
全體	Shared/Neutral
領土	Shared/Neutral
呢一刻	Shared/Neutral
不幸	Shared/Neutral
當初	Shared/Neutral
一開波	Shared/Neutral
傳來	Shared/Neutral
下水	Shared/Neutral
希臘	Shared/Neutral
保護自己	Shared/Neutral
榮光	Shared/Neutral
錄得	Shared/Neutral
小弟	Shared/Neutral
大機會	Shared/Neutral
投資者	Shared/Neutral
有巴打	Shared/Neutral
浪漫	Shared/Neutral
走佬	Shared/Neutral
官網	Shared/Neutral
就到	Shared/Neutral
銷售	Shared/Neutral
我只係	Shared/Neutral
從來	Shared/Neutral
默默	Shared/Neutral
供樓	Shared/Neutral
個句	Shared/Neutral
半日	Shared/Neutral
迫害	Shared/Neutral
過一次	Shared/Neutral
陰影	Shared/Neutral
非禮	Shared/Neutral
引入	Shared/Neutral
收返	Shared/Neutral
生涯	Shared/Neutral
阿哥	Shared/Neutral
四大	Shared/Neutral
手續費	Shared/Neutral
題目	Shared/Neutral
的原因	Shared/Neutral
放手	Shared/Neutral
年開始	Shared/Neutral
你睇	Shared/Neutral
呢幾年	Shared/Neutral
陳同佳	Shared/Neutral
一齊去	Shared/Neutral
一眾	Shared/Neutral
眼見	Shared/Neutral
走曬	Shared/Neutral
前排	Shared/Neutral
有幾多人	Shared/Neutral
都仲未	Shared/Neutral
今場	Shared/Neutral
過程中	Shared/Neutral
左腳	Shared/Neutral
依加	Shared/Neutral
帶住	Shared/Neutral
減肥	Shared/Neutral
難聽	Shared/Neutral
本事	Shared/Neutral
旅客	Shared/Neutral
足以	Shared/Neutral
安全感	Shared/Neutral
都好多	Shared/Neutral
專輯	Shared/Neutral
係對	Shared/Neutral
走位	Shared/Neutral
震撼	Shared/Neutral
截至	Shared/Neutral
埃及	Shared/Neutral
人都知	Shared/Neutral
點打	Shared/Neutral
土耳其	Shared/Neutral
焦點	Shared/Neutral
係覺得	Shared/Neutral
尋晚	Shared/Neutral
同期	Shared/Neutral
隨機	Shared/Neutral
接收	Shared/Neutral
係比	Shared/Neutral
要買	Shared/Neutral
門檻	Shared/Neutral
上陣	Shared/Neutral
彼此	Shared/Neutral
票房	Shared/Neutral
衞生	Shared/Neutral
男生	Shared/Neutral
你知	Shared/Neutral
不太	Shared/Neutral
這位	Shared/Neutral
浪費時間	Shared/Neutral
毛澤	Shared/Neutral
阻礙	Shared/Neutral
冒險	Shared/Neutral
一項	Shared/Neutral
招呼	Shared/Neutral
密碼	Shared/Neutral
減低	Shared/Neutral
其實我	Shared/Neutral
已經開始	Shared/Neutral
叫咩	Shared/Neutral
汽油	Shared/Neutral
極限	Shared/Neutral
社會主義	Shared/Neutral
難食	Shared/Neutral
是非	Shared/Neutral
標籤	Shared/Neutral
有好	Shared/Neutral
用來	Shared/Neutral
俾人拉	Shared/Neutral
宣言	Shared/Neutral
先發現	Shared/Neutral
士兵	Shared/Neutral
老屈	Shared/Neutral
協調	Shared/Neutral
樓上	Shared/Neutral
應該可以	Shared/Neutral
套劇	Shared/Neutral
明年	Shared/Neutral
廣泛	Shared/Neutral
我我投訴你	Shared/Neutral
所以要	Shared/Neutral
政見	Shared/Neutral
路上	Shared/Neutral
小粉紅	Shared/Neutral
基層	Shared/Neutral
打爆	Shared/Neutral
比大家	Shared/Neutral
激進	Shared/Neutral
讀緊	Shared/Neutral
匯豐	Shared/Neutral
編號	Shared/Neutral
低過	Shared/Neutral
商人	Shared/Neutral
係街	Shared/Neutral
其實我覺得	Shared/Neutral
毛澤東	Shared/Neutral
天文臺	Shared/Neutral
幾點	Shared/Neutral
係連登	Shared/Neutral
天花	Shared/Neutral
是有	Shared/Neutral
我以為	Shared/Neutral
留名	Shared/Neutral
進口	Shared/Neutral
用的	Shared/Neutral
打法	Shared/Neutral
羨慕	Shared/Neutral
陣容	Shared/Neutral
維尼	Shared/Neutral
進黨	Shared/Neutral
昨天	Shared/Neutral
牛肉	Shared/Neutral
誤導	Shared/Neutral
都係睇	Shared/Neutral
共狗	Shared/Neutral
粉嶺	Shared/Neutral
億人	Shared/Neutral
起訴	Shared/Neutral
生態	Shared/Neutral
比較好	Shared/Neutral
一望	Shared/Neutral
過關	Shared/Neutral
美好	Shared/Neutral
受影響	Shared/Neutral
生死	Shared/Neutral
曬所有	Shared/Neutral
陸續	Shared/Neutral
萬蚊	Shared/Neutral
人好	Shared/Neutral
做愛	Shared/Neutral
十六	Shared/Neutral
第日	Shared/Neutral
蛋白	Shared/Neutral
暑假	Shared/Neutral
受害人	Shared/Neutral
無需	Shared/Neutral
幼稚園	Shared/Neutral
開車	Shared/Neutral
川普	Shared/Neutral
返自己	Shared/Neutral
流血	Shared/Neutral
十三	Shared/Neutral
途徑	Shared/Neutral
見到你	Shared/Neutral
韓國	Shared/Neutral
傳單	Shared/Neutral
認證	Shared/Neutral
數碼	Shared/Neutral
入面有	Shared/Neutral
道具	Shared/Neutral
發脾氣	Shared/Neutral
半個	Shared/Neutral
塞車	Shared/Neutral
一分	Shared/Neutral
做出	Shared/Neutral
整理	Shared/Neutral
輸波	Shared/Neutral
太多人	Shared/Neutral
時的	Shared/Neutral
老虎	Shared/Neutral
過的	Shared/Neutral
一眼	Shared/Neutral
冷氣軍師	Shared/Neutral
不分	Shared/Neutral
紀律部隊	Shared/Neutral
放火	Shared/Neutral
身高	Shared/Neutral
上班	Shared/Neutral
都難	Shared/Neutral
發布	Shared/Neutral
好耐	Shared/Neutral
激烈	Shared/Neutral
流出	Shared/Neutral
都有機會	Shared/Neutral
障礙	Shared/Neutral
專科	Shared/Neutral
永祥	Shared/Neutral
輕易	Shared/Neutral
不對	Shared/Neutral
陣地	Shared/Neutral
成個人	Shared/Neutral
番個	Shared/Neutral
裁判法院	Shared/Neutral
都似	Shared/Neutral
陪你	Shared/Neutral
藍絲	Shared/Neutral
黎明行動	Shared/Neutral
就在	Shared/Neutral
條約	Shared/Neutral
的方法	Shared/Neutral
人羣	Shared/Neutral
了我	Shared/Neutral
誠哥	Shared/Neutral
射手	Shared/Neutral
國務	Shared/Neutral
朝鮮	Shared/Neutral
中東	Shared/Neutral
一部份	Shared/Neutral
老實講	Shared/Neutral
修正	Shared/Neutral
港紙	Shared/Neutral
加油	Shared/Neutral
世代	Shared/Neutral
感激	Shared/Neutral
黑白	Shared/Neutral
有錢佬	Shared/Neutral
處長	Shared/Neutral
可能要	Shared/Neutral
叔叔	Shared/Neutral
而加	Shared/Neutral
行程	Shared/Neutral
我問	Shared/Neutral
數值	Shared/Neutral
到一個	Shared/Neutral
到要	Shared/Neutral
就做	Shared/Neutral
鞍山	Shared/Neutral
基督教	Shared/Neutral
女性	Shared/Neutral
濫權	Shared/Neutral
為人	Shared/Neutral
的政治	Shared/Neutral
悟空	Shared/Neutral
體諒	Shared/Neutral
一二	Shared/Neutral
就真	Shared/Neutral
兩個鐘	Shared/Neutral
紛紛	Shared/Neutral
足球員	Shared/Neutral
年青人	Shared/Neutral
遇上	Shared/Neutral
多謝你	Shared/Neutral
尤其係	Shared/Neutral
無腦	Shared/Neutral
恐怖分子	Shared/Neutral
上午	Shared/Neutral
情節	Shared/Neutral
試圖	Shared/Neutral
去玩	Shared/Neutral
女團	Shared/Neutral
多隻	Shared/Neutral
發射	Shared/Neutral
子的	Shared/Neutral
蜘蛛	Shared/Neutral
大頭	Shared/Neutral
果間	Shared/Neutral
監管	Shared/Neutral
平靜	Shared/Neutral
有得	Shared/Neutral
口中	Shared/Neutral
說是	Shared/Neutral
一層	Shared/Neutral
十月	Shared/Neutral
香港人權	Shared/Neutral
買家	Shared/Neutral
逆轉	Shared/Neutral
成堆	Shared/Neutral
像是	Shared/Neutral
完就	Shared/Neutral
掙扎	Shared/Neutral
要求	Shared/Neutral
有隻	Shared/Neutral
提交	Shared/Neutral
聯網	Shared/Neutral
有位	Shared/Neutral
效應	Shared/Neutral
密切	Shared/Neutral
截止	Shared/Neutral
殖民地	Shared/Neutral
都幾好	Shared/Neutral
坦克	Shared/Neutral
題材	Shared/Neutral
可以話	Shared/Neutral
波衫	Shared/Neutral
頂級	Shared/Neutral
講錯	Shared/Neutral
耐性	Shared/Neutral
審訊	Shared/Neutral
支爆	Shared/Neutral
一般	Shared/Neutral
返工	Shared/Neutral
一到	Shared/Neutral
恐襲	Shared/Neutral
相關	Shared/Neutral
十四	Shared/Neutral
完善	Shared/Neutral
惡魔	Shared/Neutral
吸血	Shared/Neutral
希望你	Shared/Neutral
單止	Shared/Neutral
有三	Shared/Neutral
的關係	Shared/Neutral
呢兩個	Shared/Neutral
就買	Shared/Neutral
紐約	Shared/Neutral
咩係	Shared/Neutral
天空	Shared/Neutral
羽毛	Shared/Neutral
親身	Shared/Neutral
攻勢	Shared/Neutral
解決問題	Shared/Neutral
民進黨	Shared/Neutral
丁堡	Shared/Neutral
推上	Shared/Neutral
係講緊	Shared/Neutral
一笑	Shared/Neutral
屌緊	Shared/Neutral
女主角	Shared/Neutral
西鐵	Shared/Neutral
師兄	Shared/Neutral
士尼	Shared/Neutral
理會	Shared/Neutral
你個	Shared/Neutral
呢個位	Shared/Neutral
也沒	Shared/Neutral
超人	Shared/Neutral
絲打	Shared/Neutral
活躍	Shared/Neutral
時許	Shared/Neutral
性侵	Shared/Neutral
地理	Shared/Neutral
正正常常	Shared/Neutral
預算	Shared/Neutral
勾結	Shared/Neutral
越多	Shared/Neutral
德國	Shared/Neutral
草案	Shared/Neutral
如果我	Shared/Neutral
有次	Shared/Neutral
為你	Shared/Neutral
到好似	Shared/Neutral
好波	Shared/Neutral
問人	Shared/Neutral
免疫	Shared/Neutral
面臨	Shared/Neutral
落地獄	Shared/Neutral
人仔	Shared/Neutral
給你	Shared/Neutral
自覺	Shared/Neutral
社運	Shared/Neutral
我只係	Shared/Neutral
國際社會	Shared/Neutral
日本仔	Shared/Neutral
動機	Shared/Neutral
甚至	Shared/Neutral
記住	Shared/Neutral
個人資料	Shared/Neutral
只見	Shared/Neutral
好難	Shared/Neutral
溫度	Shared/Neutral
月頭	Shared/Neutral
正路	Shared/Neutral
環球	Shared/Neutral
上網	Shared/Neutral
之上	Shared/Neutral
繼續做	Shared/Neutral
蔡英文	Shared/Neutral
不禁	Shared/Neutral
向我	Shared/Neutral
咪係	Shared/Neutral
培養	Shared/Neutral
世界	Shared/Neutral
白票	Shared/Neutral
紙巾	Shared/Neutral
送到	Shared/Neutral
各有各做	Shared/Neutral
鬥爭	Shared/Neutral
係好事	Shared/Neutral
賽後	Shared/Neutral
無忌	Shared/Neutral
有班	Shared/Neutral
要靠	Shared/Neutral
幾十萬	Shared/Neutral
字幕	Shared/Neutral
溫書	Shared/Neutral
牀上	Shared/Neutral
我都覺得	Shared/Neutral
中山	Shared/Neutral
迪士尼	Shared/Neutral
大使	Shared/Neutral
姜濤	Shared/Neutral
馬拉	Shared/Neutral
係大陸	Shared/Neutral
商店	Shared/Neutral
落手	Shared/Neutral
讓他	Shared/Neutral
都俾	Shared/Neutral
本月	Shared/Neutral
雞蛋	Shared/Neutral
智力	Shared/Neutral
正視	Shared/Neutral
點搞	Shared/Neutral
儲錢	Shared/Neutral
飛行	Shared/Neutral
一轉	Shared/Neutral
問到	Shared/Neutral
同中國	Shared/Neutral
同年	Shared/Neutral
國泰	Shared/Neutral
咩料	Shared/Neutral
哥狗	Shared/Neutral
異常	Shared/Neutral
零售	Shared/Neutral
經過	Shared/Neutral
東南亞	Shared/Neutral
起了	Shared/Neutral
不死	Shared/Neutral
特徵	Shared/Neutral
讀完	Shared/Neutral
勇敢	Shared/Neutral
行李	Shared/Neutral
留名	Shared/Neutral
紋身	Shared/Neutral
有其他	Shared/Neutral
成效	Shared/Neutral
水炮	Shared/Neutral
呢隊	Shared/Neutral
係正常	Shared/Neutral
低質	Shared/Neutral
對眼	Shared/Neutral
政府的	Shared/Neutral
先買	Shared/Neutral
腐敗	Shared/Neutral
深夜	Shared/Neutral
月份	Shared/Neutral
間間	Shared/Neutral
香港市民	Shared/Neutral
早期	Shared/Neutral
眼瞓	Shared/Neutral
試下	Shared/Neutral
我好	Shared/Neutral
就睇	Shared/Neutral
捍衛	Shared/Neutral
預言	Shared/Neutral
車位	Shared/Neutral
公立	Shared/Neutral
換人	Shared/Neutral
法國	Shared/Neutral
見到個	Shared/Neutral
博物	Shared/Neutral
配音	Shared/Neutral
巴士站	Shared/Neutral
認錯	Shared/Neutral
待遇	Shared/Neutral
書面	Shared/Neutral
具有	Shared/Neutral
都試過	Shared/Neutral
害死	Shared/Neutral
如果真係	Shared/Neutral
自主	Shared/Neutral
分分鐘	Shared/Neutral
儲蓄	Shared/Neutral
去外國	Shared/Neutral
聽講	Shared/Neutral
她說	Shared/Neutral
怪物	Shared/Neutral
業績	Shared/Neutral
抵抗	Shared/Neutral
流水	Shared/Neutral
出來的	Shared/Neutral
打去	Shared/Neutral
喪屍	Shared/Neutral
大清	Shared/Neutral
中途	Shared/Neutral
元氣	Shared/Neutral
男主角	Shared/Neutral
一個人	Shared/Neutral
已經無	Shared/Neutral
落海	Shared/Neutral
再度	Shared/Neutral
警察	Shared/Neutral
覺得你	Shared/Neutral
兩球	Shared/Neutral
分化撚	Shared/Neutral
西裝	Shared/Neutral
譚仔	Shared/Neutral
皇家	Shared/Neutral
及其	Shared/Neutral
軍人	Shared/Neutral
就業	Shared/Neutral
罰款	Shared/Neutral
食緊	Shared/Neutral
後衛	Shared/Neutral
改為	Shared/Neutral
災難	Shared/Neutral
作家	Shared/Neutral
散水	Shared/Neutral
車輛	Shared/Neutral
有條	Shared/Neutral
得知	Shared/Neutral
奇蹟	Shared/Neutral
打交	Shared/Neutral
有機	Shared/Neutral
正苦	Shared/Neutral
你班	Shared/Neutral
教你	Shared/Neutral
貨車	Shared/Neutral
諷刺	Shared/Neutral
施政	Shared/Neutral
月臺	Shared/Neutral
合適	Shared/Neutral
很好	Shared/Neutral
一集	Shared/Neutral
悼念	Shared/Neutral
惡意	Shared/Neutral
自發	Shared/Neutral
典型	Shared/Neutral
可以同	Shared/Neutral
年香港	Shared/Neutral
上手	Shared/Neutral
在港	Shared/Neutral
引用	Shared/Neutral
一輪	Shared/Neutral
意甲	Shared/Neutral
提示	Shared/Neutral
遍地	Shared/Neutral
神奇	Shared/Neutral
永不	Shared/Neutral
單獨	Shared/Neutral
獨立調查委員會	Shared/Neutral
兩種	Shared/Neutral
厲害	Shared/Neutral
資本主義	Shared/Neutral
回收	Shared/Neutral
杯葛	Shared/Neutral
的心	Shared/Neutral
圍住	Shared/Neutral
議案	Shared/Neutral
場合	Shared/Neutral
再加上	Shared/Neutral
批判	Shared/Neutral
洗手	Shared/Neutral
器官	Shared/Neutral
因應	Shared/Neutral
壓迫	Shared/Neutral
連任	Shared/Neutral
睇清楚	Shared/Neutral
民選	Shared/Neutral
竟然	Shared/Neutral
共有	Shared/Neutral
香港係	Shared/Neutral
你先	Shared/Neutral
國王	Shared/Neutral
時報	Shared/Neutral
本報訊	Shared/Neutral
伸手	Shared/Neutral
前者	Shared/Neutral
入貨	Shared/Neutral
李家	Shared/Neutral
安樂	Shared/Neutral
對上	Shared/Neutral
好多都係	Shared/Neutral
返轉	Shared/Neutral
善良	Shared/Neutral
互動	Shared/Neutral
加價	Shared/Neutral
人命	Shared/Neutral
預備	Shared/Neutral
很大	Shared/Neutral
直線	Shared/Neutral
研發	Shared/Neutral
呃人	Shared/Neutral
個個都	Shared/Neutral
幸運	Shared/Neutral
包含	Shared/Neutral
都大	Shared/Neutral
很多人	Shared/Neutral
打工仔	Shared/Neutral
不錯	Shared/Neutral
其實好	Shared/Neutral
會有人	Shared/Neutral
開始	Shared/Neutral
間中	Shared/Neutral
係咪想	Shared/Neutral
果陣	Shared/Neutral
救命	Shared/Neutral
風暴	Shared/Neutral
合彩	Shared/Neutral
車路士	Shared/Neutral
讀過	Shared/Neutral
是什麼	Shared/Neutral
美國的	Shared/Neutral
寫到	Shared/Neutral
有意	Shared/Neutral
所以話	Shared/Neutral
總理	Shared/Neutral
單單	Shared/Neutral
揸住	Shared/Neutral
同性戀	Shared/Neutral
最大的	Shared/Neutral
就屌	Shared/Neutral
從未	Shared/Neutral
青瞓	Shared/Neutral
即日	Shared/Neutral
有幾個	Shared/Neutral
口講	Shared/Neutral
又或者	Shared/Neutral
弱點	Shared/Neutral
青山	Shared/Neutral
都驚	Shared/Neutral
親人	Shared/Neutral
利是	Shared/Neutral
球星	Shared/Neutral
野做	Shared/Neutral
大巴	Shared/Neutral
應該點	Shared/Neutral
歌曲	Shared/Neutral
再見	Shared/Neutral
覆核	Shared/Neutral
融入	Shared/Neutral
挑釁	Shared/Neutral
頒獎	Shared/Neutral
緬甸	Shared/Neutral
被判	Shared/Neutral
九龍灣	Shared/Neutral
親中派	Shared/Neutral
對準	Shared/Neutral
之時	Shared/Neutral
愛丁堡	Shared/Neutral
再睇	Shared/Neutral
認罪	Shared/Neutral
去去	Shared/Neutral
大國	Shared/Neutral
大陸仔	Shared/Neutral
豆腐	Shared/Neutral
傳出	Shared/Neutral
有沒有	Shared/Neutral
係香港	Shared/Neutral
時間去	Shared/Neutral
專業人士	Shared/Neutral
九龍城	Shared/Neutral
撚事咩	Shared/Neutral
有力	Shared/Neutral
儀式	Shared/Neutral
啟動	Shared/Neutral
爆料	Shared/Neutral
因為有	Shared/Neutral
梁振英	Shared/Neutral
現今	Shared/Neutral
都知道	Shared/Neutral
主觀	Shared/Neutral
呢招	Shared/Neutral
留守	Shared/Neutral
提過	Shared/Neutral
正皮	Shared/Neutral
高中	Shared/Neutral
熱情	Shared/Neutral
就算係	Shared/Neutral
天然	Shared/Neutral
真係得	Shared/Neutral
宣誓	Shared/Neutral
公告	Shared/Neutral
特權	Shared/Neutral
全職	Shared/Neutral
今季	Shared/Neutral
大大力	Shared/Neutral
太耐	Shared/Neutral
沙拿	Shared/Neutral
人打	Shared/Neutral
見證	Shared/Neutral
百年	Shared/Neutral
齊齊	Shared/Neutral
星期二	Shared/Neutral
蝗蟲	Shared/Neutral
陳雲	Shared/Neutral
當事	Shared/Neutral
當下	Shared/Neutral
綜援	Shared/Neutral
魔女	Shared/Neutral
於是	Shared/Neutral
則是	Shared/Neutral
有料	Shared/Neutral
通道	Shared/Neutral
正經	Shared/Neutral
話你知	Shared/Neutral
同屋企人	Shared/Neutral
就比	Shared/Neutral
到爆	Shared/Neutral
疑犯	Shared/Neutral
我都有	Shared/Neutral
召集	Shared/Neutral
我和	Shared/Neutral
要比	Shared/Neutral
司長	Shared/Neutral
的方式	Shared/Neutral
人之	Shared/Neutral
食個	Shared/Neutral
腦海	Shared/Neutral
句話	Shared/Neutral
禁制	Shared/Neutral
到呢	Shared/Neutral
正當	Shared/Neutral
點點點	Shared/Neutral
學生會	Shared/Neutral
局局長	Shared/Neutral
搜查	Shared/Neutral
工資	Shared/Neutral
毀滅	Shared/Neutral
等級	Shared/Neutral
首抽	Shared/Neutral
十足	Shared/Neutral
上盤	Shared/Neutral
放係	Shared/Neutral
樂園	Shared/Neutral
好玩	Shared/Neutral
最重要	Shared/Neutral
細細	Shared/Neutral
當晚	Shared/Neutral
裁定	Shared/Neutral
該名	Shared/Neutral
絕不	Shared/Neutral
雪糕	Shared/Neutral
世界級	Shared/Neutral
一秒	Shared/Neutral
幕後	Shared/Neutral
或以上	Shared/Neutral
我就係	Shared/Neutral
七年	Shared/Neutral
做狗	Shared/Neutral
收視	Shared/Neutral
咪就係	Shared/Neutral
可樂	Shared/Neutral
部長	Shared/Neutral
感覺到	Shared/Neutral
不夠	Shared/Neutral
報案	Shared/Neutral
我打	Shared/Neutral
所在	Shared/Neutral
倒數	Shared/Neutral
口供	Shared/Neutral
局面	Shared/Neutral
月費	Shared/Neutral
虐待	Shared/Neutral
主要	Shared/Neutral
右腳	Shared/Neutral
過夜	Shared/Neutral
南京	Shared/Neutral
和勇	Shared/Neutral
曝光	Shared/Neutral
模擬	Shared/Neutral
說的	Shared/Neutral
煲底	Shared/Neutral
鄰居	Shared/Neutral
果套	Shared/Neutral
西藏	Shared/Neutral
點都會	Shared/Neutral
新增	Shared/Neutral
差異	Shared/Neutral
熱帶	Shared/Neutral
階層	Shared/Neutral
好用	Shared/Neutral
手套	Shared/Neutral
有無得	Shared/Neutral
狗衝	Shared/Neutral
快過	Shared/Neutral
收到風	Shared/Neutral
葡萄牙	Shared/Neutral
住公屋	Shared/Neutral
我再	Shared/Neutral
而非	Shared/Neutral
大家要	Shared/Neutral
聽完	Shared/Neutral
兄弟爬山	Shared/Neutral
獨特	Shared/Neutral
永遠	Shared/Neutral
一餐	Shared/Neutral
有任何	Shared/Neutral
話過	Shared/Neutral
恐怕	Shared/Neutral
同伴	Shared/Neutral
診所	Shared/Neutral
出錢	Shared/Neutral
賣廣告	Shared/Neutral
剩係	Shared/Neutral
我之前	Shared/Neutral
做咩	Shared/Neutral
報應	Shared/Neutral
兇手	Shared/Neutral
升幅	Shared/Neutral
魚蛋	Shared/Neutral
高普	Shared/Neutral
明知	Shared/Neutral
今時今日	Shared/Neutral
地底	Shared/Neutral
好講	Shared/Neutral
鼓吹	Shared/Neutral
收得	Shared/Neutral
仲有得	Shared/Neutral
天地	Shared/Neutral
堅決	Shared/Neutral
身體健康	Shared/Neutral
最尾	Shared/Neutral
五個	Shared/Neutral
人都係	Shared/Neutral
學會	Shared/Neutral
騰訊	Shared/Neutral
兩粒	Shared/Neutral
疑問	Shared/Neutral
分組	Shared/Neutral
交收	Shared/Neutral
更衣	Shared/Neutral
很難	Shared/Neutral
博物館	Shared/Neutral
不僅	Shared/Neutral
賓周	Shared/Neutral
認清	Shared/Neutral
某些	Shared/Neutral
失誤	Shared/Neutral
贏家	Shared/Neutral
途中	Shared/Neutral
過度	Shared/Neutral
發展商	Shared/Neutral
勞動	Shared/Neutral
遵守	Shared/Neutral
契弟	Shared/Neutral
沙灣	Shared/Neutral
上落	Shared/Neutral
此時	Shared/Neutral
休班	Shared/Neutral
潛力	Shared/Neutral
最後都係	Shared/Neutral
捉住	Shared/Neutral
首都	Shared/Neutral
由細到大	Shared/Neutral
心想	Shared/Neutral
聽到	Shared/Neutral
一部分	Shared/Neutral
用戶	Shared/Neutral
贊助	Shared/Neutral
因而	Shared/Neutral
返入	Shared/Neutral
中國人	Shared/Neutral
中銀	Shared/Neutral
大批	Shared/Neutral
公司	Shared/Neutral
仍未	Shared/Neutral
得人	Shared/Neutral
兩樣	Shared/Neutral
大選	Shared/Neutral
你又	Shared/Neutral
兩國	Shared/Neutral
廖永祥	Shared/Neutral
死了	Shared/Neutral
賽季	Shared/Neutral
識人	Shared/Neutral
發現	Shared/Neutral
安裝	Shared/Neutral
事故	Shared/Neutral
迅速	Shared/Neutral
係咪會	Shared/Neutral
傷人	Shared/Neutral
你想	Shared/Neutral
屌我	Shared/Neutral
玩野	Shared/Neutral
諗野	Shared/Neutral
部車	Shared/Neutral
權益	Shared/Neutral
寧願	Shared/Neutral
講到明	Shared/Neutral
世人	Shared/Neutral
就變	Shared/Neutral
強迫	Shared/Neutral
防禦	Shared/Neutral
個陣	Shared/Neutral
電單車	Shared/Neutral
大跌	Shared/Neutral
我睇	Shared/Neutral
攬住	Shared/Neutral
而出	Shared/Neutral
肯定係	Shared/Neutral
用盡	Shared/Neutral
都同	Shared/Neutral
斯特	Shared/Neutral
我所	Shared/Neutral
鹹濕	Shared/Neutral
酒吧	Shared/Neutral
呢個世界	Shared/Neutral
強硬	Shared/Neutral
行路	Shared/Neutral
証明	Shared/Neutral
隊員	Shared/Neutral
它們	Shared/Neutral
頭部	Shared/Neutral
押後	Shared/Neutral
症狀	Shared/Neutral
開戰	Shared/Neutral
要走	Shared/Neutral
人才	Shared/Neutral
回去	Shared/Neutral
成條	Shared/Neutral
雜誌	Shared/Neutral
大門	Shared/Neutral
科學家	Shared/Neutral
過香港	Shared/Neutral
淺黃	Shared/Neutral
講返	Shared/Neutral
尼馬	Shared/Neutral
被指	Shared/Neutral
施壓	Shared/Neutral
老野	Shared/Neutral
重傷	Shared/Neutral
手臂	Shared/Neutral
幾時先	Shared/Neutral
北角	Shared/Neutral
入行	Shared/Neutral
番屋企	Shared/Neutral
有次	Shared/Neutral
中學	Shared/Neutral
即是	Shared/Neutral
投票率	Shared/Neutral
津貼	Shared/Neutral
一臉	Shared/Neutral
本身就係	Shared/Neutral
吹雞	Shared/Neutral
泛民	Shared/Neutral
係真係	Shared/Neutral
現有	Shared/Neutral
不推文	Shared/Neutral
信號	Shared/Neutral
人血饅頭	Shared/Neutral
放到	Shared/Neutral
半島	Shared/Neutral
抗拒	Shared/Neutral
油麻	Shared/Neutral
霸氣	Shared/Neutral
感冒	Shared/Neutral
散播	Shared/Neutral
版權	Shared/Neutral
關閉	Shared/Neutral
我想問	Shared/Neutral
我而家	Shared/Neutral
生效	Shared/Neutral
本身係	Shared/Neutral
辯論	Shared/Neutral
好多都	Shared/Neutral
管有	Shared/Neutral
返回	Shared/Neutral
真正的	Shared/Neutral
講埋	Shared/Neutral
全隊	Shared/Neutral
在中國	Shared/Neutral
要同	Shared/Neutral
勇武	Shared/Neutral
重量	Shared/Neutral
書院	Shared/Neutral
他們	Shared/Neutral
多幾次	Shared/Neutral
全新	Shared/Neutral
不願	Shared/Neutral
無理	Shared/Neutral
都係一個	Shared/Neutral
頭痛	Shared/Neutral
出得	Shared/Neutral
前的	Shared/Neutral
單一	Shared/Neutral
心目中	Shared/Neutral
臉上	Shared/Neutral
將自己	Shared/Neutral
九巴	Shared/Neutral
唱片	Shared/Neutral
會話	Shared/Neutral
三國	Shared/Neutral
新冠	Shared/Neutral
趕走	Shared/Neutral
睇人	Shared/Neutral
梁天琦	Shared/Neutral
職務	Shared/Neutral
財務	Shared/Neutral
下臺	Shared/Neutral
合照	Shared/Neutral
忽略	Shared/Neutral
用錢	Shared/Neutral
一撚樣	Shared/Neutral
上線	Shared/Neutral
都開始	Shared/Neutral
享有	Shared/Neutral
子華	Shared/Neutral
係未	Shared/Neutral
搖頭	Shared/Neutral
市中心	Shared/Neutral
可言	Shared/Neutral
行先	Shared/Neutral
大愛	Shared/Neutral
我而家	Shared/Neutral
太太	Shared/Neutral
中二	Shared/Neutral
魔力	Shared/Neutral
醒目	Shared/Neutral
可能是	Shared/Neutral
女性議員	Shared/Neutral
屯門	Shared/Neutral
管制	Shared/Neutral
美方	Shared/Neutral
黃圈	Shared/Neutral
又點會	Shared/Neutral
相關新聞	Shared/Neutral
如下	Shared/Neutral
係我地	Shared/Neutral
乞衣	Shared/Neutral
資深	Shared/Neutral
隱瞞	Shared/Neutral
會影響	Shared/Neutral
解決到	Shared/Neutral
都去	Shared/Neutral
準則	Shared/Neutral
老竇	Shared/Neutral
在一起	Shared/Neutral
邊個係	Shared/Neutral
一蚊	Shared/Neutral
有邊	Shared/Neutral
引導	Shared/Neutral
荒謬	Shared/Neutral
攻擊性	Shared/Neutral
理工	Shared/Neutral
大鑊	Shared/Neutral
就同	Shared/Neutral
有錯	Shared/Neutral
偷拍	Shared/Neutral
擁抱	Shared/Neutral
票數	Shared/Neutral
致命	Shared/Neutral
貸款	Shared/Neutral
笑道	Shared/Neutral
都買	Shared/Neutral
先進	Shared/Neutral
昏迷	Shared/Neutral
稱呼	Shared/Neutral
孤獨	Shared/Neutral
加快	Shared/Neutral
阿爸	Shared/Neutral
都係好	Shared/Neutral
造星	Shared/Neutral
隻馬	Shared/Neutral
身型	Shared/Neutral
自問	Shared/Neutral
方法可以	Shared/Neutral
櫻花	Shared/Neutral
門外	Shared/Neutral
一舊	Shared/Neutral
反思	Shared/Neutral
自豪	Shared/Neutral
太遲	Shared/Neutral
收回	Shared/Neutral
有女	Shared/Neutral
知道	Shared/Neutral
仲未	Shared/Neutral
的樣子	Shared/Neutral
出個	Shared/Neutral
手中	Shared/Neutral
得去邊	Shared/Neutral
一戰	Shared/Neutral
僱主	Shared/Neutral
呢單野	Shared/Neutral
歷史上	Shared/Neutral
執到	Shared/Neutral
希望可以	Shared/Neutral
侵略	Shared/Neutral
官司	Shared/Neutral
提起	Shared/Neutral
終身	Shared/Neutral
消費者	Shared/Neutral
為甚麼	Shared/Neutral
優點	Shared/Neutral
會面	Shared/Neutral
過海	Shared/Neutral
請教	Shared/Neutral
二戰	Shared/Neutral
國家的	Shared/Neutral
都係靠	Shared/Neutral
年尾	Shared/Neutral
不但	Shared/Neutral
簽約	Shared/Neutral
大律師	Shared/Neutral
意願	Shared/Neutral
拳頭	Shared/Neutral
五月	Shared/Neutral
你對	Shared/Neutral
永續	Shared/Neutral
自衛	Shared/Neutral
編輯	Shared/Neutral
襲警	Shared/Neutral
請人	Shared/Neutral
二百	Shared/Neutral
判決	Shared/Neutral
把撚	Shared/Neutral
我屋企	Shared/Neutral
會上	Shared/Neutral
在這裡	Shared/Neutral
建築物	Shared/Neutral
我個	Shared/Neutral
上星期	Shared/Neutral
慢慢	Shared/Neutral
誠意	Shared/Neutral
石油	Shared/Neutral
內戰	Shared/Neutral
某程度上	Shared/Neutral
泡菜	Shared/Neutral
好多人都	Shared/Neutral
重心	Shared/Neutral
殺到	Shared/Neutral
死曬	Shared/Neutral
對面	Shared/Neutral
天台	Shared/Neutral
拉埋	Shared/Neutral
定定	Shared/Neutral
白宮	Shared/Neutral
你咪	Shared/Neutral
果幾	Shared/Neutral
有著	Shared/Neutral
美洲	Shared/Neutral
張牀	Shared/Neutral
死因	Shared/Neutral
幾正	Shared/Neutral
死你	Shared/Neutral
的不	Shared/Neutral
惡劣	Shared/Neutral
過得	Shared/Neutral
幫到你	Shared/Neutral
個堆	Shared/Neutral
夫婦	Shared/Neutral
點講	Shared/Neutral
發覺	Shared/Neutral
人生	Shared/Neutral
網頁	Shared/Neutral
你打	Shared/Neutral
末日	Shared/Neutral
如果要	Shared/Neutral
上來	Shared/Neutral
了吧	Shared/Neutral
名牌	Shared/Neutral
第一集	Shared/Neutral
午餐	Shared/Neutral
猶豫	Shared/Neutral
肥佬	Shared/Neutral
軟件	Shared/Neutral
陪我	Shared/Neutral
幫手推	Shared/Neutral
真係笑	Shared/Neutral
就代表	Shared/Neutral
佛教	Shared/Neutral
副作用	Shared/Neutral
比喻	Shared/Neutral
原價	Shared/Neutral
李嘉	Shared/Neutral
流感	Shared/Neutral
身分證	Shared/Neutral
字母	Shared/Neutral
若果	Shared/Neutral
時話	Shared/Neutral
領養	Shared/Neutral
茶記	Shared/Neutral
有講	Shared/Neutral
更高	Shared/Neutral
都做到	Shared/Neutral
商界	Shared/Neutral
死去	Shared/Neutral
置頂	Shared/Neutral
延續	Shared/Neutral
了嗎	Shared/Neutral
是咪	Shared/Neutral
殺手	Shared/Neutral
我地係	Shared/Neutral
元朗	Shared/Neutral
上半場	Shared/Neutral
就係你	Shared/Neutral
甘心	Shared/Neutral
食埋	Shared/Neutral
好明顯	Shared/Neutral
去完	Shared/Neutral
第一步	Shared/Neutral
都要有	Shared/Neutral
大雨	Shared/Neutral
由頭到尾	Shared/Neutral
太子站	Shared/Neutral
會同	Shared/Neutral
都變	Shared/Neutral
模一樣	Shared/Neutral
一輩	Shared/Neutral
我都好	Shared/Neutral
全年	Shared/Neutral
急救	Shared/Neutral
連結	Shared/Neutral
我記得	Shared/Neutral
一流	Shared/Neutral
水魚	Shared/Neutral
識到	Shared/Neutral
快活	Shared/Neutral
搵到個	Shared/Neutral
下人	Shared/Neutral
當場	Shared/Neutral
在他	Shared/Neutral
能源	Shared/Neutral
輪姦	Shared/Neutral
港共	Shared/Neutral
之間的	Shared/Neutral
油麻地	Shared/Neutral
麻麻地	Shared/Neutral
兩件	Shared/Neutral
西哥	Shared/Neutral
慘過	Shared/Neutral
荃灣	Shared/Neutral
呢位	Shared/Neutral
消化	Shared/Neutral
證人	Shared/Neutral
俄佬	Shared/Neutral
察覺	Shared/Neutral
求助	Shared/Neutral
綁架	Shared/Neutral
下的	Shared/Neutral
都係一樣	Shared/Neutral
國際	Shared/Neutral
一提	Shared/Neutral
前日	Shared/Neutral
大賽	Shared/Neutral
就被	Shared/Neutral
走出	Shared/Neutral
帶到	Shared/Neutral
街場	Shared/Neutral
小龍	Shared/Neutral
啤酒	Shared/Neutral
上庭	Shared/Neutral
此刻	Shared/Neutral
叫春	Shared/Neutral
但個	Shared/Neutral
哩個	Shared/Neutral
就直接	Shared/Neutral
狗隻	Shared/Neutral
贏得	Shared/Neutral
不懂	Shared/Neutral
六合彩	Shared/Neutral
兒登仔	Shared/Neutral
之地	Shared/Neutral
彩虹	Shared/Neutral
兩星期	Shared/Neutral
主演	Shared/Neutral
基佬	Shared/Neutral
心跳	Shared/Neutral
記者	Shared/Neutral
其實都	Shared/Neutral
大問題	Shared/Neutral
富豪	Shared/Neutral
無線	Shared/Neutral
無能	Shared/Neutral
寂寞	Shared/Neutral
意粉	Shared/Neutral
速龍	Shared/Neutral
的位置	Shared/Neutral
凍結	Shared/Neutral
德甲	Shared/Neutral
今屆	Shared/Neutral
再打	Shared/Neutral
藥物	Shared/Neutral
份人	Shared/Neutral
尼斯	Shared/Neutral
搞到我	Shared/Neutral
價位	Shared/Neutral
組隊	Shared/Neutral
隻野	Shared/Neutral
係為	Shared/Neutral
身影	Shared/Neutral
個到	Shared/Neutral
呢堆	Shared/Neutral
俾人	Shared/Neutral
之所以	Shared/Neutral
復仇	Shared/Neutral
世界第一	Shared/Neutral
事發	Shared/Neutral
波蘭	Shared/Neutral
好鐘意	Shared/Neutral
執政	Shared/Neutral
願望	Shared/Neutral
逐個	Shared/Neutral
可以打	Shared/Neutral
巨大	Shared/Neutral
魔鬼	Shared/Neutral
壞事	Shared/Neutral
半夜	Shared/Neutral
況且	Shared/Neutral
干涉	Shared/Neutral
盲目	Shared/Neutral
終點	Shared/Neutral
衡量	Shared/Neutral
有無巴打	Shared/Neutral
都有一個人	Shared/Neutral
會死	Shared/Neutral
抵撚死	Shared/Neutral
邊爐	Shared/Neutral
又未	Shared/Neutral
和解	Shared/Neutral
就不	Shared/Neutral
己經	Shared/Neutral
看了	Shared/Neutral
傳奇	Shared/Neutral
會計	Shared/Neutral
行車	Shared/Neutral
一句	Shared/Neutral
心急	Shared/Neutral
以下	Shared/Neutral
睇好	Shared/Neutral
一個禮拜	Shared/Neutral
十二碼	Shared/Neutral
上山	Shared/Neutral
犀利	Shared/Neutral
造型	Shared/Neutral
老尾	Shared/Neutral
反修例	Shared/Neutral
大圍	Shared/Neutral
不出	Shared/Neutral
共產主義	Shared/Neutral
就知道	Shared/Neutral
都話	Shared/Neutral
加密	Shared/Neutral
南區	Shared/Neutral
幽默	Shared/Neutral
聆聽	Shared/Neutral
行星	Shared/Neutral
便宜	Shared/Neutral
呢種	Shared/Neutral
之路	Shared/Neutral
仍有	Shared/Neutral
就咪	Shared/Neutral
比人話	Shared/Neutral
胡椒	Shared/Neutral
買人	Shared/Neutral
醫管局	Shared/Neutral
用品	Shared/Neutral
澳門	Shared/Neutral
汽油彈	Shared/Neutral
時勢	Shared/Neutral
召開	Shared/Neutral
書記	Shared/Neutral
新野	Shared/Neutral
追蹤	Shared/Neutral
前進	Shared/Neutral
去死	Shared/Neutral
總監	Shared/Neutral
呢條	Shared/Neutral
睇曬	Shared/Neutral
魔王	Shared/Neutral
合理化	Shared/Neutral
阿姐	Shared/Neutral
愛的	Shared/Neutral
放心	Shared/Neutral
幾好睇	Shared/Neutral
懷念	Shared/Neutral
已經被	Shared/Neutral
一票	Shared/Neutral
十九	Shared/Neutral
好好笑	Shared/Neutral
中港	Shared/Neutral
這就是	Shared/Neutral
濕濕	Shared/Neutral
珍珠	Shared/Neutral
支國	Shared/Neutral
街道	Shared/Neutral
係呢	Shared/Neutral
我用	Shared/Neutral
友誼	Shared/Neutral
只想	Shared/Neutral
學界	Shared/Neutral
緊你	Shared/Neutral
播放	Shared/Neutral
豪宅	Shared/Neutral
工聯會	Shared/Neutral
亦都係	Shared/Neutral
好貴	Shared/Neutral
心底	Shared/Neutral
榮譽	Shared/Neutral
源頭	Shared/Neutral
太遠	Shared/Neutral
有病	Shared/Neutral
食品	Shared/Neutral
烈士	Shared/Neutral
腳步	Shared/Neutral
墨西哥	Shared/Neutral
拍過	Shared/Neutral
捐款	Shared/Neutral
要小心	Shared/Neutral
比班	Shared/Neutral
九龍塘	Shared/Neutral
到今日	Shared/Neutral
係做	Shared/Neutral
埋身	Shared/Neutral
關事	Shared/Neutral
只係一個	Shared/Neutral
引致	Shared/Neutral
諗嚇	Shared/Neutral
算是	Shared/Neutral
落力	Shared/Neutral
推行	Shared/Neutral
迴避	Shared/Neutral
佩服	Shared/Neutral
喉嚨	Shared/Neutral
想打	Shared/Neutral
種種	Shared/Neutral
點玩	Shared/Neutral
三毛	Shared/Neutral
大多	Shared/Neutral
咪又	Shared/Neutral
工作人員	Shared/Neutral
前輩	Shared/Neutral
發電	Shared/Neutral
上任	Shared/Neutral
臺仔	Shared/Neutral
同我一樣	Shared/Neutral
球王	Shared/Neutral
跪低	Shared/Neutral
週末	Shared/Neutral
傳聞	Shared/Neutral
權威	Shared/Neutral
訊號	Shared/Neutral
咖哩	Shared/Neutral
民主法案	Shared/Neutral
出哂	Shared/Neutral
沒有	Shared/Neutral
打倒	Shared/Neutral
低能	Shared/Neutral
我以為	Shared/Neutral
上心	Shared/Neutral
小孩	Shared/Neutral
就講	Shared/Neutral
營業	Shared/Neutral
天的	Shared/Neutral
治安	Shared/Neutral
當自己	Shared/Neutral
艱難	Shared/Neutral
更衣室	Shared/Neutral
背心	Shared/Neutral
最撚	Shared/Neutral
屌得	Shared/Neutral
瞓著	Shared/Neutral
專用	Shared/Neutral
都食	Shared/Neutral
間鋪	Shared/Neutral
擔保	Shared/Neutral
對立	Shared/Neutral
村民	Shared/Neutral
說了	Shared/Neutral
面上	Shared/Neutral
一塊	Shared/Neutral
互聯網	Shared/Neutral
也不會	Shared/Neutral
可信	Shared/Neutral
正能量	Shared/Neutral
未經	Shared/Neutral
政客	Shared/Neutral
連奴	Shared/Neutral
老老實實	Shared/Neutral
打氣	Shared/Neutral
近代	Shared/Neutral
遭到	Shared/Neutral
呢場	Shared/Neutral
三隻	Shared/Neutral
蝗語	Shared/Neutral
一拳	Shared/Neutral
雪櫃	Shared/Neutral
有車	Shared/Neutral
踢走	Shared/Neutral
假設	Shared/Neutral
陷阱	Shared/Neutral
我同	Shared/Neutral
都有好多	Shared/Neutral
消息指	Shared/Neutral
所謂	Shared/Neutral
三萬	Shared/Neutral
能否	Shared/Neutral
警車	Shared/Neutral
睇開	Shared/Neutral
係香港人	Shared/Neutral
入坑	Shared/Neutral
命中	Shared/Neutral
那種	Shared/Neutral
加埋	Shared/Neutral
毒品	Shared/Neutral
半個月	Shared/Neutral
曾經	Shared/Neutral
德里	Shared/Neutral
還好	Shared/Neutral
有時會	Shared/Neutral
最難	Shared/Neutral
你都要	Shared/Neutral
公關	Shared/Neutral
突然間	Shared/Neutral
上月	Shared/Neutral
等多	Shared/Neutral
食花生	Shared/Neutral
就能	Shared/Neutral
有幾多個	Shared/Neutral
即刻	Shared/Neutral
顯然	Shared/Neutral
先開	Shared/Neutral
用家	Shared/Neutral
日常生活	Shared/Neutral
結合	Shared/Neutral
咪即係	Shared/Neutral
的中國	Shared/Neutral
幾有	Shared/Neutral
第六	Shared/Neutral
國慶	Shared/Neutral
滅亡	Shared/Neutral
黨員	Shared/Neutral
想玩	Shared/Neutral
你應該	Shared/Neutral
癱瘓	Shared/Neutral
外地	Shared/Neutral
抗疫	Shared/Neutral
出力	Shared/Neutral
出生	Shared/Neutral
瞓到	Shared/Neutral
出於	Shared/Neutral
暗瘡	Shared/Neutral
有撚	Shared/Neutral
藥房	Shared/Neutral
消防員	Shared/Neutral
煮飯	Shared/Neutral
過一	Shared/Neutral
政治	Shared/Neutral
已經好好	Shared/Neutral
帶埋	Shared/Neutral
想死	Shared/Neutral
魅力	Shared/Neutral
副主席	Shared/Neutral
無理由	Shared/Neutral
你咩	Shared/Neutral
係垃圾	Shared/Neutral
警棍	Shared/Neutral
出售	Shared/Neutral
同我地	Shared/Neutral
人間	Shared/Neutral
牛熊	Shared/Neutral
呢個名	Shared/Neutral
周同學	Shared/Neutral
就入	Shared/Neutral
界別	Shared/Neutral
出埋	Shared/Neutral
風景	Shared/Neutral
實踐	Shared/Neutral
重點	Shared/Neutral
要自己	Shared/Neutral
示範	Shared/Neutral
座位	Shared/Neutral
識玩	Shared/Neutral
解讀	Shared/Neutral
興建	Shared/Neutral
舊錢	Shared/Neutral
白衫	Shared/Neutral
有名	Shared/Neutral
最慘	Shared/Neutral
兩老	Shared/Neutral
比你地	Shared/Neutral
領導人	Shared/Neutral
展現	Shared/Neutral
利記	Shared/Neutral
就放	Shared/Neutral
娛樂圈	Shared/Neutral
蘋果日報	Shared/Neutral
一來	Shared/Neutral
那裡	Shared/Neutral
以至	Shared/Neutral
轉型	Shared/Neutral
睇返	Shared/Neutral
出門口	Shared/Neutral
都係垃圾	Shared/Neutral
培訓	Shared/Neutral
辦事處	Shared/Neutral
去了	Shared/Neutral
我寧願	Shared/Neutral
生果	Shared/Neutral
邊緣	Shared/Neutral
共產黨	Shared/Neutral
之鋒	Shared/Neutral
對人	Shared/Neutral
導彈	Shared/Neutral
沒有任何	Shared/Neutral
呢個人	Shared/Neutral
就等於	Shared/Neutral
是誰	Shared/Neutral
廣東省	Shared/Neutral
外的	Shared/Neutral
一開頭	Shared/Neutral
允許	Shared/Neutral
指標	Shared/Neutral
咩野	Shared/Neutral
年初	Shared/Neutral
搵過	Shared/Neutral
莫斯	Shared/Neutral
點諗	Shared/Neutral
但在	Shared/Neutral
宣揚	Shared/Neutral
低頭	Shared/Neutral
教堂	Shared/Neutral
踢爆	Shared/Neutral
都俾人	Shared/Neutral
你買	Shared/Neutral
好細	Shared/Neutral
贏波	Shared/Neutral
香港特別行政區	Shared/Neutral
同胞	Shared/Neutral
同阿	Shared/Neutral
止蝕	Shared/Neutral
賭場	Shared/Neutral
打扮	Shared/Neutral
高雄	Shared/Neutral
之後先	Shared/Neutral
補貼	Shared/Neutral
反對派	Shared/Neutral
整容	Shared/Neutral
好煩	Shared/Neutral
高潮	Shared/Neutral
便利	Shared/Neutral
君堯	Shared/Neutral
姿勢	Shared/Neutral
肚餓	Shared/Neutral
都見到	Shared/Neutral
前場	Shared/Neutral
連鎖	Shared/Neutral
每個人	Shared/Neutral
便會	Shared/Neutral
分類	Shared/Neutral
落單	Shared/Neutral
敦道	Shared/Neutral
劇場	Shared/Neutral
多餘	Shared/Neutral
有成	Shared/Neutral
支持你	Shared/Neutral
頭上	Shared/Neutral
救護車	Shared/Neutral
個男人	Shared/Neutral
只不過係	Shared/Neutral
接納	Shared/Neutral
老解	Shared/Neutral
運費	Shared/Neutral
工程師	Shared/Neutral
遍地開花	Shared/Neutral
得入	Shared/Neutral
君子	Shared/Neutral
篇野	Shared/Neutral
人先	Shared/Neutral
天王	Shared/Neutral
實在太	Shared/Neutral
打一	Shared/Neutral
演藝	Shared/Neutral
遊樂	Shared/Neutral
點同	Shared/Neutral
回血	Shared/Neutral
住自己	Shared/Neutral
人用	Shared/Neutral
同盟	Shared/Neutral
幾蚊	Shared/Neutral
何妖	Shared/Neutral
港區	Shared/Neutral
勇士	Shared/Neutral
深藍	Shared/Neutral
到成	Shared/Neutral
忠誠	Shared/Neutral
遊行	Shared/Neutral
不容	Shared/Neutral
你已經	Shared/Neutral
集氣	Shared/Neutral
不久	Shared/Neutral
獌狗	Shared/Neutral
動員	Shared/Neutral
代言	Shared/Neutral
想過	Shared/Neutral
清場	Shared/Neutral
疾病	Shared/Neutral
顛覆	Shared/Neutral
台灣	Shared/Neutral
之戰	Shared/Neutral
早日	Shared/Neutral
滅絕	Shared/Neutral
愛我	Shared/Neutral
裝飾	Shared/Neutral
無效	Shared/Neutral
綠帽	Shared/Neutral
電動	Shared/Neutral
必需	Shared/Neutral
洗頭	Shared/Neutral
自己諗	Shared/Neutral
罷買	Shared/Neutral
流傳	Shared/Neutral
抗爭	Shared/Neutral
依家係	Shared/Neutral
而不是	Shared/Neutral
迎接	Shared/Neutral
百姓	Shared/Neutral
最後一次	Shared/Neutral
周邊	Shared/Neutral
毓民	Shared/Neutral
電話	Shared/Neutral
手下	Shared/Neutral
不得不	Shared/Neutral
購物	Shared/Neutral
了一下	Shared/Neutral
只得	Shared/Neutral
呢行	Shared/Neutral
英國人	Shared/Neutral
支那人	Shared/Neutral
同美國	Shared/Neutral
慾望	Shared/Neutral
呢條友	Shared/Neutral
業界	Shared/Neutral
貝爾	Shared/Neutral
芝士	Shared/Neutral
斷腳	Shared/Neutral
同小	Shared/Neutral
從此	Shared/Neutral
行緊	Shared/Neutral
街站	Shared/Neutral
我一直	Shared/Neutral
延長	Shared/Neutral
彥霖	Shared/Neutral
消毒	Shared/Neutral
同有	Shared/Neutral
言之	Shared/Neutral
要搞	Shared/Neutral
都成日	Shared/Neutral
鄉黑	Shared/Neutral
海洋公園	Shared/Neutral
颱風	Shared/Neutral
都仲要	Shared/Neutral
焦土	Shared/Neutral
星期四	Shared/Neutral
車廂	Shared/Neutral
以免	Shared/Neutral
裁決	Shared/Neutral
把刀	Shared/Neutral
果到	Shared/Neutral
是不是	Shared/Neutral
立法會選舉	Shared/Neutral
吸引力	Shared/Neutral
字頭	Shared/Neutral
重開	Shared/Neutral
微微	Shared/Neutral
電車	Shared/Neutral
聖誕節	Shared/Neutral
咪好	Shared/Neutral
心事	Shared/Neutral
有信心	Shared/Neutral
身旁	Shared/Neutral
不受	Shared/Neutral
又大	Shared/Neutral
收市	Shared/Neutral
多數都係	Shared/Neutral
朋友	Shared/Neutral
返我	Shared/Neutral
店舖	Shared/Neutral
開了	Shared/Neutral
電訊	Shared/Neutral
被打	Shared/Neutral
多元	Shared/Neutral
拿拿	Shared/Neutral
普通	Shared/Neutral
通關	Shared/Neutral
總站	Shared/Neutral
其它	Shared/Neutral
大小	Shared/Neutral
排到	Shared/Neutral
發癲	Shared/Neutral
人家	Shared/Neutral
寫字	Shared/Neutral
就一定要	Shared/Neutral
一單	Shared/Neutral
不良	Shared/Neutral
泳池	Shared/Neutral
睇番	Shared/Neutral
的一個	Shared/Neutral
無哂	Shared/Neutral
我應該	Shared/Neutral
都市	Shared/Neutral
存在感	Shared/Neutral
風扇	Shared/Neutral
樣樣	Shared/Neutral
引擎	Shared/Neutral
呢套	Shared/Neutral
單程	Shared/Neutral
封信	Shared/Neutral
風水	Shared/Neutral
要點	Shared/Neutral
得好快	Shared/Neutral
跟隨	Shared/Neutral
妥協	Shared/Neutral
少過	Shared/Neutral
臺幣	Shared/Neutral
無意	Shared/Neutral
索性	Shared/Neutral
順手	Shared/Neutral
重要性	Shared/Neutral
收拾	Shared/Neutral
笑到	Shared/Neutral
輕鐵	Shared/Neutral
前方	Shared/Neutral
眼睇	Shared/Neutral
地點	Shared/Neutral
生的	Shared/Neutral
硬食	Shared/Neutral
要再	Shared/Neutral
強隊	Shared/Neutral
志偉	Shared/Neutral
今早	Shared/Neutral
收緊	Shared/Neutral
關口	Shared/Neutral
閣下	Shared/Neutral
衛兵	Shared/Neutral
制定	Shared/Neutral
那樣	Shared/Neutral
案例	Shared/Neutral
穆斯	Shared/Neutral
都搞	Shared/Neutral
出兵	Shared/Neutral
一道	Shared/Neutral
向後	Shared/Neutral
碎片	Shared/Neutral
淨係得	Shared/Neutral
打埋	Shared/Neutral
二世	Shared/Neutral
拖住	Shared/Neutral
成班人	Shared/Neutral
商務	Shared/Neutral
一個好	Shared/Neutral
同時間	Shared/Neutral
人話	Shared/Neutral
還押	Shared/Neutral
口音	Shared/Neutral
段片	Shared/Neutral
一講	Shared/Neutral
擊敗	Shared/Neutral
都一定	Shared/Neutral
升降	Shared/Neutral
吾爾	Shared/Neutral
同你一齊	Shared/Neutral
想用	Shared/Neutral
先做到	Shared/Neutral
發行日期	Shared/Neutral
身邊	Shared/Neutral
之後會	Shared/Neutral
原地	Shared/Neutral
車牌	Shared/Neutral
可能係	Shared/Neutral
繁忙	Shared/Neutral
此外	Shared/Neutral
三星	Shared/Neutral
是要	Shared/Neutral
狗會	Shared/Neutral
也可以	Shared/Neutral
二千	Shared/Neutral
頭來	Shared/Neutral
風波	Shared/Neutral
中秋	Shared/Neutral
外匯	Shared/Neutral
監警	Shared/Neutral
比利時	Shared/Neutral
傳送	Shared/Neutral
涉事	Shared/Neutral
創業	Shared/Neutral
先到	Shared/Neutral
靈活	Shared/Neutral
阿拉伯	Shared/Neutral
拉麵	Shared/Neutral
六年	Shared/Neutral
酒樓	Shared/Neutral
模糊	Shared/Neutral
有什麼	Shared/Neutral
都真係	Shared/Neutral
二代	Shared/Neutral
先話	Shared/Neutral
區內	Shared/Neutral
但係我	Shared/Neutral
商戶	Shared/Neutral
份量	Shared/Neutral
國防	Shared/Neutral
第一季	Shared/Neutral
騎劫	Shared/Neutral
呢樣	Shared/Neutral
帳號	Shared/Neutral
換走	Shared/Neutral
任何	Shared/Neutral
沒事	Shared/Neutral
猶太人	Shared/Neutral
後再	Shared/Neutral
但都係	Shared/Neutral
最新	Shared/Neutral
的國家	Shared/Neutral
條文	Shared/Neutral
三文	Shared/Neutral
尚未	Shared/Neutral
採用	Shared/Neutral
羣組	Shared/Neutral
果然	Shared/Neutral
俾大家	Shared/Neutral
氣候	Shared/Neutral
不過係	Shared/Neutral
美國總統	Shared/Neutral
江湖	Shared/Neutral
大中華	Shared/Neutral
就咪撚	Shared/Neutral
特性	Shared/Neutral
撚到仆街	Shared/Neutral
國語	Shared/Neutral
選擇性	Shared/Neutral
融合	Shared/Neutral
惡化	Shared/Neutral
最叻	Shared/Neutral
埋我	Shared/Neutral
貪污	Shared/Neutral
一件事	Shared/Neutral
仍在	Shared/Neutral
真係好正	Shared/Neutral
講自己	Shared/Neutral
吉野	Shared/Neutral
騎師	Shared/Neutral
比我地	Shared/Neutral
會對	Shared/Neutral
帶口罩	Shared/Neutral
之人	Shared/Neutral
依舊	Shared/Neutral
羣體	Shared/Neutral
萬個	Shared/Neutral
保皇黨	Shared/Neutral
大家可以	Shared/Neutral
份糧	Shared/Neutral
總裁	Shared/Neutral
馬鞍山	Shared/Neutral
香港地	Shared/Neutral
比到	Shared/Neutral
太平洋	Shared/Neutral
好似無	Shared/Neutral
驅逐	Shared/Neutral
第三者	Shared/Neutral
會心	Shared/Neutral
景點	Shared/Neutral
生性	Shared/Neutral
舉起	Shared/Neutral
應該是	Shared/Neutral
只可以	Shared/Neutral
大專	Shared/Neutral
腦袋	Shared/Neutral
就開	Shared/Neutral
無罪	Shared/Neutral
打卡	Shared/Neutral
市長	Shared/Neutral
財富	Shared/Neutral
合一	Shared/Neutral
幾靚	Shared/Neutral
作曲	Shared/Neutral
打後	Shared/Neutral
摧毀	Shared/Neutral
脂肪	Shared/Neutral
車車	Shared/Neutral
係話	Shared/Neutral
就完	Shared/Neutral
這個	Shared/Neutral
獎金	Shared/Neutral
農業	Shared/Neutral
折磨	Shared/Neutral
圍攻	Shared/Neutral
我淨係	Shared/Neutral
多到	Shared/Neutral
接手	Shared/Neutral
個度	Shared/Neutral
西貢	Shared/Neutral
幾千蚊	Shared/Neutral
約束	Shared/Neutral
有間	Shared/Neutral
監督	Shared/Neutral
公婆	Shared/Neutral
眾志	Shared/Neutral
芷若	Shared/Neutral
幾間	Shared/Neutral
俾人打	Shared/Neutral
兩間	Shared/Neutral
八年	Shared/Neutral
收手	Shared/Neutral
你就會	Shared/Neutral
穆斯林	Shared/Neutral
號召	Shared/Neutral
轉移視線	Shared/Neutral
夜晚	Shared/Neutral
好容易	Shared/Neutral
我最	Shared/Neutral
女女	Shared/Neutral
後代	Shared/Neutral
按摩	Shared/Neutral
遊擊	Shared/Neutral
拍到	Shared/Neutral
火龍	Shared/Neutral
再出	Shared/Neutral
東區	Shared/Neutral
葵涌	Shared/Neutral
邊境	Shared/Neutral
之後又	Shared/Neutral
係假	Shared/Neutral
就越	Shared/Neutral
坐低	Shared/Neutral
計畫	Shared/Neutral
促進	Shared/Neutral
生日	Shared/Neutral
旨意	Shared/Neutral
平手	Shared/Neutral
抱住	Shared/Neutral
運行	Shared/Neutral
海鮮	Shared/Neutral
老母	Shared/Neutral
會做	Shared/Neutral
一口氣	Shared/Neutral
見到有人	Shared/Neutral
撤銷	Shared/Neutral
太少	Shared/Neutral
支出	Shared/Neutral
皇后	Shared/Neutral
妄想	Shared/Neutral
撚把	Shared/Neutral
同樣	Shared/Neutral
角落	Shared/Neutral
晶片	Shared/Neutral
柏林	Shared/Neutral
流亡	Shared/Neutral
哪裡	Shared/Neutral
永遠都係	Shared/Neutral
寶寶	Shared/Neutral
新機	Shared/Neutral
靜坐	Shared/Neutral
認同	Shared/Neutral
頭腦	Shared/Neutral
屈人	Shared/Neutral
去美國	Shared/Neutral
有日	Shared/Neutral
祈禱	Shared/Neutral
足協	Shared/Neutral
重組	Shared/Neutral
現貨	Shared/Neutral
問點解	Shared/Neutral
去廁所	Shared/Neutral
參賽者	Shared/Neutral
屌完	Shared/Neutral
不得了	Shared/Neutral
星星	Shared/Neutral
出面	Shared/Neutral
目前	Shared/Neutral
仲有無	Shared/Neutral
曖昧	Shared/Neutral
武功	Shared/Neutral
亞冠	Shared/Neutral
充分	Shared/Neutral
財經	Shared/Neutral
上半	Shared/Neutral
不管	Shared/Neutral
一分鐘	Shared/Neutral
再做	Shared/Neutral
外援	Shared/Neutral
從事	Shared/Neutral
女童	Shared/Neutral
渠道	Shared/Neutral
等睇	Shared/Neutral
共享	Shared/Neutral
最多咪	Shared/Neutral
他又	Shared/Neutral
出貨	Shared/Neutral
你食	Shared/Neutral
物種	Shared/Neutral
出自	Shared/Neutral
入門	Shared/Neutral
在內	Shared/Neutral
邊隊	Shared/Neutral
已是	Shared/Neutral
個人覺得	Shared/Neutral
入返	Shared/Neutral
白白	Shared/Neutral
準備	Shared/Neutral
合併	Shared/Neutral
最好的	Shared/Neutral
等睇	Shared/Neutral
醫生	Shared/Neutral
康復	Shared/Neutral
呢個真	Shared/Neutral
就搵	Shared/Neutral
政協	Shared/Neutral
名為	Shared/Neutral
教人	Shared/Neutral
毫不	Shared/Neutral
沒想到	Shared/Neutral
封殺	Shared/Neutral
維吾爾	Shared/Neutral
大獲	Shared/Neutral
慈善	Shared/Neutral
四周	Shared/Neutral
爾斯	Shared/Neutral
仔同	Shared/Neutral
荔枝	Shared/Neutral
網路	Shared/Neutral
同你一樣	Shared/Neutral
個套	Shared/Neutral
大嶼	Shared/Neutral
料到	Shared/Neutral
阿爺	Shared/Neutral
大橋	Shared/Neutral
上過	Shared/Neutral
出行	Shared/Neutral
酒精	Shared/Neutral
溫暖	Shared/Neutral
之前有	Shared/Neutral
過半	Shared/Neutral
只有一	Shared/Neutral
降班	Shared/Neutral
食肆	Shared/Neutral
打字	Shared/Neutral
一看	Shared/Neutral
狼人	Shared/Neutral
先係最	Shared/Neutral
有得揀	Shared/Neutral
背叛	Shared/Neutral
個個人	Shared/Neutral
先會有	Shared/Neutral
行落去	Shared/Neutral
出國	Shared/Neutral
天主教	Shared/Neutral
知我	Shared/Neutral
視野	Shared/Neutral
港版	Shared/Neutral
預約	Shared/Neutral
街上	Shared/Neutral
客氣	Shared/Neutral
一心	Shared/Neutral
大道	Shared/Neutral
撤退	Shared/Neutral
帶走	Shared/Neutral
溫泉	Shared/Neutral
一齊玩	Shared/Neutral
一季	Shared/Neutral
主辦	Shared/Neutral
歡迎	Shared/Neutral
特價	Shared/Neutral
趨勢	Shared/Neutral
垃圾桶	Shared/Neutral
捱到	Shared/Neutral
女王	Shared/Neutral
輔助	Shared/Neutral
不敗	Shared/Neutral
剩低	Shared/Neutral
一兩個	Shared/Neutral
一定係	Shared/Neutral
拿著	Shared/Neutral
你都	Shared/Neutral
好似話	Shared/Neutral
我以前	Shared/Neutral
隻隻	Shared/Neutral
殺人犯	Shared/Neutral
零件	Shared/Neutral
十年代	Shared/Neutral
大學畢業	Shared/Neutral
角道	Shared/Neutral
個男仔	Shared/Neutral
無所	Shared/Neutral
屌你老味	Shared/Neutral
要講	Shared/Neutral
響起	Shared/Neutral
發燒	Shared/Neutral
但真係	Shared/Neutral
平反	Shared/Neutral
離去	Shared/Neutral
跳閘	Shared/Neutral
糧食	Shared/Neutral
言語	Shared/Neutral
亦是	Shared/Neutral
公子	Shared/Neutral
都屌	Shared/Neutral
走過	Shared/Neutral
係臺灣	Shared/Neutral
你以為	Shared/Neutral
完又	Shared/Neutral
電郵	Shared/Neutral
國難	Shared/Neutral
左翼	Shared/Neutral
無所謂	Shared/Neutral
可靠	Shared/Neutral
呢單	Shared/Neutral
真理	Shared/Neutral
有幾大	Shared/Neutral
將在	Shared/Neutral
個女人	Shared/Neutral
大西北	Shared/Neutral
重點係	Shared/Neutral
理撚	Shared/Neutral
好好多	Shared/Neutral
對腳	Shared/Neutral
對住	Shared/Neutral
貴族	Shared/Neutral
這場	Shared/Neutral
得罪	Shared/Neutral
中國共產黨	Shared/Neutral
出戰	Shared/Neutral
分佈	Shared/Neutral
路過	Shared/Neutral
十點	Shared/Neutral
極大	Shared/Neutral
真正	Shared/Neutral
一刀	Shared/Neutral
親友	Shared/Neutral
有愛	Shared/Neutral
起到	Shared/Neutral
都入	Shared/Neutral
上映	Shared/Neutral
穿著	Shared/Neutral
好撚勁	Shared/Neutral
而我	Shared/Neutral
維基	Shared/Neutral
美女	Shared/Neutral
人又	Shared/Neutral
及時	Shared/Neutral
踢法	Shared/Neutral
選項	Shared/Neutral
韓國瑜	Shared/Neutral
女方	Shared/Neutral
手持	Shared/Neutral
其間	Shared/Neutral
證券	Shared/Neutral
先算	Shared/Neutral
有手足	Shared/Neutral
遠離	Shared/Neutral
都係無	Shared/Neutral
灰色	Shared/Neutral
事前	Shared/Neutral
優秀	Shared/Neutral
也不是	Shared/Neutral
依法	Shared/Neutral
同你	Shared/Neutral
你地班	Shared/Neutral
入屋	Shared/Neutral
頓時	Shared/Neutral
不適	Shared/Neutral
最平	Shared/Neutral
論述	Shared/Neutral
清理	Shared/Neutral
就更加	Shared/Neutral
庇護	Shared/Neutral
請求	Shared/Neutral
僕你個	Shared/Neutral
開場	Shared/Neutral
傻西	Shared/Neutral
全能	Shared/Neutral
監視	Shared/Neutral
幫幫手	Shared/Neutral
對波	Shared/Neutral
他認為	Shared/Neutral
輪迴	Shared/Neutral
電池	Shared/Neutral
除非你	Shared/Neutral
醫護人員	Shared/Neutral
涉案	Shared/Neutral
鍾意	Shared/Neutral
李城	Shared/Neutral
不覺	Shared/Neutral
建國	Shared/Neutral
發現自己	Shared/Neutral
自殺身亡	Shared/Neutral
可以令	Shared/Neutral
一月	Shared/Neutral
要係	Shared/Neutral
一係就	Shared/Neutral
發放	Shared/Neutral
覆蓋	Shared/Neutral
廢除	Shared/Neutral
唯有	Shared/Neutral
隨意	Shared/Neutral
我成日	Shared/Neutral
民心	Shared/Neutral
是但	Shared/Neutral
物件	Shared/Neutral
轉行	Shared/Neutral
還未	Shared/Neutral
先夠	Shared/Neutral
王國	Shared/Neutral
素材	Shared/Neutral
將個	Shared/Neutral
增強	Shared/Neutral
跑到	Shared/Neutral
拿出	Shared/Neutral
人為	Shared/Neutral
講曬	Shared/Neutral
把我	Shared/Neutral
傳波	Shared/Neutral
豁免	Shared/Neutral
最基本	Shared/Neutral
不合	Shared/Neutral
可否	Shared/Neutral
寫明	Shared/Neutral
發行日期	Shared/Neutral
跑馬	Shared/Neutral
不分化	Shared/Neutral
大致	Shared/Neutral
日的	Shared/Neutral
所需	Shared/Neutral
空姐	Shared/Neutral
念頭	Shared/Neutral
氣勢	Shared/Neutral
也在	Shared/Neutral
爭住	Shared/Neutral
高峯	Shared/Neutral
盲反	Shared/Neutral
呢到	Shared/Neutral
貿易協議	Shared/Neutral
認定	Shared/Neutral
懲教	Shared/Neutral
我話	Shared/Neutral
手勢	Shared/Neutral
捉人	Shared/Neutral
癲狗	Shared/Neutral
而被	Shared/Neutral
熱狗	Shared/Neutral
盟友	Shared/Neutral
撚定	Shared/Neutral
見我	Shared/Neutral
人鏈	Shared/Neutral
寶石	Shared/Neutral
格硬	Shared/Neutral
仲諗住	Shared/Neutral
打錯	Shared/Neutral
支撐	Shared/Neutral
用作	Shared/Neutral
加人工	Shared/Neutral
到連	Shared/Neutral
海道	Shared/Neutral
野就	Shared/Neutral
強度	Shared/Neutral
一樣係	Shared/Neutral
的生活	Shared/Neutral
要食	Shared/Neutral
住了	Shared/Neutral
多得	Shared/Neutral
世界大戰	Shared/Neutral
錢就	Shared/Neutral
我屌	Shared/Neutral
社會	Shared/Neutral
符號	Shared/Neutral
開市	Shared/Neutral
你知道	Shared/Neutral
可以講	Shared/Neutral
你呢	Shared/Neutral
幾集	Shared/Neutral
成了	Shared/Neutral
盲撐	Shared/Neutral
自在	Shared/Neutral
下體	Shared/Neutral
並在	Shared/Neutral
有助	Shared/Neutral
何時	Shared/Neutral
恐慌	Shared/Neutral
班狗	Shared/Neutral
這段	Shared/Neutral
收益	Shared/Neutral
依種	Shared/Neutral
用完	Shared/Neutral
上腦	Shared/Neutral
中間	Shared/Neutral
例外	Shared/Neutral
望向	Shared/Neutral
眾多	Shared/Neutral
舉動	Shared/Neutral
亦無	Shared/Neutral
我驚	Shared/Neutral
清洗	Shared/Neutral
班黑警	Shared/Neutral
我咪	Shared/Neutral
打曬	Shared/Neutral
直言	Shared/Neutral
後就	Shared/Neutral
派膠	Shared/Neutral
等候	Shared/Neutral
又屌	Shared/Neutral
簡稱	Shared/Neutral
斯拉	Shared/Neutral
小型	Shared/Neutral
理智	Shared/Neutral
幅圖	Shared/Neutral
當勞	Shared/Neutral
當天	Shared/Neutral
貪心	Shared/Neutral
那是	Shared/Neutral
囡囡	Shared/Neutral
路口	Shared/Neutral
善用	Shared/Neutral
大半	Shared/Neutral
店員	Shared/Neutral
決策	Shared/Neutral
聽得	Shared/Neutral
變種	Shared/Neutral
請願	Shared/Neutral
隔離	Shared/Neutral
中有	Shared/Neutral
參觀	Shared/Neutral
旺角	Shared/Neutral
前景	Shared/Neutral
月初	Shared/Neutral
離譜	Shared/Neutral
本身有	Shared/Neutral
蝴蝶	Shared/Neutral
面對	Shared/Neutral
一口	Shared/Neutral
就住	Shared/Neutral
約翰	Shared/Neutral
一直都係	Shared/Neutral
只需要	Shared/Neutral
彌敦道	Shared/Neutral
覺得我	Shared/Neutral
加多	Shared/Neutral
東湧	Shared/Neutral
顧客	Shared/Neutral
埋一邊	Shared/Neutral
有線	Shared/Neutral
進展	Shared/Neutral
小學	Shared/Neutral
裡的	Shared/Neutral
好過	Shared/Neutral
呢方面	Shared/Neutral
西九龍	Shared/Neutral
外掛	Shared/Neutral
進去	Shared/Neutral
成身	Shared/Neutral
機師	Shared/Neutral
火力	Shared/Neutral
無一	Shared/Neutral
突出	Shared/Neutral
而去	Shared/Neutral
覺得自己好	Shared/Neutral
張飛	Shared/Neutral
警務處	Shared/Neutral
血統	Shared/Neutral
二次	Shared/Neutral
越大	Shared/Neutral
炳強	Shared/Neutral
無人會	Shared/Neutral
機械人	Shared/Neutral
呢個係	Shared/Neutral
幾勁	Shared/Neutral
港男	Shared/Neutral
端端	Shared/Neutral
首席	Shared/Neutral
請大家	Shared/Neutral
教徒	Shared/Neutral
日至	Shared/Neutral
變身	Shared/Neutral
將香港	Shared/Neutral
犯錯	Shared/Neutral
三百	Shared/Neutral
信徒	Shared/Neutral
地利	Shared/Neutral
其實係咪	Shared/Neutral
我買	Shared/Neutral
聽歌	Shared/Neutral
你而家	Shared/Neutral
年先	Shared/Neutral
效益	Shared/Neutral
獨派	Shared/Neutral
罪犯	Shared/Neutral
無比	Shared/Neutral
我一定	Shared/Neutral
鳳凰	Shared/Neutral
李家超	Shared/Neutral
打波	Shared/Neutral
年幾	Shared/Neutral
有狗	Shared/Neutral
英美	Shared/Neutral
低級	Shared/Neutral
轉去	Shared/Neutral
海濱	Shared/Neutral
初心	Shared/Neutral
離場	Shared/Neutral
只有一個	Shared/Neutral
輸到	Shared/Neutral
副本	Shared/Neutral
水炮車	Shared/Neutral
下巴	Shared/Neutral
呢張	Shared/Neutral
個個都係	Shared/Neutral
留意	Shared/Neutral
想走	Shared/Neutral
更何況	Shared/Neutral
在乎	Shared/Neutral
困擾	Shared/Neutral
都沒	Shared/Neutral
利潤	Shared/Neutral
完人	Shared/Neutral
麻煩	Shared/Neutral
披露	Shared/Neutral
搞個	Shared/Neutral
死刑	Shared/Neutral
飛馬	Shared/Neutral
逃走	Shared/Neutral
無辦法	Shared/Neutral
耳仔	Shared/Neutral
只能夠	Shared/Neutral
的人士	Shared/Neutral
民族主義	Shared/Neutral
觸發	Shared/Neutral
看法	Shared/Neutral
平平	Shared/Neutral
氣質	Shared/Neutral
一批	Shared/Neutral
一級	Shared/Neutral
短短	Shared/Neutral
坐下	Shared/Neutral
空位	Shared/Neutral
第二季	Shared/Neutral
毛巾	Shared/Neutral
做自己	Shared/Neutral
轉工	Shared/Neutral
在美國	Shared/Neutral
總結	Shared/Neutral
同日	Shared/Neutral
探索	Shared/Neutral
埋一份	Shared/Neutral
火燒	Shared/Neutral
行使	Shared/Neutral
有時候	Shared/Neutral
擺明	Shared/Neutral
扮演	Shared/Neutral
吉野家	Shared/Neutral
有曬	Shared/Neutral
地產商	Shared/Neutral
開頭	Shared/Neutral
獨立思考	Shared/Neutral
但是	Shared/Neutral
一模一樣	Shared/Neutral
真係好多	Shared/Neutral
先做	Shared/Neutral
到咩	Shared/Neutral
先識	Shared/Neutral
連埋	Shared/Neutral
年內	Shared/Neutral
點解可以	Shared/Neutral
連同	Shared/Neutral
撥款	Shared/Neutral
亞軍	Shared/Neutral
急症	Shared/Neutral
當事人	Shared/Neutral
不上	Shared/Neutral
都不能	Shared/Neutral
有埋	Shared/Neutral
笑死	Shared/Neutral
係英國	Shared/Neutral
握手	Shared/Neutral
理所	Shared/Neutral
港產	Shared/Neutral
細路仔	Shared/Neutral
各位巴打	Shared/Neutral
畀我	Shared/Neutral
考驗	Shared/Neutral
週一	Shared/Neutral
死黑警	Shared/Neutral
放題	Shared/Neutral
當真	Shared/Neutral
罰球	Shared/Neutral
原理	Shared/Neutral
鬱手	Shared/Neutral
奶粉	Shared/Neutral
購入	Shared/Neutral
小丑	Shared/Neutral
的他	Shared/Neutral
慳返	Shared/Neutral
會將	Shared/Neutral
的臉	Shared/Neutral
俾自己	Shared/Neutral
左上	Shared/Neutral
保住	Shared/Neutral
展覽	Shared/Neutral
狗都	Shared/Neutral
兩個字	Shared/Neutral
同政府	Shared/Neutral
讓你	Shared/Neutral
入市	Shared/Neutral
定罪	Shared/Neutral
漏洞	Shared/Neutral
幾秒	Shared/Neutral
導師	Shared/Neutral
拉斯	Shared/Neutral
飯民	Shared/Neutral
單方面	Shared/Neutral
神獸	Shared/Neutral
長久	Shared/Neutral
七八	Shared/Neutral
追問	Shared/Neutral
生理	Shared/Neutral
黑哨	Shared/Neutral
中英聯合聲明	Shared/Neutral
馬克	Shared/Neutral
個客	Shared/Neutral
口交	Shared/Neutral
接獲	Shared/Neutral
係打	Shared/Neutral
前面	Shared/Neutral
到死	Shared/Neutral
其中一	Shared/Neutral
又是	Shared/Neutral
理應	Shared/Neutral
壟斷	Shared/Neutral
做了	Shared/Neutral
港英	Shared/Neutral
做朋友	Shared/Neutral
丹麥	Shared/Neutral
疑惑	Shared/Neutral
西灣	Shared/Neutral
致電	Shared/Neutral
這是	Shared/Neutral
絕殺	Shared/Neutral
坦言	Shared/Neutral
覺悟	Shared/Neutral
都勁	Shared/Neutral
讓步	Shared/Neutral
射門	Shared/Neutral
貴過	Shared/Neutral
黑鬼	Shared/Neutral
四十	Shared/Neutral
國際線	Shared/Neutral
支持香港	Shared/Neutral
車長	Shared/Neutral
作為一個	Shared/Neutral
分到	Shared/Neutral
守住	Shared/Neutral
銀河	Shared/Neutral
我就係	Shared/Neutral
各個	Shared/Neutral
不作	Shared/Neutral
冷血	Shared/Neutral
任何野	Shared/Neutral
到期	Shared/Neutral
教我	Shared/Neutral
仲以為	Shared/Neutral
電器	Shared/Neutral
比返	Shared/Neutral
注意力	Shared/Neutral
校服	Shared/Neutral
聽話	Shared/Neutral
講得出	Shared/Neutral
說過	Shared/Neutral
上返	Shared/Neutral
劇集	Shared/Neutral
通識	Shared/Neutral
吹風	Shared/Neutral
追返	Shared/Neutral
邊有人	Shared/Neutral
點可以	Shared/Neutral
外星人	Shared/Neutral
用心	Shared/Neutral
預防	Shared/Neutral
許可	Shared/Neutral
係鬼	Shared/Neutral
加息	Shared/Neutral
光復香港時代革命	Shared/Neutral
悲劇	Shared/Neutral
視覺	Shared/Neutral
鬧交	Shared/Neutral
入面	Shared/Neutral
中過	Shared/Neutral
面試	Shared/Neutral
都有一個人都有一個人	Shared/Neutral
抱歉	Shared/Neutral
雷斯	Shared/Neutral
出線	Shared/Neutral
最鐘意	Shared/Neutral
基建	Shared/Neutral
引人	Shared/Neutral
睇個	Shared/Neutral
爭取民主	Shared/Neutral
理所當然	Shared/Neutral
有過	Shared/Neutral
歷史	Shared/Neutral
上一代	Shared/Neutral
牛奶	Shared/Neutral
通宵	Shared/Neutral
震驚	Shared/Neutral
傷亡	Shared/Neutral
巴基	Shared/Neutral
開心心	Shared/Neutral
喫飯	Shared/Neutral
搞得掂	Shared/Neutral
但就	Shared/Neutral
弟子	Shared/Neutral
得切	Shared/Neutral
起義	Shared/Neutral
我未	Shared/Neutral
麻雀	Shared/Neutral
山頂	Shared/Neutral
也就是	Shared/Neutral
商討	Shared/Neutral
第一場	Shared/Neutral
斬人	Shared/Neutral
我明	Shared/Neutral
不需要	Shared/Neutral
隱形	Shared/Neutral
通常都係	Shared/Neutral
穿越	Shared/Neutral
包埋	Shared/Neutral
逃生	Shared/Neutral
低下	Shared/Neutral
援助	Shared/Neutral
細細個	Shared/Neutral
垃撚	Shared/Neutral
笑著	Shared/Neutral
謠言	Shared/Neutral
他指	Shared/Neutral
屁股	Shared/Neutral
機甲	Shared/Neutral
租樓	Shared/Neutral
臭西	Shared/Neutral
古惑	Shared/Neutral
登入	Shared/Neutral
沙田	Shared/Neutral
我依家	Shared/Neutral
觀看	Shared/Neutral
經理人	Shared/Neutral
高低	Shared/Neutral
改造	Shared/Neutral
物體	Shared/Neutral
清朝	Shared/Neutral
冷戰	Shared/Neutral
燃燒	Shared/Neutral
童年	Shared/Neutral
好快	Shared/Neutral
就算有	Shared/Neutral
創辦	Shared/Neutral
檢疫	Shared/Neutral
老豆	Shared/Neutral
司馬	Shared/Neutral
貼紙	Shared/Neutral
刷到	Shared/Neutral
望著	Shared/Neutral
裝置	Shared/Neutral
年頭	Shared/Neutral
遠處	Shared/Neutral
直升	Shared/Neutral
同大陸	Shared/Neutral
好似話	Shared/Neutral
的朋友	Shared/Neutral
我依家	Shared/Neutral
內疚	Shared/Neutral
初戀	Shared/Neutral
用腦	Shared/Neutral
多陣	Shared/Neutral
普世	Shared/Neutral
上齊	Shared/Neutral
做戲	Shared/Neutral
合唱	Shared/Neutral
嚇親	Shared/Neutral
架咋	Shared/Neutral
輸比	Shared/Neutral
不成	Shared/Neutral
諗諗	Shared/Neutral
無權	Shared/Neutral
完再	Shared/Neutral
閉路	Shared/Neutral
都有個	Shared/Neutral
去左邊	Shared/Neutral
狗仔	Shared/Neutral
歐洲	Shared/Neutral
抬頭	Shared/Neutral
極力	Shared/Neutral
皮野	Shared/Neutral
漢堡	Shared/Neutral
係啊	Shared/Neutral
偏向	Shared/Neutral
千年	Shared/Neutral
可是	Shared/Neutral
大家有	Shared/Neutral
就最好	Shared/Neutral
繁榮	Shared/Neutral
再者	Shared/Neutral
人人都	Shared/Neutral
晚餐	Shared/Neutral
西蘭	Shared/Neutral
預料	Shared/Neutral
聯軍	Shared/Neutral
平過	Shared/Neutral
本身都	Shared/Neutral
是為了	Shared/Neutral
的決定	Shared/Neutral
克羅	Shared/Neutral
大公	Shared/Neutral
上天	Shared/Neutral
債務	Shared/Neutral
現身	Shared/Neutral
好痛	Shared/Neutral
可以買	Shared/Neutral
的力量	Shared/Neutral
金融中心	Shared/Neutral
第二階段	Shared/Neutral
並未	Shared/Neutral
交通工具	Shared/Neutral
飲茶	Shared/Neutral
病房	Shared/Neutral
一身	Shared/Neutral
細心	Shared/Neutral
出門	Shared/Neutral
濕疹	Shared/Neutral
解除	Shared/Neutral
中下	Shared/Neutral
同步	Shared/Neutral
農曆	Shared/Neutral
體內	Shared/Neutral
憂慮	Shared/Neutral
死守	Shared/Neutral
緩緩	Shared/Neutral
擺脫	Shared/Neutral
每晚	Shared/Neutral
結他	Shared/Neutral
食咩	Shared/Neutral
每個	Shared/Neutral
但未	Shared/Neutral
出年	Shared/Neutral
廣傳	Shared/Neutral
落臺	Shared/Neutral
政府同	Shared/Neutral
柒到	Shared/Neutral
五毛	Shared/Neutral
反問	Shared/Neutral
英語	Shared/Neutral
雷神	Shared/Neutral
被捕人士	Shared/Neutral
都算係	Shared/Neutral
年起	Shared/Neutral
麻醉	Shared/Neutral
又驚	Shared/Neutral
質量	Shared/Neutral
無耐	Shared/Neutral
仲有個	Shared/Neutral
講到自己	Shared/Neutral
詢問	Shared/Neutral
看起來	Shared/Neutral
格仔	Shared/Neutral
話比	Shared/Neutral
六日	Shared/Neutral
專員	Shared/Neutral
武士	Shared/Neutral
識講	Shared/Neutral
青少年	Shared/Neutral
定律	Shared/Neutral
不堪	Shared/Neutral
答我	Shared/Neutral
幾個人	Shared/Neutral
立法會	Shared/Neutral
多一個	Shared/Neutral
白色恐怖	Shared/Neutral
上路	Shared/Neutral
兼職	Shared/Neutral
出錯	Shared/Neutral
點睇	Shared/Neutral
北區	Shared/Neutral
右翼	Shared/Neutral
無雙	Shared/Neutral
長沙灣	Shared/Neutral
哈哈哈哈	Shared/Neutral
中原	Shared/Neutral
國務院	Shared/Neutral
禁制令	Shared/Neutral
我試過	Shared/Neutral
大勝	Shared/Neutral
限時	Shared/Neutral
想不到	Shared/Neutral
用自己	Shared/Neutral
競技	Shared/Neutral
米蘭	Shared/Neutral
約定	Shared/Neutral
得閒	Shared/Neutral
嘈交	Shared/Neutral
警務人員	Shared/Neutral
擔憂	Shared/Neutral
等如	Shared/Neutral
三條	Shared/Neutral
放映	Shared/Neutral
有返	Shared/Neutral
短暫	Shared/Neutral
香港人的	Shared/Neutral
逐步	Shared/Neutral
真係太	Shared/Neutral
同類	Shared/Neutral
收息	Shared/Neutral
相應	Shared/Neutral
西方國家	Shared/Neutral
大炒	Shared/Neutral
出血	Shared/Neutral
讓她	Shared/Neutral
打狗	Shared/Neutral
今個月	Shared/Neutral
果次	Shared/Neutral
毋須	Shared/Neutral
英撚	Shared/Neutral
攻擊性武器	Shared/Neutral
熱水	Shared/Neutral
都無所謂	Shared/Neutral
你連	Shared/Neutral
填海	Shared/Neutral
心意	Shared/Neutral
不動	Shared/Neutral
總計	Shared/Neutral
被逼	Shared/Neutral
陳浩	Shared/Neutral
比如	Shared/Neutral
爆升	Shared/Neutral
的神	Shared/Neutral
食開	Shared/Neutral
就比人	Shared/Neutral
剝削	Shared/Neutral
身穿	Shared/Neutral
一地	Shared/Neutral
前期	Shared/Neutral
好似係	Shared/Neutral
你走	Shared/Neutral
就由	Shared/Neutral
傳承	Shared/Neutral
另一種	Shared/Neutral
犯規	Shared/Neutral
出境	Shared/Neutral
審議	Shared/Neutral
煙花	Shared/Neutral
重要	Shared/Neutral
找數	Shared/Neutral
阿爾	Shared/Neutral
不可以	Shared/Neutral
新樓	Shared/Neutral
肉體	Shared/Neutral
做的	Shared/Neutral
成個月	Shared/Neutral
陪審團	Shared/Neutral
大局	Shared/Neutral
角細	Shared/Neutral
掩飾	Shared/Neutral
出現了	Shared/Neutral
溫和	Shared/Neutral
幫我地	Shared/Neutral
喇叭	Shared/Neutral
成隻	Shared/Neutral
極速	Shared/Neutral
拉克	Shared/Neutral
拘留	Shared/Neutral
認可	Shared/Neutral
人事	Shared/Neutral
曲線	Shared/Neutral
北方	Shared/Neutral
否決	Shared/Neutral
白衣	Shared/Neutral
近排	Shared/Neutral
入過	Shared/Neutral
再買	Shared/Neutral
黑狗	Shared/Neutral
會出現	Shared/Neutral
力架	Shared/Neutral
正宗	Shared/Neutral
大到	Shared/Neutral
反送中運動	Shared/Neutral
怪獸	Shared/Neutral
著住	Shared/Neutral
先得架	Shared/Neutral
幾百萬	Shared/Neutral
地道	Shared/Neutral
得耐	Shared/Neutral
霸權	Shared/Neutral
否則	Shared/Neutral
的故事	Shared/Neutral
次序	Shared/Neutral
學生	Shared/Neutral
冰島	Shared/Neutral
南方	Shared/Neutral
總共	Shared/Neutral
人頭	Shared/Neutral
節日	Shared/Neutral
獅子山	Shared/Neutral
靜靜地	Shared/Neutral
餐飯	Shared/Neutral
心聲	Shared/Neutral
虛擬	Shared/Neutral
都仲得	Shared/Neutral
同支那	Shared/Neutral
猩猩	Shared/Neutral
張單	Shared/Neutral
派出	Shared/Neutral
洗撚	Shared/Neutral
話我知	Shared/Neutral
大於	Shared/Neutral
減價	Shared/Neutral
實習	Shared/Neutral
退役	Shared/Neutral
後來	Shared/Neutral
成家	Shared/Neutral
馬場	Shared/Neutral
前幾日	Shared/Neutral
播出	Shared/Neutral
係我	Shared/Neutral
明白	Shared/Neutral
係完全	Shared/Neutral
垃撚圾	Shared/Neutral
洗錢	Shared/Neutral
我仲	Shared/Neutral
成撚日	Shared/Neutral
下令	Shared/Neutral
日在	Shared/Neutral
委任證	Shared/Neutral
意識形態	Shared/Neutral
我都覺	Shared/Neutral
一哥	Shared/Neutral
說服力	Shared/Neutral
攻入	Shared/Neutral
氣象	Shared/Neutral
依靠	Shared/Neutral
背囊	Shared/Neutral
你一個	Shared/Neutral
的日子	Shared/Neutral
收租	Shared/Neutral
求情	Shared/Neutral
再講	Shared/Neutral
一方面	Shared/Neutral
裝甲	Shared/Neutral
零食	Shared/Neutral
歡樂	Shared/Neutral
柴灣	Shared/Neutral
目的地	Shared/Neutral
上進	Shared/Neutral
先走	Shared/Neutral
特拉	Shared/Neutral
我屌你老母	Shared/Neutral
後場	Shared/Neutral
級別	Shared/Neutral
係支那	Shared/Neutral
大家都知	Shared/Neutral
中大	Shared/Neutral
羽毛球	Shared/Neutral
諗緊	Shared/Neutral
祝你	Shared/Neutral
籌碼	Shared/Neutral
睇錯	Shared/Neutral
世界各地	Shared/Neutral
境界	Shared/Neutral
一般人	Shared/Neutral
分區	Shared/Neutral
啖笑	Shared/Neutral
無綫電視	Shared/Neutral
句野	Shared/Neutral
大麻	Shared/Neutral
指令	Shared/Neutral
漢字	Shared/Neutral
差少少	Shared/Neutral
現時	Shared/Neutral
係呢個	Shared/Neutral
擁護	Shared/Neutral
你以為	Shared/Neutral
好朋友	Shared/Neutral
事宜	Shared/Neutral
去英國	Shared/Neutral
個天	Shared/Neutral
都有份	Shared/Neutral
前四	Shared/Neutral
菠蘿	Shared/Neutral
說出	Shared/Neutral
不公	Shared/Neutral
邊有	Shared/Neutral
尤其	Shared/Neutral
這件事	Shared/Neutral
正氣	Shared/Neutral
菲特	Shared/Neutral
申報	Shared/Neutral
結論	Shared/Neutral
拎埋	Shared/Neutral
男孩	Shared/Neutral
大軍	Shared/Neutral
引戰	Shared/Neutral
經紀	Shared/Neutral
考生	Shared/Neutral
三點	Shared/Neutral
綠燈	Shared/Neutral
人憎	Shared/Neutral
終止	Shared/Neutral
高的	Shared/Neutral
曹操	Shared/Neutral
爾蘭	Shared/Neutral
因為你	Shared/Neutral
扮曬	Shared/Neutral
了起來	Shared/Neutral
推開	Shared/Neutral
正仆街	Shared/Neutral
其實係咪	Shared/Neutral
都係自己	Shared/Neutral
放寬	Shared/Neutral
面子	Shared/Neutral
一九	Shared/Neutral
翻工	Shared/Neutral
都係講	Shared/Neutral
一股	Shared/Neutral
係手	Shared/Neutral
沉重	Shared/Neutral
之心	Shared/Neutral
十次	Shared/Neutral
係入面	Shared/Neutral
巴絲打	Shared/Neutral
只限	Shared/Neutral
潮流	Shared/Neutral
弱智仔	Shared/Neutral
你玩	Shared/Neutral
賽前	Shared/Neutral
追住	Shared/Neutral
多幾個	Shared/Neutral
不反	Shared/Neutral
運動場	Shared/Neutral
公民黨	Shared/Neutral
法師	Shared/Neutral
讀大學	Shared/Neutral
嚴正	Shared/Neutral
海底	Shared/Neutral
觀感	Shared/Neutral
輕微	Shared/Neutral
你不如	Shared/Neutral
忍不住	Shared/Neutral
教主	Shared/Neutral
打完	Shared/Neutral
罷課	Shared/Neutral
複製	Shared/Neutral
做開	Shared/Neutral
幾時有	Shared/Neutral
好多時	Shared/Neutral
共和黨	Shared/Neutral
放入	Shared/Neutral
唯獨	Shared/Neutral
身形	Shared/Neutral
連燈	Shared/Neutral
如同	Shared/Neutral
定假	Shared/Neutral
民政	Shared/Neutral
進修	Shared/Neutral
鏡粉	Shared/Neutral
處境	Shared/Neutral
貓貓	Shared/Neutral
都收	Shared/Neutral
止暴	Shared/Neutral
但而家	Shared/Neutral
死後	Shared/Neutral
話想	Shared/Neutral
都好好	Shared/Neutral
齊上齊	Shared/Neutral
來往	Shared/Neutral
建造	Shared/Neutral
遊樂場	Shared/Neutral
五金	Shared/Neutral
條龍	Shared/Neutral
開開心心	Shared/Neutral
千人	Shared/Neutral
目標係	Shared/Neutral
航空公司	Shared/Neutral
最差	Shared/Neutral
長老	Shared/Neutral
但因為	Shared/Neutral
係事實	Shared/Neutral
剛好	Shared/Neutral
老狗	Shared/Neutral
血管	Shared/Neutral
補償	Shared/Neutral
先用	Shared/Neutral
名校	Shared/Neutral
後續	Shared/Neutral
牌照	Shared/Neutral
仲好意思	Shared/Neutral
雜種	Shared/Neutral
擴張	Shared/Neutral
救到	Shared/Neutral
深黃	Shared/Neutral
走勢	Shared/Neutral
都未知	Shared/Neutral
好危險	Shared/Neutral
好悶	Shared/Neutral
揭發	Shared/Neutral
但而家	Shared/Neutral
實驗室	Shared/Neutral
幫拖	Shared/Neutral
我連	Shared/Neutral
遇過	Shared/Neutral
潛在	Shared/Neutral
係人地	Shared/Neutral
好少少	Shared/Neutral
的確	Shared/Neutral
任何一個	Shared/Neutral
個間	Shared/Neutral
因果	Shared/Neutral
但最後	Shared/Neutral
懶得	Shared/Neutral
買返	Shared/Neutral
嘴巴	Shared/Neutral
拿起	Shared/Neutral
通脹	Shared/Neutral
極都	Shared/Neutral
繁殖	Shared/Neutral
入獄	Shared/Neutral
大膽	Shared/Neutral
封面	Shared/Neutral
又講	Shared/Neutral
文宣	Shared/Neutral
逼人	Shared/Neutral
年間	Shared/Neutral
開返	Shared/Neutral
無人知	Shared/Neutral
水喉	Shared/Neutral
復合	Shared/Neutral
梗係	Shared/Neutral
選舉	Shared/Neutral
打柒	Shared/Neutral
同志	Shared/Neutral
鮮血	Shared/Neutral
謊言	Shared/Neutral
解決方法	Shared/Neutral
來看	Shared/Neutral
儲備	Shared/Neutral
範疇	Shared/Neutral
不要	Shared/Neutral
對應	Shared/Neutral
扶手	Shared/Neutral
懷孕	Shared/Neutral
你在	Shared/Neutral
怪怪	Shared/Neutral
換到	Shared/Neutral
出返	Shared/Neutral
留學	Shared/Neutral
洗版	Shared/Neutral
變數	Shared/Neutral
防護	Shared/Neutral
齊上齊落	Shared/Neutral
一見	Shared/Neutral
係咩玩法	Shared/Neutral
兩大	Shared/Neutral
感想	Shared/Neutral
跟蹤	Shared/Neutral
開大	Shared/Neutral
月開始	Shared/Neutral
調轉	Shared/Neutral
有一定	Shared/Neutral
復興	Shared/Neutral
曾在	Shared/Neutral
僕你個街	Shared/Neutral
再一次	Shared/Neutral
政府部門	Shared/Neutral
遮打花園	Shared/Neutral
一番	Shared/Neutral
細菌	Shared/Neutral
好好睇	Shared/Neutral
特別是	Shared/Neutral
親手	Shared/Neutral
點計	Shared/Neutral
強勢	Shared/Neutral
電力	Shared/Neutral
黑龍	Shared/Neutral
太差	Shared/Neutral
走數	Shared/Neutral
遊龍	Shared/Neutral
入院	Shared/Neutral
果時	Shared/Neutral
儲到	Shared/Neutral
打返	Shared/Neutral
弟弟	Shared/Neutral
睇片	Shared/Neutral
納稅	Shared/Neutral
而來	Shared/Neutral
好低	Shared/Neutral
狗車	Shared/Neutral
第七	Shared/Neutral
出新	Shared/Neutral
之前已經	Shared/Neutral
搵得	Shared/Neutral
著的	Shared/Neutral
日版	Shared/Neutral
殘酷	Shared/Neutral
最早	Shared/Neutral
人類	Shared/Neutral
何君堯	Shared/Neutral
執笠	Shared/Neutral
晏晝	Shared/Neutral
其他人	Shared/Neutral
指住	Shared/Neutral
仔都	Shared/Neutral
正大	Shared/Neutral
監警會	Shared/Neutral
打鬥	Shared/Neutral
放生	Shared/Neutral
接下來	Shared/Neutral
浮屍	Shared/Neutral
感恩	Shared/Neutral
施丹	Shared/Neutral
無話	Shared/Neutral
看似	Shared/Neutral
六七	Shared/Neutral
警總	Shared/Neutral
歐國	Shared/Neutral
更重要	Shared/Neutral
短期內	Shared/Neutral
走資	Shared/Neutral
月薪	Shared/Neutral
出現過	Shared/Neutral
加個	Shared/Neutral
實有	Shared/Neutral
懂得	Shared/Neutral
結衣	Shared/Neutral
咪有	Shared/Neutral
多於	Shared/Neutral
聚會	Shared/Neutral
輸錢	Shared/Neutral
問卷	Shared/Neutral
早排	Shared/Neutral
可以繼續	Shared/Neutral
道德高地	Shared/Neutral
近乎	Shared/Neutral
你有無	Shared/Neutral
村屋	Shared/Neutral
好撚正	Shared/Neutral
有一半	Shared/Neutral
你再	Shared/Neutral
案發	Shared/Neutral
似的	Shared/Neutral
你當	Shared/Neutral
做成	Shared/Neutral
性交	Shared/Neutral
賦予	Shared/Neutral
廣州市	Shared/Neutral
呢個情況	Shared/Neutral
認得	Shared/Neutral
鎖匙	Shared/Neutral
雨革	Shared/Neutral
望一望	Shared/Neutral
大部分	Shared/Neutral
中人	Shared/Neutral
係新	Shared/Neutral
手尾	Shared/Neutral
換取	Shared/Neutral
深深	Shared/Neutral
至五	Shared/Neutral
搵緊	Shared/Neutral
又覺得	Shared/Neutral
過馬路	Shared/Neutral
張紙	Shared/Neutral
長期	Shared/Neutral
巴利	Shared/Neutral
港女	Shared/Neutral
低位	Shared/Neutral
你叫	Shared/Neutral
後面	Shared/Neutral
受訪者	Shared/Neutral
暴動罪	Shared/Neutral
上牀	Shared/Neutral
分為	Shared/Neutral
支線	Shared/Neutral
國歌法	Shared/Neutral
比你	Shared/Neutral
性命	Shared/Neutral
一樣	Shared/Neutral
中槍	Shared/Neutral
湖南	Shared/Neutral
有一種	Shared/Neutral
呢份	Shared/Neutral
檸檬	Shared/Neutral
父幹	Shared/Neutral
陪伴	Shared/Neutral
補選	Shared/Neutral
過癮	Shared/Neutral
改到	Shared/Neutral
骨氣	Shared/Neutral
話時話	Shared/Neutral
屋邨	Shared/Neutral
已死	Shared/Neutral
李嘉誠	Shared/Neutral
人要	Shared/Neutral
小米	Shared/Neutral
生育	Shared/Neutral
力的	Shared/Neutral
南部	Shared/Neutral
嘻嘻	Shared/Neutral
小花	Shared/Neutral
黑錢	Shared/Neutral
最多都係	Shared/Neutral
但不	Shared/Neutral
艾倫	Shared/Neutral
堅守	Shared/Neutral
居留	Shared/Neutral
過於	Shared/Neutral
頻率	Shared/Neutral
那邊	Shared/Neutral
俄國	Shared/Neutral
假新聞	Shared/Neutral
真係覺得	Shared/Neutral
張風	Shared/Neutral
不然	Shared/Neutral
入息	Shared/Neutral
焗住	Shared/Neutral
海報	Shared/Neutral
光頭佬	Shared/Neutral
我老母	Shared/Neutral
賭波	Shared/Neutral
聞到	Shared/Neutral
小圈子	Shared/Neutral
就點	Shared/Neutral
係都要	Shared/Neutral
現場	Shared/Neutral
仲係度	Shared/Neutral
名的	Shared/Neutral
外來	Shared/Neutral
經濟	Shared/Neutral
新型	Shared/Neutral
放負	Shared/Neutral
話曬	Shared/Neutral
東角道	Shared/Neutral
多了	Shared/Neutral
懶人	Shared/Neutral
為我	Shared/Neutral
笑人	Shared/Neutral
中期	Shared/Neutral
通車	Shared/Neutral
的愛	Shared/Neutral
衛星	Shared/Neutral
龍頭	Shared/Neutral
相差	Shared/Neutral
的能力	Shared/Neutral
負責人	Shared/Neutral
同無	Shared/Neutral
紫荊	Shared/Neutral
如有	Shared/Neutral
釣魚	Shared/Neutral
有咩關係	Shared/Neutral
勇者	Shared/Neutral
野都	Shared/Neutral
出一個	Shared/Neutral
狀病毒	Shared/Neutral
搞手	Shared/Neutral
意識到	Shared/Neutral
受過	Shared/Neutral
呢件	Shared/Neutral
日軍	Shared/Neutral
不妨	Shared/Neutral
控球	Shared/Neutral
獵人	Shared/Neutral
個細路	Shared/Neutral
萬港元	Shared/Neutral
都好正	Shared/Neutral
政總	Shared/Neutral
俾人話	Shared/Neutral
去返	Shared/Neutral
面目	Shared/Neutral
前排	Shared/Neutral
求其	Shared/Neutral
已經要	Shared/Neutral
動搖	Shared/Neutral
為由	Shared/Neutral
大肚	Shared/Neutral
農民	Shared/Neutral
我個人	Shared/Neutral
少量	Shared/Neutral
自閉	Shared/Neutral
我真係好	Shared/Neutral
奶奶	Shared/Neutral
敬軒	Shared/Neutral
十幾萬	Shared/Neutral
玻璃心	Shared/Neutral
有幾難	Shared/Neutral
往後	Shared/Neutral
盡頭	Shared/Neutral
對得住	Shared/Neutral
一招	Shared/Neutral
剝奪	Shared/Neutral
搞搞	Shared/Neutral
做緊咩	Shared/Neutral
她在	Shared/Neutral
難關	Shared/Neutral
模樣	Shared/Neutral
殘忍	Shared/Neutral
膠袋	Shared/Neutral
訂立	Shared/Neutral
去醫院	Shared/Neutral
也很	Shared/Neutral
話會	Shared/Neutral
比人笑	Shared/Neutral
一有	Shared/Neutral
提堂	Shared/Neutral
我寧願	Shared/Neutral
我都覺得	Shared/Neutral
壞人	Shared/Neutral
書店	Shared/Neutral
印度	Shared/Neutral
茶餐廳	Shared/Neutral
差過	Shared/Neutral
愈多	Shared/Neutral
所以咪	Shared/Neutral
都有可能	Shared/Neutral
兩個星期	Shared/Neutral
需要你	Shared/Neutral
俾班	Shared/Neutral
到明	Shared/Neutral
接種疫苗	Shared/Neutral
另有	Shared/Neutral
奪冠	Shared/Neutral
閉路電視	Shared/Neutral
呢幾	Shared/Neutral
對著	Shared/Neutral
都睇到	Shared/Neutral
係靠	Shared/Neutral
給他	Shared/Neutral
鬼妹	Shared/Neutral
其中	Shared/Neutral
下車	Shared/Neutral
把他	Shared/Neutral
物價	Shared/Neutral
成場	Shared/Neutral
有樓	Shared/Neutral
多幾年	Shared/Neutral
真係好似	Shared/Neutral
過去	Shared/Neutral
偷笑	Shared/Neutral
的表現	Shared/Neutral
都無問題	Shared/Neutral
收藏	Shared/Neutral
出現在	Shared/Neutral
同中共	Shared/Neutral
西瓜	Shared/Neutral
的世界	Shared/Neutral
姿態	Shared/Neutral
熱愛	Shared/Neutral
學生妹	Shared/Neutral
微信	Shared/Neutral
鬥長命	Shared/Neutral
星期日	Shared/Neutral
過埋	Shared/Neutral
事物	Shared/Neutral
見過	Shared/Neutral
混合	Shared/Neutral
網上	Shared/Neutral
點撚樣	Shared/Neutral
大部分人	Shared/Neutral
班車	Shared/Neutral
年來	Shared/Neutral
與否	Shared/Neutral
地亞	Shared/Neutral
狗狗	Shared/Neutral
貧窮	Shared/Neutral
升返	Shared/Neutral
如果要	Shared/Neutral
猶如	Shared/Neutral
高尚	Shared/Neutral
第一句	Shared/Neutral
一帶一路	Shared/Neutral
呃錢	Shared/Neutral
唱得	Shared/Neutral
屋企人	Shared/Neutral
前線	Shared/Neutral
探討	Shared/Neutral
美國政府	Shared/Neutral
斯達	Shared/Neutral
轉到	Shared/Neutral
日本妹	Shared/Neutral
有很多	Shared/Neutral
大堂	Shared/Neutral
堅強	Shared/Neutral
委屈	Shared/Neutral
棺材	Shared/Neutral
遠遠	Shared/Neutral
變做	Shared/Neutral
寫住	Shared/Neutral
源自	Shared/Neutral
廢到	Shared/Neutral
笑死	Shared/Neutral
拍戲	Shared/Neutral
點用	Shared/Neutral
現在的	Shared/Neutral
最慘	Shared/Neutral
狗屎	Shared/Neutral
讀到	Shared/Neutral
週三	Shared/Neutral
進場	Shared/Neutral
證明自己	Shared/Neutral
暴露	Shared/Neutral
仲多	Shared/Neutral
兩岸	Shared/Neutral
咪去	Shared/Neutral
預先	Shared/Neutral
分離	Shared/Neutral
好曬	Shared/Neutral
射擊	Shared/Neutral
一下子	Shared/Neutral
倒不如	Shared/Neutral
入閘	Shared/Neutral
西洋	Shared/Neutral
夥伴	Shared/Neutral
為錢	Shared/Neutral
部位	Shared/Neutral
食環	Shared/Neutral
或其他	Shared/Neutral
人流	Shared/Neutral
小氣	Shared/Neutral
公司的	Shared/Neutral
溝到	Shared/Neutral
各界	Shared/Neutral
擔當	Shared/Neutral
戰機	Shared/Neutral
紫色	Shared/Neutral
日內	Shared/Neutral
跌幅	Shared/Neutral
銀紙	Shared/Neutral
自以為	Shared/Neutral
個有	Shared/Neutral
夫妻	Shared/Neutral
後方	Shared/Neutral
改做	Shared/Neutral
一回事	Shared/Neutral
歐元	Shared/Neutral
額頭	Shared/Neutral
公眾地方	Shared/Neutral
我還	Shared/Neutral
留力	Shared/Neutral
科大	Shared/Neutral
但我覺得	Shared/Neutral
分歧	Shared/Neutral
持久	Shared/Neutral
放人	Shared/Neutral
專制	Shared/Neutral
比率	Shared/Neutral
叫聲	Shared/Neutral
四川	Shared/Neutral
玫瑰	Shared/Neutral
舊屎	Shared/Neutral
力度	Shared/Neutral
地板	Shared/Neutral
報到	Shared/Neutral
美食	Shared/Neutral
點都好	Shared/Neutral
我沒有	Shared/Neutral
都幾難	Shared/Neutral
未見	Shared/Neutral
最後一個	Shared/Neutral
失戀	Shared/Neutral
週期	Shared/Neutral
自由民主	Shared/Neutral
康城	Shared/Neutral
漂亮	Shared/Neutral
虛假	Shared/Neutral
範圍內	Shared/Neutral
加大	Shared/Neutral
條屍	Shared/Neutral
境內	Shared/Neutral
追和	Shared/Neutral
個人覺得	Shared/Neutral
單刀	Shared/Neutral
工時	Shared/Neutral
響應	Shared/Neutral
幫自己	Shared/Neutral
另一回事	Shared/Neutral
祖記	Shared/Neutral
勁到	Shared/Neutral
北部	Shared/Neutral
復出	Shared/Neutral
履行	Shared/Neutral
拎個	Shared/Neutral
阿里	Shared/Neutral
話自己係	Shared/Neutral
可能真係	Shared/Neutral
虛偽	Shared/Neutral
聽人講	Shared/Neutral
奈何	Shared/Neutral
擴散	Shared/Neutral
遺產	Shared/Neutral
一會	Shared/Neutral
係狗	Shared/Neutral
賣樓	Shared/Neutral
上場	Shared/Neutral
場所	Shared/Neutral
打劫	Shared/Neutral
舉手	Shared/Neutral
另一	Shared/Neutral
但一	Shared/Neutral
自住	Shared/Neutral
小店	Shared/Neutral
淺藍	Shared/Neutral
討好	Shared/Neutral
韓文	Shared/Neutral
橫掂	Shared/Neutral
當成	Shared/Neutral
高調	Shared/Neutral
單機	Shared/Neutral
買飛	Shared/Neutral
將所有	Shared/Neutral
家的	Shared/Neutral
番到	Shared/Neutral
首相	Shared/Neutral
星座	Shared/Neutral
亦不	Shared/Neutral
好鬼	Shared/Neutral
寫得	Shared/Neutral
攪到	Shared/Neutral
競選	Shared/Neutral
自大	Shared/Neutral
做就	Shared/Neutral
制亂	Shared/Neutral
盛頓	Shared/Neutral
有人講	Shared/Neutral
升職	Shared/Neutral
就話人	Shared/Neutral
行人路	Shared/Neutral
學業	Shared/Neutral
我便	Shared/Neutral
舊年	Shared/Neutral
銷量	Shared/Neutral
限聚	Shared/Neutral
冠狀病毒	Shared/Neutral
都開	Shared/Neutral
綽姿	Shared/Neutral
狠狠	Shared/Neutral
男方	Shared/Neutral
想要	Shared/Neutral
感謝	Shared/Neutral
大公司	Shared/Neutral
所謂的	Shared/Neutral
轉向	Shared/Neutral
想同	Shared/Neutral
維爾	Shared/Neutral
可以睇	Shared/Neutral
幾天	Shared/Neutral
慶幸	Shared/Neutral
輔導	Shared/Neutral
七月	Shared/Neutral
指導	Shared/Neutral
違規	Shared/Neutral
都玩	Shared/Neutral
首爾	Shared/Neutral
原始	Shared/Neutral
靠近	Shared/Neutral
三千	Shared/Neutral
戰役	Shared/Neutral
眼罩	Shared/Neutral
多數係	Shared/Neutral
婚禮	Shared/Neutral
積分	Shared/Neutral
此外	Shared/Neutral
你不	Shared/Neutral
精華	Shared/Neutral
買咩	Shared/Neutral
無人理	Shared/Neutral
一班人	Shared/Neutral
上個月	Shared/Neutral
呢首歌	Shared/Neutral
幾百蚊	Shared/Neutral
就算係	Shared/Neutral
呢場運動	Shared/Neutral
人體	Shared/Neutral
目擊	Shared/Neutral
路障	Shared/Neutral
十幾歲	Shared/Neutral
亡國	Shared/Neutral
原意	Shared/Neutral
基督徒	Shared/Neutral
或者係	Shared/Neutral
中線	Shared/Neutral
小時內	Shared/Neutral
紅底	Shared/Neutral
那星	Shared/Neutral
關係法	Shared/Neutral
會變成	Shared/Neutral
勒索	Shared/Neutral
拍手	Shared/Neutral
同我一齊	Shared/Neutral
一本	Shared/Neutral
西面	Shared/Neutral
入多	Shared/Neutral
抵屌	Shared/Neutral
閃電	Shared/Neutral
撚死人	Shared/Neutral
平行時空	Shared/Neutral
出文	Shared/Neutral
係政府	Shared/Neutral
同一時間	Shared/Neutral
入得	Shared/Neutral
行政費	Shared/Neutral
見到我	Shared/Neutral
氣息	Shared/Neutral
犯案	Shared/Neutral
身心	Shared/Neutral
戒指	Shared/Neutral
西醫	Shared/Neutral
問責	Shared/Neutral
繼而	Shared/Neutral
暗殺	Shared/Neutral
本能	Shared/Neutral
紅牌	Shared/Neutral
要是	Shared/Neutral
不割蓆	Shared/Neutral
源於	Shared/Neutral
要死	Shared/Neutral
建議你	Shared/Neutral
一副	Shared/Neutral
可悲	Shared/Neutral
熊貓	Shared/Neutral
有好多人	Shared/Neutral
上層	Shared/Neutral
利息	Shared/Neutral
叫咩名	Shared/Neutral
出頭	Shared/Neutral
轉為	Shared/Neutral
逮捕	Shared/Neutral
演繹	Shared/Neutral
獨自	Shared/Neutral
的說	Shared/Neutral
門前	Shared/Neutral
簡直係	Shared/Neutral
九月	Shared/Neutral
個感覺	Shared/Neutral
與中國	Shared/Neutral
廢老	Shared/Neutral
年至	Shared/Neutral
美斯	Shared/Neutral
香港地	Shared/Neutral
獸醫	Shared/Neutral
皇室	Shared/Neutral
神聖	Shared/Neutral
救護員	Shared/Neutral
直升機	Shared/Neutral
一樣的	Shared/Neutral
係因為	Shared/Neutral
我很	Shared/Neutral
乖乖地	Shared/Neutral
你屋企	Shared/Neutral
多謝你	Shared/Neutral
普及	Shared/Neutral
種類	Shared/Neutral
轉換	Shared/Neutral
過大	Shared/Neutral
全球	Shared/Neutral
馬德里	Shared/Neutral
覺得有	Shared/Neutral
難受	Shared/Neutral
麥當勞	Shared/Neutral
封閉	Shared/Neutral
十幾廿	Shared/Neutral
真子	Shared/Neutral
起手	Shared/Neutral
直路	Shared/Neutral
總有	Shared/Neutral
個口	Shared/Neutral
機動	Shared/Neutral
清水	Shared/Neutral
牽涉	Shared/Neutral
食曬	Shared/Neutral
餘下	Shared/Neutral
在這個	Shared/Neutral
司職	Shared/Neutral
走狗	Shared/Neutral
上係	Shared/Neutral
右閘	Shared/Neutral
合共	Shared/Neutral
一個月	Shared/Neutral
全數	Shared/Neutral
飛去	Shared/Neutral
街老鼠	Shared/Neutral
以便	Shared/Neutral
會想	Shared/Neutral
毒撚	Shared/Neutral
耳邊	Shared/Neutral
連位	Shared/Neutral
勁撚	Shared/Neutral
如是	Shared/Neutral
拍賣	Shared/Neutral
拖到	Shared/Neutral
淆底	Shared/Neutral
同路	Shared/Neutral
走進	Shared/Neutral
心思	Shared/Neutral
上一次	Shared/Neutral
但同時	Shared/Neutral
陰謀論	Shared/Neutral
湖北	Shared/Neutral
係雞	Shared/Neutral
太快	Shared/Neutral
拉到	Shared/Neutral
做事	Shared/Neutral
戰隊	Shared/Neutral
自由行	Shared/Neutral
年到	Shared/Neutral
年底	Shared/Neutral
玩膠	Shared/Neutral
計數	Shared/Neutral
我愛	Shared/Neutral
肯定	Shared/Neutral
都仲可以	Shared/Neutral
輪椅	Shared/Neutral
必須要	Shared/Neutral
仲衰過	Shared/Neutral
拉開	Shared/Neutral
火星	Shared/Neutral
得以	Shared/Neutral
季尾	Shared/Neutral
拉票	Shared/Neutral
邊度有	Shared/Neutral
平方公里	Shared/Neutral
列斯	Shared/Neutral
親密	Shared/Neutral
記招	Shared/Neutral
發夢	Shared/Neutral
卡通	Shared/Neutral
圍繞	Shared/Neutral
手動	Shared/Neutral
過身	Shared/Neutral
個角色	Shared/Neutral
互屌	Shared/Neutral
白金	Shared/Neutral
明報	Shared/Neutral
出任	Shared/Neutral
笑笑	Shared/Neutral
原因係	Shared/Neutral
都好正常	Shared/Neutral
權貴	Shared/Neutral
衝入	Shared/Neutral
送貨	Shared/Neutral
全裸	Shared/Neutral
合情	Shared/Neutral
出示	Shared/Neutral
自助	Shared/Neutral
睇新聞	Shared/Neutral
攻擊力	Shared/Neutral
但我覺得	Shared/Neutral
還可以	Shared/Neutral
為之	Shared/Neutral
壓制	Shared/Neutral
降臨	Shared/Neutral
高等法院	Shared/Neutral
家鄉	Shared/Neutral
十大	Shared/Neutral
飲品	Shared/Neutral
全盛	Shared/Neutral
品種	Shared/Neutral
記載	Shared/Neutral
呢間	Shared/Neutral
有責任	Shared/Neutral
得我一個	Shared/Neutral
關節	Shared/Neutral
係外國	Shared/Neutral
牙醫	Shared/Neutral
畜牲	Shared/Neutral
草地	Shared/Neutral
週日	Shared/Neutral
散仔	Shared/Neutral
時表示	Shared/Neutral
投注	Shared/Neutral
暴龍	Shared/Neutral
舊時	Shared/Neutral
入境處	Shared/Neutral
恐怖份子	Shared/Neutral
下班	Shared/Neutral
何必	Shared/Neutral
赤納粹	Shared/Neutral
高分	Shared/Neutral
龜頭	Shared/Neutral
巴巴	Shared/Neutral
哂所有	Shared/Neutral
魔法師	Shared/Neutral
四五	Shared/Neutral
仲多過	Shared/Neutral
小妹	Shared/Neutral
得幾多	Shared/Neutral
坐到	Shared/Neutral
個半	Shared/Neutral
制止	Shared/Neutral
私下	Shared/Neutral
有大量	Shared/Neutral
第三次	Shared/Neutral
身邊人	Shared/Neutral
奧巴	Shared/Neutral
清真	Shared/Neutral
響度	Shared/Neutral
有得睇	Shared/Neutral
聽聞	Shared/Neutral
值錢	Shared/Neutral
不知幾	Shared/Neutral
屈服	Shared/Neutral
影子	Shared/Neutral
邊會	Shared/Neutral
黑幫	Shared/Neutral
傷勢	Shared/Neutral
流失	Shared/Neutral
火山	Shared/Neutral
交界	Shared/Neutral
媽的	Shared/Neutral
踏入	Shared/Neutral
你條	Shared/Neutral
好快就	Shared/Neutral
怪人	Shared/Neutral
正門	Shared/Neutral
臨尾	Shared/Neutral
為例	Shared/Neutral
補返	Shared/Neutral
你識	Shared/Neutral
寫信	Shared/Neutral
教畜	Shared/Neutral
波動	Shared/Neutral
背脊	Shared/Neutral
愛爾蘭	Shared/Neutral
精神科	Shared/Neutral
光明正大	Shared/Neutral
土瓜	Shared/Neutral
試試	Shared/Neutral
重生	Shared/Neutral
長輩	Shared/Neutral
保底	Shared/Neutral
野係	Shared/Neutral
偷偷地	Shared/Neutral
目的係	Shared/Neutral
連自己	Shared/Neutral
月餅	Shared/Neutral
的影響	Shared/Neutral
呢幾日	Shared/Neutral
招牌	Shared/Neutral
冷淡	Shared/Neutral
可以直接	Shared/Neutral
本身就	Shared/Neutral
金剛	Shared/Neutral
多好多	Shared/Neutral
賣到	Shared/Neutral
點係	Shared/Neutral
大腦	Shared/Neutral
我只	Shared/Neutral
被困	Shared/Neutral
德華	Shared/Neutral
搞亂	Shared/Neutral
失分	Shared/Neutral
我成日	Shared/Neutral
大錢	Shared/Neutral
即係話	Shared/Neutral
對不起	Shared/Neutral
我亦	Shared/Neutral
更為	Shared/Neutral
死神	Shared/Neutral
走哂	Shared/Neutral
得很	Shared/Neutral
表決	Shared/Neutral
呢首	Shared/Neutral
踩人	Shared/Neutral
晨早	Shared/Neutral
替代	Shared/Neutral
沙漠	Shared/Neutral
一邊	Shared/Neutral
個老母	Shared/Neutral
有個人	Shared/Neutral
小子	Shared/Neutral
街邊	Shared/Neutral
也好	Shared/Neutral
喜好	Shared/Neutral
都要做	Shared/Neutral
我叫	Shared/Neutral
比其他	Shared/Neutral
然後再	Shared/Neutral
抱著	Shared/Neutral
架構	Shared/Neutral
紅隧	Shared/Neutral
得罪講句	Shared/Neutral
特赦	Shared/Neutral
神話	Shared/Neutral
停下	Shared/Neutral
勝負	Shared/Neutral
一羣	Shared/Neutral
初初	Shared/Neutral
受損	Shared/Neutral
門票	Shared/Neutral
泊車	Shared/Neutral
三十年	Shared/Neutral
不清	Shared/Neutral
有朋友	Shared/Neutral
埋口	Shared/Neutral
失落	Shared/Neutral
幾條	Shared/Neutral
由得	Shared/Neutral
被發現	Shared/Neutral
脆弱	Shared/Neutral
分左手	Shared/Neutral
它的	Shared/Neutral
講個	Shared/Neutral
情人節	Shared/Neutral
係你自己	Shared/Neutral
都可以係	Shared/Neutral
日頭	Shared/Neutral
晉級	Shared/Neutral
母語	Shared/Neutral
講聲	Shared/Neutral
醒覺	Shared/Neutral
大帝	Shared/Neutral
理文	Shared/Neutral
而在	Shared/Neutral
特別	Shared/Neutral
就見到	Shared/Neutral
推論	Shared/Neutral
相片	Shared/Neutral
環節	Shared/Neutral
場景	Shared/Neutral
戰勝	Shared/Neutral
反面	Shared/Neutral
定性	Shared/Neutral
都只會	Shared/Neutral
但這	Shared/Neutral
開始有	Shared/Neutral
伯母	Shared/Neutral
典禮	Shared/Neutral
反中	Shared/Neutral
廢人	Shared/Neutral
是由	Shared/Neutral
頂多	Shared/Neutral
當日	Shared/Neutral
先有機會	Shared/Neutral
洗白	Shared/Neutral
私怨	Shared/Neutral
跌落	Shared/Neutral
遭遇	Shared/Neutral
老友	Shared/Neutral
一樣可以	Shared/Neutral
人身攻擊	Shared/Neutral
任意	Shared/Neutral
化成	Shared/Neutral
牧師	Shared/Neutral
蘋果	Shared/Neutral
反而係	Shared/Neutral
絕對係	Shared/Neutral
某種	Shared/Neutral
得益	Shared/Neutral
貨品	Shared/Neutral
假波	Shared/Neutral
傳到	Shared/Neutral
啟德	Shared/Neutral
撚柒	Shared/Neutral
搶到	Shared/Neutral
洪水	Shared/Neutral
未成年	Shared/Neutral
搵到錢	Shared/Neutral
主管	Shared/Neutral
自拍	Shared/Neutral
重慶	Shared/Neutral
推薦	Shared/Neutral
主題曲	Shared/Neutral
我見到	Shared/Neutral
新仔	Shared/Neutral
示意	Shared/Neutral
種子	Shared/Neutral
色情	Shared/Neutral
每一次	Shared/Neutral
中超	Shared/Neutral
我食	Shared/Neutral
澳洲	Shared/Neutral
一停	Shared/Neutral
他也	Shared/Neutral
成晚	Shared/Neutral
雞翼	Shared/Neutral
亦可以	Shared/Neutral
公職	Shared/Neutral
麪皮	Shared/Neutral
個體	Shared/Neutral
沒法	Shared/Neutral
隱於	Shared/Neutral
比較多	Shared/Neutral
代入	Shared/Neutral
保存	Shared/Neutral
所為	Shared/Neutral
幹擾	Shared/Neutral
投胎	Shared/Neutral
又一次	Shared/Neutral
同其他人	Shared/Neutral
未開	Shared/Neutral
隨住	Shared/Neutral
素人	Shared/Neutral
乞人憎	Shared/Neutral
最多人	Shared/Neutral
當作	Shared/Neutral
亦可	Shared/Neutral
夫人	Shared/Neutral
治理	Shared/Neutral
雲凡	Shared/Neutral
嚴肅	Shared/Neutral
審批	Shared/Neutral
假如	Shared/Neutral
係應該	Shared/Neutral
毅進仔	Shared/Neutral
生得	Shared/Neutral
入職	Shared/Neutral
啖氣	Shared/Neutral
外判	Shared/Neutral
航班	Shared/Neutral
升降機	Shared/Neutral
都需要	Shared/Neutral
無心	Shared/Neutral
中鋒	Shared/Neutral
打風	Shared/Neutral
最怕	Shared/Neutral
一架	Shared/Neutral
太郎	Shared/Neutral
檔案	Shared/Neutral
淪陷	Shared/Neutral
君主	Shared/Neutral
無計	Shared/Neutral
乾地	Shared/Neutral
的社會	Shared/Neutral
年半	Shared/Neutral
你就係	Shared/Neutral
只剩下	Shared/Neutral
先有用	Shared/Neutral
做文宣	Shared/Neutral
上曬	Shared/Neutral
爭執	Shared/Neutral
同理	Shared/Neutral
去到邊	Shared/Neutral
前來	Shared/Neutral
正係	Shared/Neutral
少見	Shared/Neutral
帶有	Shared/Neutral
影像	Shared/Neutral
欺騙	Shared/Neutral
法定	Shared/Neutral
巴打你	Shared/Neutral
個勢	Shared/Neutral
淪為	Shared/Neutral
真係要	Shared/Neutral
指向	Shared/Neutral
改編	Shared/Neutral
數十	Shared/Neutral
洗衣	Shared/Neutral
窗口	Shared/Neutral
稍為	Shared/Neutral
指揮官	Shared/Neutral
尾場	Shared/Neutral
天光	Shared/Neutral
會俾	Shared/Neutral
空虛	Shared/Neutral
如果你係	Shared/Neutral
此事	Shared/Neutral
瞓得	Shared/Neutral
知情	Shared/Neutral
止暴制亂	Shared/Neutral
古怪	Shared/Neutral
張開	Shared/Neutral
懷疑	Shared/Neutral
叫口號	Shared/Neutral
停課	Shared/Neutral
咪可以	Shared/Neutral
就一	Shared/Neutral
明明係	Shared/Neutral
外媒	Shared/Neutral
巴哈	Shared/Neutral
臺灣的	Shared/Neutral
宵禁	Shared/Neutral
請假	Shared/Neutral
望住我	Shared/Neutral
仲點	Shared/Neutral
講我	Shared/Neutral
時事臺	Shared/Neutral
廚師	Shared/Neutral
火魔	Shared/Neutral
優越	Shared/Neutral
被殺	Shared/Neutral
壓抑	Shared/Neutral
揮手	Shared/Neutral
門將	Shared/Neutral
京都	Shared/Neutral
失波	Shared/Neutral
現階段	Shared/Neutral
下屬	Shared/Neutral
最想	Shared/Neutral
練到	Shared/Neutral
下年	Shared/Neutral
明顯	Shared/Neutral
狗同	Shared/Neutral
禮頓	Shared/Neutral
派傳單	Shared/Neutral
就俾	Shared/Neutral
老土	Shared/Neutral
墮樓亡	Shared/Neutral
光榮	Shared/Neutral
餓死	Shared/Neutral
咪又係	Shared/Neutral
都有問題	Shared/Neutral
本錢	Shared/Neutral
英文	Shared/Neutral
斯基	Shared/Neutral
登陸	Shared/Neutral
食水	Shared/Neutral
班廢老	Shared/Neutral
加到	Shared/Neutral
土瓜灣	Shared/Neutral
只需	Shared/Neutral
發生了	Shared/Neutral
議事	Shared/Neutral
商會	Shared/Neutral
市價	Shared/Neutral
散步	Shared/Neutral
疫症	Shared/Neutral
親共	Shared/Neutral
二來	Shared/Neutral
屌過	Shared/Neutral
開展	Shared/Neutral
後尾	Shared/Neutral
但我們	Shared/Neutral
凝聚	Shared/Neutral
士多	Shared/Neutral
婦女	Shared/Neutral
爭氣	Shared/Neutral
我希望	Shared/Neutral
睇你	Shared/Neutral
有自己	Shared/Neutral
係藍	Shared/Neutral
衣著	Shared/Neutral
前度	Shared/Neutral
果位	Shared/Neutral
的態度	Shared/Neutral
延伸	Shared/Neutral
佐敦	Shared/Neutral
故此	Shared/Neutral
迫人	Shared/Neutral
難怪	Shared/Neutral
愛國愛	Shared/Neutral
性感	Shared/Neutral
拉丁	Shared/Neutral
視頻	Shared/Neutral
離開香港	Shared/Neutral
支共	Shared/Neutral
著想	Shared/Neutral
好自己	Shared/Neutral
場上	Shared/Neutral
公審	Shared/Neutral
崇拜	Shared/Neutral
前題	Shared/Neutral
極為	Shared/Neutral
他們在	Shared/Neutral
一頭	Shared/Neutral
上屆	Shared/Neutral
前年	Shared/Neutral
食完	Shared/Neutral
呢個地方	Shared/Neutral
出完	Shared/Neutral
性行為	Shared/Neutral
樣本	Shared/Neutral
債券	Shared/Neutral
話俾	Shared/Neutral
手提	Shared/Neutral
要在	Shared/Neutral
又成日	Shared/Neutral
又說	Shared/Neutral
換個	Shared/Neutral
置業	Shared/Neutral
我一個	Shared/Neutral
先打	Shared/Neutral
密集	Shared/Neutral
願榮光	Shared/Neutral
派人	Shared/Neutral
買埋	Shared/Neutral
剩係識	Shared/Neutral
一號	Shared/Neutral
公然	Shared/Neutral
爆到	Shared/Neutral
路飛	Shared/Neutral
一次	Shared/Neutral
個政府	Shared/Neutral
提前	Shared/Neutral
仲想點	Shared/Neutral
山東	Shared/Neutral
睇書	Shared/Neutral
太低	Shared/Neutral
血液	Shared/Neutral
仔係	Shared/Neutral
又打	Shared/Neutral
是很	Shared/Neutral
證書	Shared/Neutral
我知道	Shared/Neutral
流通	Shared/Neutral
好多錢	Shared/Neutral
一定要有	Shared/Neutral
社團	Shared/Neutral
行行	Shared/Neutral
新一代	Shared/Neutral
係日本足球員	Shared/Neutral
卡斯	Shared/Neutral
進取	Shared/Neutral
蛋白質	Shared/Neutral
古天	Shared/Neutral
死撐	Shared/Neutral
大概	Shared/Neutral
心諗	Shared/Neutral
對他	Shared/Neutral
當中有	Shared/Neutral
嫌棄	Shared/Neutral
七日	Shared/Neutral
陌生人	Shared/Neutral
又如何	Shared/Neutral
錄影	Shared/Neutral
崗位	Shared/Neutral
河南	Shared/Neutral
講解	Shared/Neutral
鄰國	Shared/Neutral
搞錯	Shared/Neutral
病例	Shared/Neutral
華盛頓	Shared/Neutral
加成	Shared/Neutral
缺席	Shared/Neutral
頭頂	Shared/Neutral
其實點解	Shared/Neutral
忍到	Shared/Neutral
納入	Shared/Neutral
屌屌	Shared/Neutral
熱鬧	Shared/Neutral
下面	Shared/Neutral
其實你	Shared/Neutral
的學生	Shared/Neutral
人力	Shared/Neutral
克羅地亞	Shared/Neutral
早排	Shared/Neutral
兩公婆	Shared/Neutral
巴閉	Shared/Neutral
一兩年	Shared/Neutral
廿幾	Shared/Neutral
自決	Shared/Neutral
好憎	Shared/Neutral
和其他	Shared/Neutral
有可	Shared/Neutral
西環	Shared/Neutral
真香港人	Shared/Neutral
乞食	Shared/Neutral
好在	Shared/Neutral
薯條	Shared/Neutral
都過	Shared/Neutral
北海道	Shared/Neutral
文宣組	Shared/Neutral
另計	Shared/Neutral
未死	Shared/Neutral
怨婦	Shared/Neutral
點都係	Shared/Neutral
普世價值	Shared/Neutral
刪除	Shared/Neutral
求救	Shared/Neutral
好地地	Shared/Neutral
維亞	Shared/Neutral
英超	Shared/Neutral
幾多年	Shared/Neutral
得票	Shared/Neutral
淡淡	Shared/Neutral
放得	Shared/Neutral
算好	Shared/Neutral
的消息	Shared/Neutral
直到	Shared/Neutral
起點	Shared/Neutral
遺傳	Shared/Neutral
緣份	Shared/Neutral
想入	Shared/Neutral
無睇	Shared/Neutral
但自己	Shared/Neutral
個社會	Shared/Neutral
中路	Shared/Neutral
筆記	Shared/Neutral
兩地	Shared/Neutral
行事	Shared/Neutral
統戰	Shared/Neutral
配套	Shared/Neutral
的比賽	Shared/Neutral
主因	Shared/Neutral
黃埔	Shared/Neutral
司法覆核	Shared/Neutral
係點樣	Shared/Neutral
用水	Shared/Neutral
多數	Shared/Neutral
區開花	Shared/Neutral
區的	Shared/Neutral
焦慮	Shared/Neutral
已經知	Shared/Neutral
家朗	Shared/Neutral
是你	Shared/Neutral
呈現	Shared/Neutral
好大壓力	Shared/Neutral
令他	Shared/Neutral
轉做	Shared/Neutral
氧化	Shared/Neutral
葉劉	Shared/Neutral
鬥黃	Shared/Neutral
主義者	Shared/Neutral
接到	Shared/Neutral
贏過	Shared/Neutral
關愛	Shared/Neutral
中文大學	Shared/Neutral
如常	Shared/Neutral
傢伙	Shared/Neutral
撐住	Shared/Neutral
無聲	Shared/Neutral
順眼	Shared/Neutral
但係我	Shared/Neutral
一推	Shared/Neutral
要注意	Shared/Neutral
肥絲	Shared/Neutral
面色	Shared/Neutral
富汗	Shared/Neutral
美領	Shared/Neutral
職責	Shared/Neutral
問問	Shared/Neutral
吸毒	Shared/Neutral
敢講	Shared/Neutral
四個月	Shared/Neutral
講到尾	Shared/Neutral
本身已經	Shared/Neutral
起碼有	Shared/Neutral
一個係	Shared/Neutral
上網睇	Shared/Neutral
匯率	Shared/Neutral
服從	Shared/Neutral
賽馬	Shared/Neutral
駐港	Shared/Neutral
有否	Shared/Neutral
係兩回事	Shared/Neutral
撚野	Shared/Neutral
係咪要	Shared/Neutral
根本就係	Shared/Neutral
攻中	Shared/Neutral
督察	Shared/Neutral
弱勢	Shared/Neutral
笑了	Shared/Neutral
得太多	Shared/Neutral
一篇	Shared/Neutral
硬件	Shared/Neutral
策劃	Shared/Neutral
警長	Shared/Neutral
縱火	Shared/Neutral
日韓	Shared/Neutral
都係我	Shared/Neutral
你死	Shared/Neutral
一睇就知	Shared/Neutral
呢個時候	Shared/Neutral
卡超	Shared/Neutral
高大	Shared/Neutral
此時	Shared/Neutral
單人	Shared/Neutral
好型	Shared/Neutral
巧合	Shared/Neutral
阿水	Shared/Neutral
太貴	Shared/Neutral
關卡	Shared/Neutral
黑心	Shared/Neutral
唐人	Shared/Neutral
存款	Shared/Neutral
清白	Shared/Neutral
課室	Shared/Neutral
連串	Shared/Neutral
亞洲人	Shared/Neutral
不理	Shared/Neutral
互助	Shared/Neutral
樂趣	Shared/Neutral
牠們	Shared/Neutral
話無	Shared/Neutral
起飛	Shared/Neutral
港鐵	Shared/Neutral
齊心	Shared/Neutral
閃光	Shared/Neutral
都走	Shared/Neutral
仲係到	Shared/Neutral
過期	Shared/Neutral
過頭	Shared/Neutral
係咪已經	Shared/Neutral
侍應	Shared/Neutral
反覆	Shared/Neutral
一個有	Shared/Neutral
軍方	Shared/Neutral
轉個頭	Shared/Neutral
之年	Shared/Neutral
低賤	Shared/Neutral
政府工	Shared/Neutral
近距離	Shared/Neutral
大學	Shared/Neutral
老人院	Shared/Neutral
渴望	Shared/Neutral
尖旺	Shared/Neutral
國家主席	Shared/Neutral
反政府	Shared/Neutral
收聲	Shared/Neutral
政務	Shared/Neutral
又少	Shared/Neutral
打打	Shared/Neutral
精力	Shared/Neutral
呢兩日	Shared/Neutral
應該無	Shared/Neutral
係時候	Shared/Neutral
包袱	Shared/Neutral
國米	Shared/Neutral
實事	Shared/Neutral
幸好	Shared/Neutral
少少錢	Shared/Neutral
幫到手	Shared/Neutral
學野	Shared/Neutral
老貓	Shared/Neutral
輪流	Shared/Neutral
抵達	Shared/Neutral
波都	Shared/Neutral
形狀	Shared/Neutral
譬如	Shared/Neutral
無名	Shared/Neutral
要將	Shared/Neutral
阿朗	Shared/Neutral
印象中	Shared/Neutral
再開	Shared/Neutral
匯報	Shared/Neutral
句子	Shared/Neutral
戲劇	Shared/Neutral
權者	Shared/Neutral
一年	Shared/Neutral
兩萬	Shared/Neutral
畜生	Shared/Neutral
車頭	Shared/Neutral
點樣可以	Shared/Neutral
也能	Shared/Neutral
跡象	Shared/Neutral
兩個禮拜	Shared/Neutral
先行	Shared/Neutral
逃離	Shared/Neutral
補給	Shared/Neutral
最大	Shared/Neutral
觀塘	Shared/Neutral
又稱	Shared/Neutral
家務	Shared/Neutral
控告	Shared/Neutral
一定好	Shared/Neutral
幾廿	Shared/Neutral
我跟	Shared/Neutral
分鐘後	Shared/Neutral
因此	Shared/Neutral
的支持	Shared/Neutral
荔枝角	Shared/Neutral
空白	Shared/Neutral
驗證	Shared/Neutral
錯過	Shared/Neutral
連仔	Shared/Neutral
的自由	Shared/Neutral
選委	Shared/Neutral
大埔	Shared/Neutral
情緒病	Shared/Neutral
般的	Shared/Neutral
這名	Shared/Neutral
個身	Shared/Neutral
紅燈	Shared/Neutral
僱員	Shared/Neutral
帶出	Shared/Neutral
最易	Shared/Neutral
本性	Shared/Neutral
死的	Shared/Neutral
未來	Shared/Neutral
習近平	Shared/Neutral
人睇	Shared/Neutral
及後	Shared/Neutral
智利	Shared/Neutral
毆打	Shared/Neutral
螺絲	Shared/Neutral
全民	Shared/Neutral
港產片	Shared/Neutral
呎價	Shared/Neutral
順序	Shared/Neutral
利率	Shared/Neutral
嫁禍	Shared/Neutral
這裏	Shared/Neutral
飛起	Shared/Neutral
朝早	Shared/Neutral
予以	Shared/Neutral
橫行	Shared/Neutral
不代表	Shared/Neutral
的人生	Shared/Neutral
政治人物	Shared/Neutral
個時	Shared/Neutral
最開心	Shared/Neutral
港共政府	Shared/Neutral
人情	Shared/Neutral
果條	Shared/Neutral
收你	Shared/Neutral
聊天	Shared/Neutral
上大陸	Shared/Neutral
邊有得	Shared/Neutral
中毒	Shared/Neutral
的法律	Shared/Neutral
就一定係	Shared/Neutral
但對	Shared/Neutral
脫歐	Shared/Neutral
再加上	Shared/Neutral
富士	Shared/Neutral
後排	Shared/Neutral
才華	Shared/Neutral
汽水	Shared/Neutral
貼地	Shared/Neutral
的內容	Shared/Neutral
政治立場	Shared/Neutral
又比	Shared/Neutral
拼音	Shared/Neutral
稻草	Shared/Neutral
人可以	Shared/Neutral
再入	Shared/Neutral
指點	Shared/Neutral
巖巖好	Shared/Neutral
不便	Shared/Neutral
去曬	Shared/Neutral
中計	Shared/Neutral
做足	Shared/Neutral
詞語	Shared/Neutral
講你	Shared/Neutral
自己會	Shared/Neutral
惡夢	Shared/Neutral
照舊	Shared/Neutral
走先	Shared/Neutral
哈哈哈	Shared/Neutral
傳中	Shared/Neutral
站起來	Shared/Neutral
民主國家	Shared/Neutral
都能	Shared/Neutral
但好似	Shared/Neutral
門市	Shared/Neutral
多年來	Shared/Neutral
紀元	Shared/Neutral
港區國安法	Shared/Neutral
發大	Shared/Neutral
臺獨	Shared/Neutral
慈禧	Shared/Neutral
民事	Shared/Neutral
肯做	Shared/Neutral
出入口	Shared/Neutral
傀儡	Shared/Neutral
日起	Shared/Neutral
阻人	Shared/Neutral
不惜	Shared/Neutral
當前	Shared/Neutral
東鐵	Shared/Neutral
案底	Shared/Neutral
今天	Shared/Neutral
血腥	Shared/Neutral
叫大家	Shared/Neutral
堵路	Shared/Neutral
逼害	Shared/Neutral
飾演	Shared/Neutral
任職	Shared/Neutral
英皇	Shared/Neutral
大家都係	Shared/Neutral
吹捧	Shared/Neutral
感覺上	Shared/Neutral
不相	Shared/Neutral
公元	Shared/Neutral
係最好	Shared/Neutral
億港元	Shared/Neutral
孝子	Shared/Neutral
難免	Shared/Neutral
驚到	Shared/Neutral
是中國	Shared/Neutral
被捕者	Shared/Neutral
罪成	Shared/Neutral
航母	Shared/Neutral
大屠殺	Shared/Neutral
三月	Shared/Neutral
再搵	Shared/Neutral
算數	Shared/Neutral
蘿蔔	Shared/Neutral
規範	Shared/Neutral
通報	Shared/Neutral
早幾日	Shared/Neutral
文科	Shared/Neutral
會打	Shared/Neutral
返來	Shared/Neutral
更加	Shared/Neutral
的權利	Shared/Neutral
水浸	Shared/Neutral
細則	Shared/Neutral
人工	Shared/Neutral
建華	Shared/Neutral
據悉	Shared/Neutral
識別	Shared/Neutral
狼隊	Shared/Neutral
依度	Shared/Neutral
富貴	Shared/Neutral
忍者	Shared/Neutral
線上	Shared/Neutral
點數	Shared/Neutral
調返轉	Shared/Neutral
旨在	Shared/Neutral
間學校	Shared/Neutral
外套	Shared/Neutral
進來	Shared/Neutral
拖延	Shared/Neutral
書包	Shared/Neutral
耶撚	Shared/Neutral
就只有	Shared/Neutral
西斯	Shared/Neutral
搞死	Shared/Neutral
喜愛	Shared/Neutral
發作	Shared/Neutral
一齊做	Shared/Neutral
五六	Shared/Neutral
文尼	Shared/Neutral
標誌	Shared/Neutral
筆者	Shared/Neutral
西南	Shared/Neutral
南華	Shared/Neutral
我以前	Shared/Neutral
適用於	Shared/Neutral
都不如	Shared/Neutral
陰陽	Shared/Neutral
危害國家安全	Shared/Neutral
天后	Shared/Neutral
轉轉	Shared/Neutral
都對	Shared/Neutral
被視為	Shared/Neutral
最主要	Shared/Neutral
會發生	Shared/Neutral
真雙普選	Shared/Neutral
何來	Shared/Neutral
名稱	Shared/Neutral
外出	Shared/Neutral
美容	Shared/Neutral
自古	Shared/Neutral
委託	Shared/Neutral
盈利	Shared/Neutral
體現	Shared/Neutral
成立獨立調查委員會	Shared/Neutral
霸王	Shared/Neutral
都要	Shared/Neutral
投白票	Shared/Neutral
一成	Shared/Neutral
望落	Shared/Neutral
榮耀	Shared/Neutral
液體	Shared/Neutral
更何況	Shared/Neutral
地帶	Shared/Neutral
日程	Shared/Neutral
的市民	Shared/Neutral
生日快樂	Shared/Neutral
看待	Shared/Neutral
翻身	Shared/Neutral
著重	Shared/Neutral
我地要	Shared/Neutral
熱身	Shared/Neutral
有呢個	Shared/Neutral
一夜	Shared/Neutral
短片	Shared/Neutral
穿過	Shared/Neutral
個朋友	Shared/Neutral
反轉	Shared/Neutral
是次	Shared/Neutral
迪斯	Shared/Neutral
馬斯	Shared/Neutral
我同你	Shared/Neutral
正式宣佈	Shared/Neutral
銅鑼灣東角道	Shared/Neutral
一座	Shared/Neutral
想睇	Shared/Neutral
有人在	Shared/Neutral
其實已經	Shared/Neutral
各位手足	Shared/Neutral
貨櫃	Shared/Neutral
的士佬	Shared/Neutral
的球員	Shared/Neutral
甜品	Shared/Neutral
諗返	Shared/Neutral
公斤	Shared/Neutral
太好	Shared/Neutral
風吹	Shared/Neutral
減輕	Shared/Neutral
眼前的	Shared/Neutral
生氣	Shared/Neutral
金曲	Shared/Neutral
和諧	Shared/Neutral
再多	Shared/Neutral
合埋	Shared/Neutral
懶係	Shared/Neutral
斯文	Shared/Neutral
計較	Shared/Neutral
錯覺	Shared/Neutral
都係同	Shared/Neutral
世三	Shared/Neutral
水位	Shared/Neutral
起曬	Shared/Neutral
就收皮	Shared/Neutral
讓我們	Shared/Neutral
刑期	Shared/Neutral
馬仔	Shared/Neutral
全世界都	Shared/Neutral
界線	Shared/Neutral
核爆	Shared/Neutral
港城	Shared/Neutral
視聽	Shared/Neutral
有鬼	Shared/Neutral
玩笑	Shared/Neutral
白頭	Shared/Neutral
都叫做	Shared/Neutral
指甲	Shared/Neutral
安心出行	Shared/Neutral
配角	Shared/Neutral
都好大	Shared/Neutral
只因	Shared/Neutral
但卻	Shared/Neutral
就輸	Shared/Neutral
幾件	Shared/Neutral
還錢	Shared/Neutral
呢家	Shared/Neutral
一波	Shared/Neutral
基亞	Shared/Neutral
失眠	Shared/Neutral
印花	Shared/Neutral
讓他們	Shared/Neutral
負能量	Shared/Neutral
混淆	Shared/Neutral
管理局	Shared/Neutral
公署	Shared/Neutral
灰心	Shared/Neutral
就繼續	Shared/Neutral
武警	Shared/Neutral
名人	Shared/Neutral
搬去	Shared/Neutral
眼濕濕	Shared/Neutral
一個地方	Shared/Neutral
友情	Shared/Neutral
世盃	Shared/Neutral
偵探	Shared/Neutral
講道理	Shared/Neutral
四強	Shared/Neutral
樂部	Shared/Neutral
神器	Shared/Neutral
金主	Shared/Neutral
上樓	Shared/Neutral
以此	Shared/Neutral
發光	Shared/Neutral
輪到	Shared/Neutral
週五	Shared/Neutral
驅散	Shared/Neutral
令香港	Shared/Neutral
就好了	Shared/Neutral
你都可以	Shared/Neutral
全香港人	Shared/Neutral
八月	Shared/Neutral
起個	Shared/Neutral
吹下水	Shared/Neutral
招技	Shared/Neutral
佔士	Shared/Neutral
原創	Shared/Neutral
是對	Shared/Neutral
治港	Shared/Neutral
週二	Shared/Neutral
真係睇	Shared/Neutral
扮黃	Shared/Neutral
開臺	Shared/Neutral
會更	Shared/Neutral
大把人	Shared/Neutral
交租	Shared/Neutral
螢幕	Shared/Neutral
呢個價	Shared/Neutral
帶來的	Shared/Neutral
邊撚個	Shared/Neutral
警力	Shared/Neutral
雜物	Shared/Neutral
有一次	Shared/Neutral
乒乓	Shared/Neutral
回港	Shared/Neutral
小人	Shared/Neutral
恒指	Shared/Neutral
留番	Shared/Neutral
條道理	Shared/Neutral
了他	Shared/Neutral
尖東	Shared/Neutral
征服	Shared/Neutral
難得	Shared/Neutral
考慮到	Shared/Neutral
推上熱門	Shared/Neutral
玩樂	Shared/Neutral
真的是	Shared/Neutral
拍拍	Shared/Neutral
重返	Shared/Neutral
表哥	Shared/Neutral
將你	Shared/Neutral
一樣有	Shared/Neutral
仲要有	Shared/Neutral
不準	Shared/Neutral
俾返	Shared/Neutral
西九	Shared/Neutral
院校	Shared/Neutral
助長	Shared/Neutral
醜聞	Shared/Neutral
但她	Shared/Neutral
哥倫	Shared/Neutral
就食	Shared/Neutral
買定	Shared/Neutral
重演	Shared/Neutral
喜劇	Shared/Neutral
愈大	Shared/Neutral
未完	Shared/Neutral
直選	Shared/Neutral
可以自己	Shared/Neutral
臨時政府	Shared/Neutral
一制	Shared/Neutral
邊位	Shared/Neutral
就仆街	Shared/Neutral
高人工	Shared/Neutral
即可	Shared/Neutral
後門	Shared/Neutral
都講得出	Shared/Neutral
電競	Shared/Neutral
咪仲	Shared/Neutral
燈光	Shared/Neutral
坦白講	Shared/Neutral
推測	Shared/Neutral
從來無	Shared/Neutral
自動波	Shared/Neutral
賠率	Shared/Neutral
途人	Shared/Neutral
食材	Shared/Neutral
三場	Shared/Neutral
美人	Shared/Neutral
一杯	Shared/Neutral
不入	Shared/Neutral
不顧	Shared/Neutral
低估	Shared/Neutral
平權	Shared/Neutral
雙腳	Shared/Neutral
又貴	Shared/Neutral
寄生	Shared/Neutral
視角	Shared/Neutral
廣東歌	Shared/Neutral
其實好多	Shared/Neutral
後會	Shared/Neutral
頂得	Shared/Neutral
個國家	Shared/Neutral
發生緊	Shared/Neutral
主打	Shared/Neutral
早晨	Shared/Neutral
燒山	Shared/Neutral
呢班	Shared/Neutral
就算你	Shared/Neutral
元旦	Shared/Neutral
想買	Shared/Neutral
幹線	Shared/Neutral
長洲	Shared/Neutral
集運	Shared/Neutral
商家佬	Shared/Neutral
高於	Shared/Neutral
同居	Shared/Neutral
拎錢	Shared/Neutral
失去了	Shared/Neutral
派發	Shared/Neutral
越位	Shared/Neutral
境外	Shared/Neutral
用個	Shared/Neutral
的嗎	Shared/Neutral
輪換	Shared/Neutral
渣車	Shared/Neutral
不治	Shared/Neutral
招募	Shared/Neutral
沙灘	Shared/Neutral
流程	Shared/Neutral
小白	Shared/Neutral
時會	Shared/Neutral
水電	Shared/Neutral
所屬	Shared/Neutral
還沒	Shared/Neutral
黃之鋒	Shared/Neutral
官媒	Shared/Neutral
了個	Shared/Neutral
化的	Shared/Neutral
抽插	Shared/Neutral
特質	Shared/Neutral
都大把	Shared/Neutral
還眼	Shared/Neutral
向他	Shared/Neutral
野講	Shared/Neutral
好多年	Shared/Neutral
施政報告	Shared/Neutral
團長	Shared/Neutral
俱樂部	Shared/Neutral
而家係	Shared/Neutral
住戶	Shared/Neutral
八九	Shared/Neutral
爛尾	Shared/Neutral
艦隊	Shared/Neutral
護航	Shared/Neutral
世界的	Shared/Neutral
火車站	Shared/Neutral
點解我	Shared/Neutral
清真寺	Shared/Neutral
維拉	Shared/Neutral
點會有	Shared/Neutral
火焰	Shared/Neutral
點前	Shared/Neutral
收到風	Shared/Neutral
北京	Shared/Neutral
本人	Shared/Neutral
社交媒體	Shared/Neutral
踩單車	Shared/Neutral
嬰兒	Shared/Neutral
屌我	Shared/Neutral
姐妹	Shared/Neutral
要入	Shared/Neutral
只可	Shared/Neutral
海南	Shared/Neutral
的女	Shared/Neutral
個情況	Shared/Neutral
同臺灣	Shared/Neutral
炒價	Shared/Neutral
我屌	Shared/Neutral
搭地鐵	Shared/Neutral
的行動	Shared/Neutral
夠鐘	Shared/Neutral
步伐	Shared/Neutral
守則	Shared/Neutral
狐狸	Shared/Neutral
過街老鼠	Shared/Neutral
對戰	Shared/Neutral
感應	Shared/Neutral
炒股	Shared/Neutral
考牌	Shared/Neutral
追星	Shared/Neutral
條頸	Shared/Neutral
機密	Shared/Neutral
重溫	Shared/Neutral
日落	Shared/Neutral
神父	Shared/Neutral
美中	Shared/Neutral
收銀	Shared/Neutral
監製	Shared/Neutral
單程證	Shared/Neutral
企硬	Shared/Neutral
粒子	Shared/Neutral
都中	Shared/Neutral
上季	Shared/Neutral
事實係	Shared/Neutral
城大	Shared/Neutral
恆大	Shared/Neutral
暫緩	Shared/Neutral
那時	Shared/Neutral
低層	Shared/Neutral
堅尼	Shared/Neutral
男童	Shared/Neutral
錦標	Shared/Neutral
價比	Shared/Neutral
走入	Shared/Neutral
小心	Shared/Neutral
的男人	Shared/Neutral
再轉	Shared/Neutral
黃牛	Shared/Neutral
係要	Shared/Neutral
各方	Shared/Neutral
報料	Shared/Neutral
帶動	Shared/Neutral
等死	Shared/Neutral
每星期	Shared/Neutral
妒忌	Shared/Neutral
有了	Shared/Neutral
迷信	Shared/Neutral
都多	Shared/Neutral
直頭係	Shared/Neutral
香港人係	Shared/Neutral
指教	Shared/Neutral
邊樣	Shared/Neutral
也不能	Shared/Neutral
交出	Shared/Neutral
政制	Shared/Neutral
其實真係	Shared/Neutral
住過	Shared/Neutral
通告	Shared/Neutral
有甚麼	Shared/Neutral
強烈譴責	Shared/Neutral
快要	Shared/Neutral
文書	Shared/Neutral
期貨	Shared/Neutral
信你	Shared/Neutral
恆指	Shared/Neutral
呢句	Shared/Neutral
部電腦	Shared/Neutral
不易	Shared/Neutral
講得好	Shared/Neutral
在家	Shared/Neutral
轉臺	Shared/Neutral
除非你	Shared/Neutral
仍是	Shared/Neutral
流流	Shared/Neutral
都當	Shared/Neutral
一週	Shared/Neutral
幾十蚊	Shared/Neutral
下同	Shared/Neutral
俾到	Shared/Neutral
內文	Shared/Neutral
生生	Shared/Neutral
真誠	Shared/Neutral
一家人	Shared/Neutral
做手術	Shared/Neutral
獨裁政權	Shared/Neutral
愛丁堡廣場	Shared/Neutral
絕對	Shared/Neutral
任期	Shared/Neutral
有餘	Shared/Neutral
就將	Shared/Neutral
只要你	Shared/Neutral
不行	Shared/Neutral
就這樣	Shared/Neutral
會比人	Shared/Neutral
豬扒	Shared/Neutral
喊到	Shared/Neutral
最後的	Shared/Neutral
會因為	Shared/Neutral
摩狗	Shared/Neutral
不過你	Shared/Neutral
出擊	Shared/Neutral
聆訊	Shared/Neutral
過分	Shared/Neutral
重重	Shared/Neutral
高價	Shared/Neutral
散戶	Shared/Neutral
再上	Shared/Neutral
縱容	Shared/Neutral
反手	Shared/Neutral
名叫	Shared/Neutral
莉亞	Shared/Neutral
無任何	Shared/Neutral
信和	Shared/Neutral
變曬	Shared/Neutral
不推文回覆	Shared/Neutral
性慾	Shared/Neutral
的前	Shared/Neutral
終結	Shared/Neutral
一見到	Shared/Neutral
忽視	Shared/Neutral
氣體	Shared/Neutral
睡覺	Shared/Neutral
倒地	Shared/Neutral
克服	Shared/Neutral
南北	Shared/Neutral
文盲	Shared/Neutral
你說	Shared/Neutral
班次	Shared/Neutral
里斯	Shared/Neutral
三文魚	Shared/Neutral
係中共	Shared/Neutral
所有的	Shared/Neutral
我想講	Shared/Neutral
悲哀	Shared/Neutral
你真係	Shared/Neutral
堂堂	Shared/Neutral
已婚	Shared/Neutral
都未撚	Shared/Neutral
四圍	Shared/Neutral
專一	Shared/Neutral
政變	Shared/Neutral
院長	Shared/Neutral
人地係	Shared/Neutral
而死	Shared/Neutral
開局	Shared/Neutral
便利店	Shared/Neutral
一一	Shared/Neutral
停留	Shared/Neutral
平安夜	Shared/Neutral
要返工	Shared/Neutral
我屋企	Shared/Neutral
要出	Shared/Neutral
就搞掂	Shared/Neutral
有得買	Shared/Neutral
妨礙	Shared/Neutral
吸血鬼	Shared/Neutral
北上	Shared/Neutral
住緊	Shared/Neutral
空軍	Shared/Neutral
造假	Shared/Neutral
到宜家	Shared/Neutral
同黑警	Shared/Neutral
國企	Shared/Neutral
長度	Shared/Neutral
重要的	Shared/Neutral
得來	Shared/Neutral
設有	Shared/Neutral
走私	Shared/Neutral
幫推	Shared/Neutral
發售	Shared/Neutral
最重要係	Shared/Neutral
一直在	Shared/Neutral
限聚令	Shared/Neutral
大隊	Shared/Neutral
欠缺	Shared/Neutral
我聽	Shared/Neutral
籍口	Shared/Neutral
訴訟	Shared/Neutral
趕住	Shared/Neutral
職工	Shared/Neutral
之星	Shared/Neutral
減到	Shared/Neutral
連線	Shared/Neutral
何況	Shared/Neutral
一早已經	Shared/Neutral
教科	Shared/Neutral
還原	Shared/Neutral
真的很	Shared/Neutral
定時	Shared/Neutral
愉快	Shared/Neutral
騎兵	Shared/Neutral
驚人	Shared/Neutral
一句話	Shared/Neutral
謹慎	Shared/Neutral
特別係	Shared/Neutral
動議	Shared/Neutral
會講	Shared/Neutral
路軌	Shared/Neutral
市值	Shared/Neutral
平息	Shared/Neutral
搞到自己	Shared/Neutral
一宗	Shared/Neutral
對鞋	Shared/Neutral
劇場版	Shared/Neutral
環保撚	Shared/Neutral
遭受	Shared/Neutral
大陸妹	Shared/Neutral
後日	Shared/Neutral
果個人	Shared/Neutral
籌備	Shared/Neutral
送去	Shared/Neutral
返曬	Shared/Neutral
速遞	Shared/Neutral
殺傷	Shared/Neutral
呂布	Shared/Neutral
固醇	Shared/Neutral
新鮮感	Shared/Neutral
好定	Shared/Neutral
路面	Shared/Neutral
參議院	Shared/Neutral
我今日	Shared/Neutral
你問	Shared/Neutral
羅門	Shared/Neutral
演講	Shared/Neutral
優質	Shared/Neutral
好重	Shared/Neutral
會輸	Shared/Neutral
雙子	Shared/Neutral
個網	Shared/Neutral
有你	Shared/Neutral
珍貴	Shared/Neutral
要俾	Shared/Neutral
警司	Shared/Neutral
兩年前	Shared/Neutral
低於	Shared/Neutral
感化	Shared/Neutral
西區	Shared/Neutral
大小姐	Shared/Neutral
我朋友	Shared/Neutral
有無咩	Shared/Neutral
的意思	Shared/Neutral
體育館	Shared/Neutral
市民	Shared/Neutral
洗碗	Shared/Neutral
高處	Shared/Neutral
在網上	Shared/Neutral
半季	Shared/Neutral
民黨	Shared/Neutral
你去	Shared/Neutral
八成	Shared/Neutral
四月	Shared/Neutral
後退	Shared/Neutral
溫層	Shared/Neutral
摩連奴	Shared/Neutral
原子	Shared/Neutral
東南	Shared/Neutral
考到	Shared/Neutral
證件	Shared/Neutral
永遠都	Shared/Neutral
上環	Shared/Neutral
小食	Shared/Neutral
歸香港	Shared/Neutral
自己是	Shared/Neutral
孤兒	Shared/Neutral
幾位	Shared/Neutral
與其	Shared/Neutral
擅長	Shared/Neutral
無助	Shared/Neutral
誠信	Shared/Neutral
返緊	Shared/Neutral
這時	Shared/Neutral
遞交	Shared/Neutral
口岸	Shared/Neutral
派對	Shared/Neutral
轉介	Shared/Neutral
天份	Shared/Neutral
早知	Shared/Neutral
主持人	Shared/Neutral
過曬	Shared/Neutral
恭喜	Shared/Neutral
過自己	Shared/Neutral
而又	Shared/Neutral
賠錢	Shared/Neutral
過渡	Shared/Neutral
轉彎	Shared/Neutral
保險公司	Shared/Neutral
送往	Shared/Neutral
第四	Shared/Neutral
就沒有	Shared/Neutral
又贏	Shared/Neutral
累計	Shared/Neutral
一言	Shared/Neutral
好叻	Shared/Neutral
牛仔	Shared/Neutral
個故事	Shared/Neutral
分別係	Shared/Neutral
都好少	Shared/Neutral
痛楚	Shared/Neutral
同女	Shared/Neutral
打中	Shared/Neutral
誤解	Shared/Neutral
側邊	Shared/Neutral
先睇	Shared/Neutral
合體	Shared/Neutral
講述	Shared/Neutral
阻力	Shared/Neutral
分鐘內	Shared/Neutral
就此	Shared/Neutral
愛上	Shared/Neutral
適用	Shared/Neutral
而成	Shared/Neutral
的結果	Shared/Neutral
高度自治	Shared/Neutral
答道	Shared/Neutral
千其	Shared/Neutral
建宗	Shared/Neutral
做一個	Shared/Neutral
死亡率	Shared/Neutral
呢條友	Shared/Neutral
恒大	Shared/Neutral
就識	Shared/Neutral
自知	Shared/Neutral
華潤	Shared/Neutral
你用	Shared/Neutral
好爽	Shared/Neutral
實物	Shared/Neutral
碩士	Shared/Neutral
個都	Shared/Neutral
搞大	Shared/Neutral
時裝	Shared/Neutral
框架	Shared/Neutral
醒起	Shared/Neutral
韓國人	Shared/Neutral
軍火	Shared/Neutral
交所	Shared/Neutral
隨時	Shared/Neutral
歲以下	Shared/Neutral
大家都好	Shared/Neutral
落樓	Shared/Neutral
還拖	Shared/Neutral
是一種	Shared/Neutral
死都要	Shared/Neutral
就讀	Shared/Neutral
燒味	Shared/Neutral
用字	Shared/Neutral
過個	Shared/Neutral
放映會	Shared/Neutral
五百	Shared/Neutral
就上	Shared/Neutral
有何	Shared/Neutral
都很	Shared/Neutral
我個人	Shared/Neutral
越來越多	Shared/Neutral
入住	Shared/Neutral
發生的	Shared/Neutral
提你	Shared/Neutral
海岸	Shared/Neutral
發掘	Shared/Neutral
我就會	Shared/Neutral
原先	Shared/Neutral
有數	Shared/Neutral
兩集	Shared/Neutral
罐頭	Shared/Neutral
對家	Shared/Neutral
痕跡	Shared/Neutral
黑麪	Shared/Neutral
巴拿	Shared/Neutral
密度	Shared/Neutral
最正	Shared/Neutral
伸出	Shared/Neutral
我怕	Shared/Neutral
通常係	Shared/Neutral
營造	Shared/Neutral
每一個人	Shared/Neutral
就係因為	Shared/Neutral
疑點	Shared/Neutral
工作者	Shared/Neutral
三位	Shared/Neutral
廢佬	Shared/Neutral
正一	Shared/Neutral
永恆	Shared/Neutral
週四	Shared/Neutral
箭咀	Shared/Neutral
蝙蝠	Shared/Neutral
運動會	Shared/Neutral
我認為	Shared/Neutral
成分	Shared/Neutral
的光	Shared/Neutral
首要	Shared/Neutral
見律師	Shared/Neutral
有分	Shared/Neutral
其實可以	Shared/Neutral
冷門	Shared/Neutral
祖先	Shared/Neutral
你老母咩	Shared/Neutral
證供	Shared/Neutral
好奇怪	Shared/Neutral
黑人憎	Shared/Neutral
蒙特	Shared/Neutral
啊啊啊啊	Shared/Neutral
狗官	Shared/Neutral
無差別	Shared/Neutral
離開了	Shared/Neutral
娃娃	Shared/Neutral
不要再	Shared/Neutral
無端端	Shared/Neutral
真槍	Shared/Neutral
講就	Shared/Neutral
財團	Shared/Neutral
資料庫	Shared/Neutral
呢段時間	Shared/Neutral
坐緊	Shared/Neutral
理事	Shared/Neutral
幫下手	Shared/Neutral
得幾好	Shared/Neutral
特首林鄭月娥	Shared/Neutral
日記	Shared/Neutral
親生	Shared/Neutral
修復	Shared/Neutral
起碼要	Shared/Neutral
上星期	Shared/Neutral
搶救	Shared/Neutral
物流	Shared/Neutral
的她	Shared/Neutral
公信	Shared/Neutral
親眼	Shared/Neutral
四人	Shared/Neutral
你老豆	Shared/Neutral
對方的	Shared/Neutral
嚴厲	Shared/Neutral
好運	Shared/Neutral
改進	Shared/Neutral
死死	Shared/Neutral
人優惠	Shared/Neutral
是香港	Shared/Neutral
係連	Shared/Neutral
內鬥	Shared/Neutral
嚇得	Shared/Neutral
暴雨	Shared/Neutral
法文	Shared/Neutral
細妹	Shared/Neutral
充足	Shared/Neutral
睇死	Shared/Neutral
容忍	Shared/Neutral
沒人	Shared/Neutral
返上去	Shared/Neutral
中國人民	Shared/Neutral
家產	Shared/Neutral
對決	Shared/Neutral
年華	Shared/Neutral
考完	Shared/Neutral
土生	Shared/Neutral
普京	Shared/Neutral
後生	Shared/Neutral
話香港	Shared/Neutral
之前有	Shared/Neutral
係正	Shared/Neutral
叉燒	Shared/Neutral
噁心	Shared/Neutral
戒嚴	Shared/Neutral
海邊	Shared/Neutral
聽晚	Shared/Neutral
年年	Shared/Neutral
你隻	Shared/Neutral
切勿	Shared/Neutral
列入	Shared/Neutral
福特	Shared/Neutral
達尼	Shared/Neutral
體重	Shared/Neutral
成日講	Shared/Neutral
交由	Shared/Neutral
呢刻	Shared/Neutral
幾張	Shared/Neutral
條毛	Shared/Neutral
炮臺	Shared/Neutral
賭博	Shared/Neutral
點鐘	Shared/Neutral
抑或	Shared/Neutral
樂天	Shared/Neutral
點去	Shared/Neutral
基金會	Shared/Neutral
一開始就	Shared/Neutral
揹包	Shared/Neutral
話好	Shared/Neutral
陸軍	Shared/Neutral
日出	Shared/Neutral
比多	Shared/Neutral
開冷氣	Shared/Neutral
我本身	Shared/Neutral
中央政府	Shared/Neutral
張敬軒	Shared/Neutral
比人炒	Shared/Neutral
女仔	Shared/Neutral
的要求	Shared/Neutral
咬人	Shared/Neutral
跟足	Shared/Neutral
我地就	Shared/Neutral
一絲	Shared/Neutral
懶人包	Shared/Neutral
下載	Shared/Neutral
個次	Shared/Neutral
落在	Shared/Neutral
削弱	Shared/Neutral
幾倍	Shared/Neutral
最貴	Shared/Neutral
牛牛	Shared/Neutral
藥水	Shared/Neutral
中三	Shared/Neutral
更改	Shared/Neutral
果樣	Shared/Neutral
畫畫	Shared/Neutral
仲未有	Shared/Neutral
口頭	Shared/Neutral
看得	Shared/Neutral
曼聯	Shared/Neutral
壓力大	Shared/Neutral
石屎	Shared/Neutral
跟本	Shared/Neutral
打邊爐	Shared/Neutral
講起	Shared/Neutral
手掌	Shared/Neutral
個個月	Shared/Neutral
因為要	Shared/Neutral
過世	Shared/Neutral
腸胃	Shared/Neutral
華爾	Shared/Neutral
賭錢	Shared/Neutral
曬時間	Shared/Neutral
坐係	Shared/Neutral
刑罰	Shared/Neutral
回顧	Shared/Neutral
漠視	Shared/Neutral
落腳	Shared/Neutral
關門	Shared/Neutral
已成	Shared/Neutral
糾纏	Shared/Neutral
還手	Shared/Neutral
防水	Shared/Neutral
有無人知	Shared/Neutral
個底	Shared/Neutral
想你	Shared/Neutral
歲人	Shared/Neutral
天花板	Shared/Neutral
都好有	Shared/Neutral
迴旋	Shared/Neutral
離職	Shared/Neutral
係邊度	Shared/Neutral
私底下	Shared/Neutral
佔據	Shared/Neutral
地價	Shared/Neutral
果班人	Shared/Neutral
打疫苗	Shared/Neutral
人民日報	Shared/Neutral
安門	Shared/Neutral
長髮	Shared/Neutral
一兩日	Shared/Neutral
失效	Shared/Neutral
好怕	Shared/Neutral
復刻	Shared/Neutral
又盛	Shared/Neutral
卻沒有	Shared/Neutral
我覺得係	Shared/Neutral
有圖	Shared/Neutral
兩條友	Shared/Neutral
成千	Shared/Neutral
波特	Shared/Neutral
諾貝爾	Shared/Neutral
麻木	Shared/Neutral
做曬	Shared/Neutral
共鳴	Shared/Neutral
淡友	Shared/Neutral
新城市	Shared/Neutral
留學生	Shared/Neutral
插入	Shared/Neutral
搵番	Shared/Neutral
球季	Shared/Neutral
要加	Shared/Neutral
倒退	Shared/Neutral
兩房	Shared/Neutral
鬧人	Shared/Neutral
打爛	Shared/Neutral
鄧炳強	Shared/Neutral
到處	Shared/Neutral
較為	Shared/Neutral
頭角	Shared/Neutral
阿富汗	Shared/Neutral
你你	Shared/Neutral
芬蘭	Shared/Neutral
報價	Shared/Neutral
研究所	Shared/Neutral
伯伯	Shared/Neutral
刷角	Shared/Neutral
電筒	Shared/Neutral
半山	Shared/Neutral
如果無	Shared/Neutral
塊地	Shared/Neutral
分組賽	Shared/Neutral
噴霧	Shared/Neutral
店主	Shared/Neutral
我見到	Shared/Neutral
活在	Shared/Neutral
理工大學	Shared/Neutral
西波	Shared/Neutral
頭條	Shared/Neutral
玩死	Shared/Neutral
紅館	Shared/Neutral
你個名	Shared/Neutral
的發展	Shared/Neutral
你未	Shared/Neutral
對美國	Shared/Neutral
英文版	Shared/Neutral
不必	Shared/Neutral
個西	Shared/Neutral
當面	Shared/Neutral
轉車	Shared/Neutral
被告	Shared/Neutral
信得過	Shared/Neutral
可以將	Shared/Neutral
習總	Shared/Neutral
跪求	Shared/Neutral
登場	Shared/Neutral
諗返起	Shared/Neutral
薪酬	Shared/Neutral
做大	Shared/Neutral
前世	Shared/Neutral
吐露	Shared/Neutral
咪知	Shared/Neutral
你啊	Shared/Neutral
先肯	Shared/Neutral
常常	Shared/Neutral
做得好好	Shared/Neutral
踢緊	Shared/Neutral
的表情	Shared/Neutral
死心	Shared/Neutral
心理學	Shared/Neutral
又平	Shared/Neutral
只是	Shared/Neutral
先巖	Shared/Neutral
軌道	Shared/Neutral
軍團	Shared/Neutral
這樣做	Shared/Neutral
都係由	Shared/Neutral
大家都	Shared/Neutral
不說	Shared/Neutral
好氣	Shared/Neutral
拋棄	Shared/Neutral
一百萬	Shared/Neutral
身上的	Shared/Neutral
冷處理	Shared/Neutral
最簡單	Shared/Neutral
教導	Shared/Neutral
跟風	Shared/Neutral
車手	Shared/Neutral
飯盒	Shared/Neutral
尊敬	Shared/Neutral
戰友	Shared/Neutral
表格	Shared/Neutral
付款	Shared/Neutral
平價	Shared/Neutral
中華	Shared/Neutral
我想問	Shared/Neutral
團聚	Shared/Neutral
是他	Shared/Neutral
內力	Shared/Neutral
常威	Shared/Neutral
攝影師	Shared/Neutral
人權法案	Shared/Neutral
因為係	Shared/Neutral
打靶	Shared/Neutral
病發	Shared/Neutral
高音	Shared/Neutral
我的	Shared/Neutral
我老豆	Shared/Neutral
一個國家	Shared/Neutral
下世	Shared/Neutral
任由	Shared/Neutral
要繼續	Shared/Neutral
還沒有	Shared/Neutral
果份	Shared/Neutral
都重	Shared/Neutral
肚痛	Shared/Neutral
護級	Shared/Neutral
我即刻	Shared/Neutral
是甚麼	Shared/Neutral
收場	Shared/Neutral
詐騙	Shared/Neutral
幫香港	Shared/Neutral
中曬	Shared/Neutral
小平	Shared/Neutral
玩開	Shared/Neutral
訂閱	Shared/Neutral
就無事	Shared/Neutral
任命	Shared/Neutral
大路	Shared/Neutral
小將	Shared/Neutral
果段	Shared/Neutral
瓦解	Shared/Neutral
翌日	Shared/Neutral
落個	Shared/Neutral
我都無	Shared/Neutral
一行	Shared/Neutral
步行	Shared/Neutral
各方面	Shared/Neutral
幾年前	Shared/Neutral
返到去	Shared/Neutral
禁錮	Shared/Neutral
部分人	Shared/Neutral
內向	Shared/Neutral
到就	Shared/Neutral
創立	Shared/Neutral
十蚊	Shared/Neutral
我今日	Shared/Neutral
最大問題	Shared/Neutral
不過如果	Shared/Neutral
剋制	Shared/Neutral
自家	Shared/Neutral
粉紅色	Shared/Neutral
前線手足	Shared/Neutral
蝕錢	Shared/Neutral
專武	Shared/Neutral
插水	Shared/Neutral
好感動	Shared/Neutral
月亮	Shared/Neutral
舊野	Shared/Neutral
跑得	Shared/Neutral
年中	Shared/Neutral
自語	Shared/Neutral
看不到	Shared/Neutral
相互	Shared/Neutral
都追	Shared/Neutral
現狀	Shared/Neutral
設置	Shared/Neutral
過年	Shared/Neutral
康文	Shared/Neutral
前幾日	Shared/Neutral
呢幾個月	Shared/Neutral
之名	Shared/Neutral
十倍	Shared/Neutral
我把	Shared/Neutral
早幾年	Shared/Neutral
睇電視	Shared/Neutral
咪再	Shared/Neutral
彈性	Shared/Neutral
係咪好	Shared/Neutral
做咩要	Shared/Neutral
星期六	Shared/Neutral
好多地方	Shared/Neutral
的水	Shared/Neutral
陰公	Shared/Neutral
又高	Shared/Neutral
遊記	Shared/Neutral
不當	Shared/Neutral
成套	Shared/Neutral
張無忌	Shared/Neutral
返出去	Shared/Neutral
民主黨	Shared/Neutral
人優惠回贈	Shared/Neutral
三名	Shared/Neutral
有心	Shared/Neutral
關於	Shared/Neutral
勒斯坦	Shared/Neutral
不怕	Shared/Neutral
偷渡	Shared/Neutral
吹咩	Shared/Neutral
填詞	Shared/Neutral
最憎	Shared/Neutral
果張	Shared/Neutral
將其	Shared/Neutral
訂單	Shared/Neutral
隻驚	Shared/Neutral
真係癡撚線	Shared/Neutral
入圍	Shared/Neutral
同新	Shared/Neutral
大笑	Shared/Neutral
選舉委員會	Shared/Neutral
賣得	Shared/Neutral
那就	Shared/Neutral
驚你	Shared/Neutral
供應商	Shared/Neutral
同日本	Shared/Neutral
巴打們	Shared/Neutral
第一次見	Shared/Neutral
發炎	Shared/Neutral
政局	Shared/Neutral
可以換	Shared/Neutral
羞恥	Shared/Neutral
大撚把	Shared/Neutral
舒適	Shared/Neutral
除外	Shared/Neutral
及其他	Shared/Neutral
希望有	Shared/Neutral
申請人	Shared/Neutral
而無	Shared/Neutral
自言	Shared/Neutral
農場	Shared/Neutral
可以幫手	Shared/Neutral
可以話係	Shared/Neutral
刺客	Shared/Neutral
孤立	Shared/Neutral
著名	Shared/Neutral
所以你	Shared/Neutral
表面上	Shared/Neutral
之王	Shared/Neutral
全城	Shared/Neutral
可以比	Shared/Neutral
點都有	Shared/Neutral
法則	Shared/Neutral
事實係	Shared/Neutral
掩護	Shared/Neutral
睡眠	Shared/Neutral
管轄	Shared/Neutral
由細	Shared/Neutral
愛狗	Shared/Neutral
玩返	Shared/Neutral
咩咩	Shared/Neutral
結算	Shared/Neutral
可接受	Shared/Neutral
家底	Shared/Neutral
的重要	Shared/Neutral
犯賤	Shared/Neutral
家陣	Shared/Neutral
都不是	Shared/Neutral
大方	Shared/Neutral
撕裂	Shared/Neutral
細良	Shared/Neutral
身在	Shared/Neutral
鍾意食	Shared/Neutral
作業	Shared/Neutral
悲傷	Shared/Neutral
選出	Shared/Neutral
一派	Shared/Neutral
再問	Shared/Neutral
快感	Shared/Neutral
龍珠	Shared/Neutral
大增	Shared/Neutral
經已	Shared/Neutral
英國佬	Shared/Neutral
回想	Shared/Neutral
瑪麗	Shared/Neutral
二個	Shared/Neutral
支槍	Shared/Neutral
點名	Shared/Neutral
國的	Shared/Neutral
畀錢	Shared/Neutral
纔有	Shared/Neutral
控制到	Shared/Neutral
安靜	Shared/Neutral
葵芳	Shared/Neutral
離開	Shared/Neutral
中史	Shared/Neutral
但會	Shared/Neutral
文憑	Shared/Neutral
起樓	Shared/Neutral
有無諗過	Shared/Neutral
交通	Shared/Neutral
係咪都	Shared/Neutral
排緊	Shared/Neutral
爆機	Shared/Neutral
多利亞	Shared/Neutral
千里	Shared/Neutral
消防	Shared/Neutral
都係打	Shared/Neutral
撞正	Shared/Neutral
的高	Shared/Neutral
點解我	Shared/Neutral
不如你	Shared/Neutral
我一直	Shared/Neutral
已知	Shared/Neutral
熊仔	Shared/Neutral
到而家	Shared/Neutral
用開	Shared/Neutral
積金	Shared/Neutral
固然	Shared/Neutral
波波	Shared/Neutral
車尾	Shared/Neutral
車撞	Shared/Neutral
他表示	Shared/Neutral
未必係	Shared/Neutral
發文	Shared/Neutral
逼到	Shared/Neutral
成為了	Shared/Neutral
保衛	Shared/Neutral
幾高	Shared/Neutral
樂意	Shared/Neutral
行貨	Shared/Neutral
成件事	Shared/Neutral
個龍	Shared/Neutral
剩返	Shared/Neutral
家軍	Shared/Neutral
代表	Shared/Neutral
我幫你	Shared/Neutral
真心膠	Shared/Neutral
入選	Shared/Neutral
大市	Shared/Neutral
諸葛	Shared/Neutral
緊係	Shared/Neutral
巴基斯坦	Shared/Neutral
奮鬥	Shared/Neutral
骨折	Shared/Neutral
管理費	Shared/Neutral
也被	Shared/Neutral
全名	Shared/Neutral
心知	Shared/Neutral
提倡	Shared/Neutral
你班仆街	Shared/Neutral
升值	Shared/Neutral
招式	Shared/Neutral
飛彈	Shared/Neutral
馬車	Shared/Neutral
只要有	Shared/Neutral
新聞自由	Shared/Neutral
區區	Shared/Neutral
受苦	Shared/Neutral
咪要	Shared/Neutral
安法	Shared/Neutral
很久	Shared/Neutral
放水	Shared/Neutral
神作	Shared/Neutral
船長	Shared/Neutral
有機會	Shared/Neutral
南美	Shared/Neutral
大字	Shared/Neutral
用番	Shared/Neutral
迷宮	Shared/Neutral
陳述	Shared/Neutral
隻雞	Shared/Neutral
好驚	Shared/Neutral
中文版	Shared/Neutral
公公	Shared/Neutral
就拎	Shared/Neutral
梓樂	Shared/Neutral
金色	Shared/Neutral
中位數	Shared/Neutral
女巫	Shared/Neutral
在下	Shared/Neutral
大劍	Shared/Neutral
的說法	Shared/Neutral
大家都有	Shared/Neutral
友善	Shared/Neutral
天賦	Shared/Neutral
接管	Shared/Neutral
海水	Shared/Neutral
至終	Shared/Neutral
識分	Shared/Neutral
鋼琴	Shared/Neutral
黃屍	Shared/Neutral
外傳	Shared/Neutral
洗黑錢	Shared/Neutral
更快	Shared/Neutral
煤氣	Shared/Neutral
相見	Shared/Neutral
試用	Shared/Neutral
的身體	Shared/Neutral
真心覺得	Shared/Neutral
合成	Shared/Neutral
巿民	Shared/Neutral
排第	Shared/Neutral
交給	Shared/Neutral
心動	Shared/Neutral
講清楚	Shared/Neutral
搜索	Shared/Neutral
黑洞	Shared/Neutral
點先可以	Shared/Neutral
係俾	Shared/Neutral
緊緊	Shared/Neutral
偽善	Shared/Neutral
無撚	Shared/Neutral
個個都話	Shared/Neutral
可能因為	Shared/Neutral
型號	Shared/Neutral
射到	Shared/Neutral
偏見	Shared/Neutral
未出	Shared/Neutral
陪審員	Shared/Neutral
摺埋	Shared/Neutral
江山	Shared/Neutral
單手	Shared/Neutral
分手	Shared/Neutral
暴大	Shared/Neutral
三個人	Shared/Neutral
一步一步	Shared/Neutral
不去	Shared/Neutral
化為	Shared/Neutral
對方	Shared/Neutral
上前線	Shared/Neutral
理性討論	Shared/Neutral
你所	Shared/Neutral
有班人	Shared/Neutral
後先	Shared/Neutral
消息人士	Shared/Neutral
此舉	Shared/Neutral
躺在	Shared/Neutral
人中	Shared/Neutral
要開	Shared/Neutral
用呢個	Shared/Neutral
挪威	Shared/Neutral
十歲	Shared/Neutral
落山	Shared/Neutral
股份有限公司	Shared/Neutral
玩咩	Shared/Neutral
買得	Shared/Neutral
你而家	Shared/Neutral
語音	Shared/Neutral
看過	Shared/Neutral
休班警	Shared/Neutral
支付寶	Shared/Neutral
心裏	Shared/Neutral
發育	Shared/Neutral
基本	Shared/Neutral
笑撚死	Shared/Neutral
話說	Shared/Neutral
配件	Shared/Neutral
除了	Shared/Neutral
去諗	Shared/Neutral
模仿	Shared/Neutral
歡喜	Shared/Neutral
牙朗	Shared/Neutral
的資料	Shared/Neutral
都無埋	Shared/Neutral
身份認同	Shared/Neutral
兩家	Shared/Neutral
要贏	Shared/Neutral
整個人	Shared/Neutral
無諗過	Shared/Neutral
古路	Shared/Neutral
肩膀	Shared/Neutral
胸口	Shared/Neutral
守衛	Shared/Neutral
係需要	Shared/Neutral
好意思	Shared/Neutral
戲份	Shared/Neutral
係咪都係	Shared/Neutral
內外	Shared/Neutral
完個	Shared/Neutral
趙敏	Shared/Neutral
先最	Shared/Neutral
極高	Shared/Neutral
恐怖主義	Shared/Neutral
學士	Shared/Neutral
將我	Shared/Neutral
巴打你	Shared/Neutral
擋住	Shared/Neutral
講起	Shared/Neutral
知名度	Shared/Neutral
賣港賊	Shared/Neutral
自己睇	Shared/Neutral
公務員	Shared/Neutral
世事	Shared/Neutral
聖人	Shared/Neutral
近戰	Shared/Neutral
短時間內	Shared/Neutral
中五	Shared/Neutral
亞視	Shared/Neutral
維權	Shared/Neutral
為了	Shared/Neutral
巨大的	Shared/Neutral
世一	Shared/Neutral
就行	Shared/Neutral
纔可	Shared/Neutral
失業率	Shared/Neutral
英鎊	Shared/Neutral
係好難	Shared/Neutral
兩天	Shared/Neutral
主意	Shared/Neutral
一筆	Shared/Neutral
伊巴	Shared/Neutral
充斥	Shared/Neutral
勝出	Shared/Neutral
司徒	Shared/Neutral
世間	Shared/Neutral
以家	Shared/Neutral
屌閪	Shared/Neutral
線索	Shared/Neutral
係班	Shared/Neutral
厭惡	Shared/Neutral
掂到	Shared/Neutral
莉莉	Shared/Neutral
自己又	Shared/Neutral
可以考慮	Shared/Neutral
救世	Shared/Neutral
身為	Shared/Neutral
大使館	Shared/Neutral
成日話	Shared/Neutral
一格	Shared/Neutral
挽回	Shared/Neutral
長江	Shared/Neutral
陣間	Shared/Neutral
事咩	Shared/Neutral
為咩	Shared/Neutral
老美	Shared/Neutral
做任何	Shared/Neutral
講到尾	Shared/Neutral
槓桿	Shared/Neutral
馬會	Shared/Neutral
的做法	Shared/Neutral
放風	Shared/Neutral
華社	Shared/Neutral
呢種人	Shared/Neutral
書面語	Shared/Neutral
私人屋苑	Shared/Neutral
契仔	Shared/Neutral
沒收	Shared/Neutral
熱烈	Shared/Neutral
野飲	Shared/Neutral
之後有	Shared/Neutral
維他	Shared/Neutral
質問	Shared/Neutral
風雲	Shared/Neutral
食完飯	Shared/Neutral
個好	Shared/Neutral
功力	Shared/Neutral
加時	Shared/Neutral
接駁	Shared/Neutral
社會的	Shared/Neutral
定居	Shared/Neutral
延遲	Shared/Neutral
仲話	Shared/Neutral
更加要	Shared/Neutral
車主	Shared/Neutral
附加	Shared/Neutral
咪撚再	Shared/Neutral
香港經濟	Shared/Neutral
寫下	Shared/Neutral
軍政府	Shared/Neutral
鍾意你	Shared/Neutral
大粒	Shared/Neutral
俾人笑	Shared/Neutral
想換	Shared/Neutral
會以	Shared/Neutral
遠射	Shared/Neutral
十幾個	Shared/Neutral
就好難	Shared/Neutral
出院	Shared/Neutral
樂器	Shared/Neutral
油塘	Shared/Neutral
法甲	Shared/Neutral
性病	Shared/Neutral
狗係	Shared/Neutral
過百	Shared/Neutral
都拎	Shared/Neutral
食女	Shared/Neutral
一條友	Shared/Neutral
支那仔	Shared/Neutral
企得	Shared/Neutral
已經覺得	Shared/Neutral
唱功	Shared/Neutral
的路	Shared/Neutral
看着	Shared/Neutral
藉此	Shared/Neutral
還擊	Shared/Neutral
鍾意睇	Shared/Neutral
轉返	Shared/Neutral
會有咩	Shared/Neutral
玩撚完	Shared/Neutral
其實有	Shared/Neutral
就停	Shared/Neutral
我明	Shared/Neutral
氣旋	Shared/Neutral
越好	Shared/Neutral
排斥	Shared/Neutral
案情	Shared/Neutral
連尼	Shared/Neutral
時間同	Shared/Neutral
會比較	Shared/Neutral
習大大	Shared/Neutral
啤梨	Shared/Neutral
場比賽	Shared/Neutral
軟弱	Shared/Neutral
新加坡	Shared/Neutral
仲衰	Shared/Neutral
再生	Shared/Neutral
品味	Shared/Neutral
急住	Shared/Neutral
一打	Shared/Neutral
放開	Shared/Neutral
我都想知	Shared/Neutral
擾亂	Shared/Neutral
癌症	Shared/Neutral
的眼神	Shared/Neutral
核心價值	Shared/Neutral
壽命	Shared/Neutral
英冠	Shared/Neutral
另一個	Shared/Neutral
講到好似	Shared/Neutral
兩點	Shared/Neutral
安寧	Shared/Neutral
外圍賽	Shared/Neutral
希特拉	Shared/Neutral
希望你	Shared/Neutral
左派	Shared/Neutral
跟他	Shared/Neutral
有咩所謂	Shared/Neutral
思路	Shared/Neutral
你同	Shared/Neutral
眾議院	Shared/Neutral
勇武手足	Shared/Neutral
集合地點	Shared/Neutral
人選	Shared/Neutral
係死	Shared/Neutral
偶然	Shared/Neutral
東莞	Shared/Neutral
歡呼	Shared/Neutral
王朝	Shared/Neutral
說著	Shared/Neutral
但依家	Shared/Neutral
比香港	Shared/Neutral
係錯	Shared/Neutral
想學	Shared/Neutral
開啟	Shared/Neutral
阿龔	Shared/Neutral
未必會	Shared/Neutral
公立醫院	Shared/Neutral
見工	Shared/Neutral
一睇	Shared/Neutral
鍵盤戰士	Shared/Neutral
香港警察	Shared/Neutral
拖垮	Shared/Neutral
睇過	Shared/Neutral
前已經	Shared/Neutral
性價比	Shared/Neutral
拍緊	Shared/Neutral
半一	Shared/Neutral
巡邏	Shared/Neutral
混入	Shared/Neutral
白紙	Shared/Neutral
識用	Shared/Neutral
但個	Shared/Neutral
在你	Shared/Neutral
未聽過	Shared/Neutral
大腿	Shared/Neutral
活著	Shared/Neutral
取向	Shared/Neutral
放曬	Shared/Neutral
大陸佬	Shared/Neutral
屠龍	Shared/Neutral
警民	Shared/Neutral
閪咩	Shared/Neutral
鐘意	Shared/Neutral
審理	Shared/Neutral
星球	Shared/Neutral
改名做	Shared/Neutral
本地人	Shared/Neutral
的目標	Shared/Neutral
到來	Shared/Neutral
得掂	Shared/Neutral
愛滋	Shared/Neutral
直覺	Shared/Neutral
我又	Shared/Neutral
太刀	Shared/Neutral
幾球	Shared/Neutral
派息	Shared/Neutral
分裂國家	Shared/Neutral
另一個人	Shared/Neutral
有好多	Shared/Neutral
告急	Shared/Neutral
套裝	Shared/Neutral
檢視	Shared/Neutral
車上	Shared/Neutral
都正常	Shared/Neutral
我老母	Shared/Neutral
可能會有	Shared/Neutral
相關的	Shared/Neutral
炒到	Shared/Neutral
送錢	Shared/Neutral
有無巴打	Shared/Neutral
星馳	Shared/Neutral
約會	Shared/Neutral
舉例	Shared/Neutral
條款及	Shared/Neutral
有罪	Shared/Neutral
消除	Shared/Neutral
總算	Shared/Neutral
有不少	Shared/Neutral
其實香港	Shared/Neutral
對政府	Shared/Neutral
丹尼	Shared/Neutral
種票	Shared/Neutral
有無諗過	Shared/Neutral
冬季	Shared/Neutral
失球	Shared/Neutral
混血	Shared/Neutral
返好	Shared/Neutral
是沒有	Shared/Neutral
跑去	Shared/Neutral
闖入	Shared/Neutral
了我的	Shared/Neutral
倒臺	Shared/Neutral
科幻	Shared/Neutral
入曬	Shared/Neutral
就等	Shared/Neutral
巴爾	Shared/Neutral
罷食	Shared/Neutral
好耐無	Shared/Neutral
受惠	Shared/Neutral
就贏	Shared/Neutral
橡膠	Shared/Neutral
遺書	Shared/Neutral
果個位	Shared/Neutral
內閣	Shared/Neutral
威威	Shared/Neutral
拍照	Shared/Neutral
死哂	Shared/Neutral
高水	Shared/Neutral
地盤佬	Shared/Neutral
係以	Shared/Neutral
偽黃	Shared/Neutral
做好自己	Shared/Neutral
操縱	Shared/Neutral
默契	Shared/Neutral
龍鳳	Shared/Neutral
住在	Shared/Neutral
天安門	Shared/Neutral
我所知	Shared/Neutral
大部份人	Shared/Neutral
北歐	Shared/Neutral
會所	Shared/Neutral
推薦人優惠回贈	Shared/Neutral
入到	Shared/Neutral
仲講	Shared/Neutral
都請	Shared/Neutral
歲以上	Shared/Neutral
為一	Shared/Neutral
原定	Shared/Neutral
打敗	Shared/Neutral
巴士	Shared/Neutral
法官	Shared/Neutral
步驟	Shared/Neutral
強姦犯	Shared/Neutral
邊個會	Shared/Neutral
我意思係	Shared/Neutral
充電	Shared/Neutral
救港	Shared/Neutral
旅程	Shared/Neutral
校內	Shared/Neutral
同女朋友	Shared/Neutral
何以	Shared/Neutral
辛苦	Shared/Neutral
吸引到	Shared/Neutral
應該好	Shared/Neutral
查看	Shared/Neutral
求婚	Shared/Neutral
法蘭	Shared/Neutral
起源	Shared/Neutral
遷就	Shared/Neutral
宣稱	Shared/Neutral
我發現	Shared/Neutral
就爆	Shared/Neutral
翻去	Shared/Neutral
畢竟	Shared/Neutral
得好開心	Shared/Neutral
兩檢	Shared/Neutral
沉迷	Shared/Neutral
老化	Shared/Neutral
話齋	Shared/Neutral
港島	Shared/Neutral
打和	Shared/Neutral
最壞	Shared/Neutral
水泡	Shared/Neutral
簡化	Shared/Neutral
那人	Shared/Neutral
你見	Shared/Neutral
係女人	Shared/Neutral
其實如果	Shared/Neutral
的好	Shared/Neutral
身子	Shared/Neutral
限期	Shared/Neutral
黑衣人	Shared/Neutral
臺妹	Shared/Neutral
五分鐘	Shared/Neutral
睇落去	Shared/Neutral
都不會	Shared/Neutral
不止	Shared/Neutral
中風	Shared/Neutral
籌款	Shared/Neutral
一樣會	Shared/Neutral
代表隊	Shared/Neutral
改過	Shared/Neutral
浴室	Shared/Neutral
不排除	Shared/Neutral
呢個就係	Shared/Neutral
嚴重的	Shared/Neutral
上演	Shared/Neutral
一入	Shared/Neutral
公約	Shared/Neutral
利狗	Shared/Neutral
是大	Shared/Neutral
但要	Shared/Neutral
又有人	Shared/Neutral
失明	Shared/Neutral
叫你	Shared/Neutral
工作的	Shared/Neutral
事先	Shared/Neutral
夾到	Shared/Neutral
彈藥	Shared/Neutral
月的	Shared/Neutral
著緊	Shared/Neutral
審視	Shared/Neutral
覆我	Shared/Neutral
開幕	Shared/Neutral
近代史	Shared/Neutral
實戰	Shared/Neutral
搞緊	Shared/Neutral
殺害	Shared/Neutral
天水圍	Shared/Neutral
抱怨	Shared/Neutral
掌心	Shared/Neutral
棉花	Shared/Neutral
相識	Shared/Neutral
講係	Shared/Neutral
吐露港	Shared/Neutral
星期一	Shared/Neutral
抗體	Shared/Neutral
文物	Shared/Neutral
論文	Shared/Neutral
自己老母	Shared/Neutral
產物	Shared/Neutral
較低	Shared/Neutral
那天	Shared/Neutral
傢俬	Shared/Neutral
狗咬	Shared/Neutral
芝麻	Shared/Neutral
理大	Shared/Neutral
叉電	Shared/Neutral
品質	Shared/Neutral
年薪	Shared/Neutral
幻覺	Shared/Neutral
散熱	Shared/Neutral
通話	Shared/Neutral
比人捉	Shared/Neutral
發音	Shared/Neutral
都無事	Shared/Neutral
是以	Shared/Neutral
落下	Shared/Neutral
關你撚事咩	Shared/Neutral
影視	Shared/Neutral
普攻	Shared/Neutral
都爆	Shared/Neutral
人仕	Shared/Neutral
所羅門	Shared/Neutral
個肚	Shared/Neutral
手感	Shared/Neutral
抖音	Shared/Neutral
轉機	Shared/Neutral
仲好過	Shared/Neutral
友人	Shared/Neutral
為此	Shared/Neutral
都肯	Shared/Neutral
陣時	Shared/Neutral
自己揀	Shared/Neutral
又怕	Shared/Neutral
叫停	Shared/Neutral
接報	Shared/Neutral
校友	Shared/Neutral
就如	Shared/Neutral
條橋	Shared/Neutral
用了	Shared/Neutral
最緊要係	Shared/Neutral
流入	Shared/Neutral
蒐集	Shared/Neutral
連忙	Shared/Neutral
連續	Shared/Neutral
伊拉克	Shared/Neutral
但依家	Shared/Neutral
有時候	Shared/Neutral
屆時	Shared/Neutral
睇住	Shared/Neutral
做功課	Shared/Neutral
比機會	Shared/Neutral
兵器	Shared/Neutral
土共	Shared/Neutral
太細	Shared/Neutral
少個	Shared/Neutral
暗戀	Shared/Neutral
明顯係	Shared/Neutral
兵力	Shared/Neutral
底層	Shared/Neutral
急急	Shared/Neutral
無情	Shared/Neutral
言行	Shared/Neutral
都搵	Shared/Neutral
不存在	Shared/Neutral
去搞	Shared/Neutral
大獎	Shared/Neutral
你依家	Shared/Neutral
可以搵	Shared/Neutral
保羅	Shared/Neutral
殘體	Shared/Neutral
開埋	Shared/Neutral
扶持	Shared/Neutral
浮現	Shared/Neutral
筆直	Shared/Neutral
又開始	Shared/Neutral
今個星期	Shared/Neutral
教書	Shared/Neutral
我們要	Shared/Neutral
和尚	Shared/Neutral
清單	Shared/Neutral
在她	Shared/Neutral
天皇	Shared/Neutral
她是	Shared/Neutral
走火	Shared/Neutral
去睇醫生	Shared/Neutral
四處	Shared/Neutral
好強	Shared/Neutral
幹部	Shared/Neutral
偶爾	Shared/Neutral
心得	Shared/Neutral
好合理	Shared/Neutral
打官司	Shared/Neutral
堆人	Shared/Neutral
咩都無	Shared/Neutral
評分功能	Shared/Neutral
海峽	Shared/Neutral
都係做	Shared/Neutral
接力	Shared/Neutral
公屋	Shared/Neutral
你都會	Shared/Neutral
偷襲	Shared/Neutral
殘廢	Shared/Neutral
憎恨	Shared/Neutral
做得	Shared/Neutral
中共的	Shared/Neutral
共諜	Shared/Neutral
已在	Shared/Neutral
忍住	Shared/Neutral
手槍	Shared/Neutral
我決定	Shared/Neutral
讀緊書	Shared/Neutral
串謀	Shared/Neutral
制衡	Shared/Neutral
好廢	Shared/Neutral
攞返	Shared/Neutral
警察宿舍	Shared/Neutral
冷感	Shared/Neutral
提問	Shared/Neutral
先知原來	Shared/Neutral
病情	Shared/Neutral
見狀	Shared/Neutral
的笑容	Shared/Neutral
第一位	Shared/Neutral
企位	Shared/Neutral
彈出	Shared/Neutral
因為他	Shared/Neutral
好撚柒	Shared/Neutral
無條件	Shared/Neutral
執導	Shared/Neutral
多麼	Shared/Neutral
滙豐	Shared/Neutral
回覆評分功能	Shared/Neutral
香港電影	Shared/Neutral
其實真係	Shared/Neutral
一倍	Shared/Neutral
大海	Shared/Neutral
搜尋	Shared/Neutral
泡沫	Shared/Neutral
老年	Shared/Neutral
咩叫	Shared/Neutral
個單位	Shared/Neutral
波臺狗	Shared/Neutral
差點	Shared/Neutral
槍械	Shared/Neutral
正價	Shared/Neutral
正股	Shared/Neutral
無疑	Shared/Neutral
已經是	Shared/Neutral
食早餐	Shared/Neutral
林鄭月娥	Shared/Neutral
不像	Shared/Neutral
差在	Shared/Neutral
成功	Shared/Neutral
兩隻字	Shared/Neutral
提出的	Shared/Neutral
一齊住	Shared/Neutral
街都係	Shared/Neutral
用英文	Shared/Neutral
張國	Shared/Neutral
突登	Shared/Neutral
糖水	Shared/Neutral
都要睇	Shared/Neutral
等埋	Shared/Neutral
瑪利亞	Shared/Neutral
講粗口	Shared/Neutral
就巖	Shared/Neutral
心地	Shared/Neutral
眉頭	Shared/Neutral
高薪	Shared/Neutral
專訪	Shared/Neutral
下來的	Shared/Neutral
兩三年	Shared/Neutral
會不會	Shared/Neutral
個官	Shared/Neutral
占卜	Shared/Neutral
十年後	Shared/Neutral
從來沒有	Shared/Neutral
方針	Shared/Neutral
畢業生	Shared/Neutral
光輝	Shared/Neutral
學名	Shared/Neutral
做人	Shared/Neutral
第一隻	Shared/Neutral
所以你	Shared/Neutral
外部	Shared/Neutral
的想法	Shared/Neutral
並將	Shared/Neutral
推斷	Shared/Neutral
乞兒	Shared/Neutral
會員	Shared/Neutral
是常識	Shared/Neutral
再無	Shared/Neutral
都非常	Shared/Neutral
我朋友	Shared/Neutral
留係香港	Shared/Neutral
聽落	Shared/Neutral
開得	Shared/Neutral
同溫層	Shared/Neutral
音響	Shared/Neutral
別人的	Shared/Neutral
大家樂	Shared/Neutral
首先要	Shared/Neutral
抵玩	Shared/Neutral
結尾	Shared/Neutral
菊花	Shared/Neutral
萬歲	Shared/Neutral
可以幫	Shared/Neutral
有足夠	Shared/Neutral
五大訴求缺一不可	Shared/Neutral
漢奸	Shared/Neutral
連環	Shared/Neutral
成為香港	Shared/Neutral
但亦	Shared/Neutral
睇哂	Shared/Neutral
食屎狗	Shared/Neutral
同男朋友	Shared/Neutral
刀手	Shared/Neutral
社羣	Shared/Neutral
不公平	Shared/Neutral
可恥	Shared/Neutral
率先	Shared/Neutral
達斯	Shared/Neutral
就有人	Shared/Neutral
生之年	Shared/Neutral
笑說	Shared/Neutral
就自然	Shared/Neutral
不算	Shared/Neutral
分明	Shared/Neutral
跟手	Shared/Neutral
綠卡	Shared/Neutral
流水式	Shared/Neutral
旁聽	Shared/Neutral
但當	Shared/Neutral
金正	Shared/Neutral
司令	Shared/Neutral
撞車	Shared/Neutral
晚飯	Shared/Neutral
所以咪	Shared/Neutral
至少有	Shared/Neutral
不問	Shared/Neutral
就轉	Shared/Neutral
工開	Shared/Neutral
檢察	Shared/Neutral
科研	Shared/Neutral
警覺	Shared/Neutral
深水埗	Shared/Neutral
完全沒有	Shared/Neutral
使命	Shared/Neutral
偷野	Shared/Neutral
陣線	Shared/Neutral
就俾人	Shared/Neutral
性能	Shared/Neutral
呃自己	Shared/Neutral
小的	Shared/Neutral
獲取	Shared/Neutral
通緝	Shared/Neutral
抽獎	Shared/Neutral
時無	Shared/Neutral
煩膠	Shared/Neutral
要換	Shared/Neutral
只會令	Shared/Neutral
一啖	Shared/Neutral
又死	Shared/Neutral
幾遠	Shared/Neutral
欣宜	Shared/Neutral
足足	Shared/Neutral
如果無	Shared/Neutral
上頭	Shared/Neutral
房門	Shared/Neutral
菲林	Shared/Neutral
開過	Shared/Neutral
仔仔	Shared/Neutral
一無	Shared/Neutral
大曬	Shared/Neutral
賣家	Shared/Neutral
功勞	Shared/Neutral
火影	Shared/Neutral
聯手	Shared/Neutral
風雨	Shared/Neutral
攬炒	Shared/Neutral
競爭力	Shared/Neutral
奕迅	Shared/Neutral
返少少	Shared/Neutral
經濟發展	Shared/Neutral
分行	Shared/Neutral
好長	Shared/Neutral
告知	Shared/Neutral
未婚	Shared/Neutral
爆頭	Shared/Neutral
季初	Shared/Neutral
軍營	Shared/Neutral
隻豬	Shared/Neutral
見得	Shared/Neutral
呢個字	Shared/Neutral
係中	Shared/Neutral
入錢	Shared/Neutral
大地	Shared/Neutral
封印	Shared/Neutral
還能	Shared/Neutral
離世	Shared/Neutral
的存在	Shared/Neutral
七一	Shared/Neutral
十日	Shared/Neutral
最驚	Shared/Neutral
氣溫	Shared/Neutral
我想講	Shared/Neutral
係高	Shared/Neutral
時有	Shared/Neutral
未啊	Shared/Neutral
稍後	Shared/Neutral
若然	Shared/Neutral
薯片	Shared/Neutral
詛咒	Shared/Neutral
差人	Shared/Neutral
萬分	Shared/Neutral
行出	Shared/Neutral
的歷史	Shared/Neutral
其實都係	Shared/Neutral
堂食	Shared/Neutral
我識	Shared/Neutral
如果想	Shared/Neutral
所以就	Shared/Neutral
上得	Shared/Neutral
年史	Shared/Neutral
胸部	Shared/Neutral
路邊	Shared/Neutral
好似得	Shared/Neutral
我要見律師	Shared/Neutral
入埋	Shared/Neutral
急速	Shared/Neutral
所見	Shared/Neutral
打哂	Shared/Neutral
步兵	Shared/Neutral
著衫	Shared/Neutral
規律	Shared/Neutral
而家仲	Shared/Neutral
如果可以	Shared/Neutral
失禮	Shared/Neutral
小明	Shared/Neutral
淋病	Shared/Neutral
百科	Shared/Neutral
大法	Shared/Neutral
笑撚死	Shared/Neutral
紀錄片	Shared/Neutral
好想知	Shared/Neutral
的角色	Shared/Neutral
化身	Shared/Neutral
西部	Shared/Neutral
殘體字	Shared/Neutral
智英	Shared/Neutral
真愛	Shared/Neutral
衰野	Shared/Neutral
其次	Shared/Neutral
了很多	Shared/Neutral
大陸人	Shared/Neutral
大蛇	Shared/Neutral
香港人權與	Shared/Neutral
具備	Shared/Neutral
幾月	Shared/Neutral
新高	Shared/Neutral
漆黑	Shared/Neutral
一國一制	Shared/Neutral
反攻	Shared/Neutral
東歐	Shared/Neutral
結界	Shared/Neutral
有幾	Shared/Neutral
十二月	Shared/Neutral
郊野	Shared/Neutral
每日都	Shared/Neutral
二月	Shared/Neutral
出招	Shared/Neutral
四日	Shared/Neutral
種人	Shared/Neutral
較高	Shared/Neutral
食人血饅頭	Shared/Neutral
分解	Shared/Neutral
未計	Shared/Neutral
集資	Shared/Neutral
有一天	Shared/Neutral
加拿大	Shared/Neutral
比其他人	Shared/Neutral
願榮光歸香港	Shared/Neutral
新歌	Shared/Neutral
現況	Shared/Neutral
講出	Shared/Neutral
被警方	Shared/Neutral
兒女	Shared/Neutral
全港	Shared/Neutral
搭的士	Shared/Neutral
繁忙時間	Shared/Neutral
五日	Shared/Neutral
位入	Shared/Neutral
初中	Shared/Neutral
後勤	Shared/Neutral
一旁	Shared/Neutral
千幾蚊	Shared/Neutral
終於可以	Shared/Neutral
曬氣	Shared/Neutral
洗費	Shared/Neutral
孤單	Shared/Neutral
得把口	Shared/Neutral
和波	Shared/Neutral
擊中	Shared/Neutral
現行	Shared/Neutral
聽見	Shared/Neutral
一貫	Shared/Neutral
守法	Shared/Neutral
降落	Shared/Neutral
個新	Shared/Neutral
家居	Shared/Neutral
損壞	Shared/Neutral
交合	Shared/Neutral
協力	Shared/Neutral
筷子	Shared/Neutral
舞蹈	Shared/Neutral
梗係要	Shared/Neutral
好舒服	Shared/Neutral
自己救	Shared/Neutral
真係好想	Shared/Neutral
大手	Shared/Neutral
控股	Shared/Neutral
應有	Shared/Neutral
比起	Shared/Neutral
自由	Shared/Neutral
愛自己	Shared/Neutral
學過	Shared/Neutral
果類	Shared/Neutral
缺陷	Shared/Neutral
事務處	Shared/Neutral
都幾撚	Shared/Neutral
守到	Shared/Neutral
去都係	Shared/Neutral
藝術家	Shared/Neutral
交到	Shared/Neutral
向外	Shared/Neutral
專利	Shared/Neutral
有睇	Shared/Neutral
開機	Shared/Neutral
運輸署	Shared/Neutral
人渣	Shared/Neutral
期限	Shared/Neutral
一角	Shared/Neutral
東江	Shared/Neutral
飲管	Shared/Neutral
黑仔	Shared/Neutral
最終	Shared/Neutral
的方向	Shared/Neutral
一直以來	Shared/Neutral
支票	Shared/Neutral
重播	Shared/Neutral
利斯	Shared/Neutral
四眼	Shared/Neutral
女皇	Shared/Neutral
往來	Shared/Neutral
早幾日	Shared/Neutral
困境	Shared/Neutral
成年人	Shared/Neutral
磨合	Shared/Neutral
自選	Shared/Neutral
僅僅	Shared/Neutral
助手	Shared/Neutral
我點	Shared/Neutral
戶外	Shared/Neutral
應該得	Shared/Neutral
文青	Shared/Neutral
閪波	Shared/Neutral
與他	Shared/Neutral
貨物	Shared/Neutral
當然係	Shared/Neutral
的名字	Shared/Neutral
天天	Shared/Neutral
轟炸	Shared/Neutral
迷你	Shared/Neutral
不合作	Shared/Neutral
合資格	Shared/Neutral
收起	Shared/Neutral
始終都係	Shared/Neutral
我隻	Shared/Neutral
連勝	Shared/Neutral
分成	Shared/Neutral
房地產	Shared/Neutral
識做	Shared/Neutral
點算好	Shared/Neutral
多久	Shared/Neutral
文員	Shared/Neutral
極其	Shared/Neutral
死撚	Shared/Neutral
前所	Shared/Neutral
幾粒	Shared/Neutral
猁狗	Shared/Neutral
緊密	Shared/Neutral
行完	Shared/Neutral
性騷擾	Shared/Neutral
火魔法	Shared/Neutral
的風險	Shared/Neutral
火花	Shared/Neutral
飛揚	Shared/Neutral
務求	Shared/Neutral
注重	Shared/Neutral
血流	Shared/Neutral
釋法	Shared/Neutral
送中條例	Shared/Neutral
錯曬	Shared/Neutral
你比	Shared/Neutral
語文	Shared/Neutral
如果想	Shared/Neutral
一擊	Shared/Neutral
收曬	Shared/Neutral
渡過	Shared/Neutral
破解	Shared/Neutral
就有得	Shared/Neutral
講廣東話	Shared/Neutral
公營	Shared/Neutral
豪華	Shared/Neutral
領取	Shared/Neutral
呢一點	Shared/Neutral
教科書	Shared/Neutral
都起碼	Shared/Neutral
打咩	Shared/Neutral
輸緊	Shared/Neutral
雷達	Shared/Neutral
我地會	Shared/Neutral
的同時	Shared/Neutral
種族歧視	Shared/Neutral
對出	Shared/Neutral
煽惑	Shared/Neutral
金球	Shared/Neutral
當你係	Shared/Neutral
剎那	Shared/Neutral
忍心	Shared/Neutral
痛到	Shared/Neutral
可能我	Shared/Neutral
的暴力	Shared/Neutral
可能已經	Shared/Neutral
美國制裁	Shared/Neutral
主隊	Shared/Neutral
傷殘	Shared/Neutral
啫係	Shared/Neutral
拜託	Shared/Neutral
斯克	Shared/Neutral
況且	Shared/Neutral
難道	Shared/Neutral
但香港	Shared/Neutral
好恐怖	Shared/Neutral
名額	Shared/Neutral
整死	Shared/Neutral
旁觀	Shared/Neutral
辯護	Shared/Neutral
長毛	Shared/Neutral
用語	Shared/Neutral
疤狗	Shared/Neutral
不過要	Shared/Neutral
宵夜	Shared/Neutral
瀨屎	Shared/Neutral
誕生	Shared/Neutral
內地	Shared/Neutral
奴才	Shared/Neutral
一個大	Shared/Neutral
一試	Shared/Neutral
不被	Shared/Neutral
住邊	Shared/Neutral
係啊	Shared/Neutral
好柒	Shared/Neutral
影衰	Shared/Neutral
海上	Shared/Neutral
糾紛	Shared/Neutral
就有機會	Shared/Neutral
檢驗	Shared/Neutral
武術	Shared/Neutral
地底泥	Shared/Neutral
編年史	Shared/Neutral
港版國安法	Shared/Neutral
唐樓	Shared/Neutral
射中	Shared/Neutral
首領	Shared/Neutral
藍屍	Shared/Neutral
你班友	Shared/Neutral
終於有	Shared/Neutral
到黑	Shared/Neutral
忍受	Shared/Neutral
洗底	Shared/Neutral
都未試過	Shared/Neutral
標語	Shared/Neutral
長文	Shared/Neutral
事項	Shared/Neutral
插手	Shared/Neutral
活力	Shared/Neutral
陰道	Shared/Neutral
少好多	Shared/Neutral
比卡超	Shared/Neutral
超能力	Shared/Neutral
改革開放	Shared/Neutral
發現原來	Shared/Neutral
嘴角	Shared/Neutral
醫師	Shared/Neutral
又出	Shared/Neutral
手上的	Shared/Neutral
真係勁	Shared/Neutral
薩克	Shared/Neutral
推到	Shared/Neutral
一車車	Shared/Neutral
電話號碼	Shared/Neutral
列為	Shared/Neutral
叱吒	Shared/Neutral
激光	Shared/Neutral
先見到	Shared/Neutral
方法去	Shared/Neutral
國安法	Shared/Neutral
真假	Shared/Neutral
頭暈	Shared/Neutral
係咪即係	Shared/Neutral
哪怕	Shared/Neutral
接觸到	Shared/Neutral
更多的	Shared/Neutral
香港政府	Shared/Neutral
屯公	Shared/Neutral
二年	Shared/Neutral
人和	Shared/Neutral
雖則	Shared/Neutral
這一點	Shared/Neutral
五大	Shared/Neutral
容納	Shared/Neutral
規例	Shared/Neutral
做到	Shared/Neutral
我明白	Shared/Neutral
中美貿易協議	Shared/Neutral
邪教	Shared/Neutral
大快活	Shared/Neutral
一小	Shared/Neutral
塞住	Shared/Neutral
就明	Shared/Neutral
唱到	Shared/Neutral
昆蟲	Shared/Neutral
神神	Shared/Neutral
此之外	Shared/Neutral
董建華	Shared/Neutral
取暖	Shared/Neutral
的野	Shared/Neutral
退後	Shared/Neutral
中小學	Shared/Neutral
兩回事	Shared/Neutral
副身家	Shared/Neutral
掉落	Shared/Neutral
掩蓋	Shared/Neutral
用法	Shared/Neutral
短褲	Shared/Neutral
教育界	Shared/Neutral
未去到	Shared/Neutral
協定	Shared/Neutral
人入	Shared/Neutral
外觀	Shared/Neutral
愛人	Shared/Neutral
枕頭	Shared/Neutral
違背	Shared/Neutral
錯了	Shared/Neutral
俾你地	Shared/Neutral
自己同	Shared/Neutral
又用	Shared/Neutral
你呢個	Shared/Neutral
望望	Shared/Neutral
狗隊	Shared/Neutral
理財	Shared/Neutral
等陣	Shared/Neutral
護理	Shared/Neutral
順便	Shared/Neutral
條垃圾	Shared/Neutral
自己想	Shared/Neutral
內有	Shared/Neutral
果球	Shared/Neutral
自認	Shared/Neutral
韓仔	Shared/Neutral
本案	Shared/Neutral
鄰近	Shared/Neutral
但可以	Shared/Neutral
大家支持	Shared/Neutral
會跌	Shared/Neutral
百佳	Shared/Neutral
你們的	Shared/Neutral
係幾多	Shared/Neutral
夠膽死	Shared/Neutral
已經比	Shared/Neutral
提子	Shared/Neutral
食撚	Shared/Neutral
雖然係	Shared/Neutral
就愈	Shared/Neutral
服裝	Shared/Neutral
通通	Shared/Neutral
中文	Shared/Neutral
勇武派	Shared/Neutral
壓住	Shared/Neutral
楊過	Shared/Neutral
年之後	Shared/Neutral
中興	Shared/Neutral
做番	Shared/Neutral
器材	Shared/Neutral
在地	Shared/Neutral
輸出革命	Shared/Neutral
之道	Shared/Neutral
敵方	Shared/Neutral
隨身	Shared/Neutral
集思	Shared/Neutral
兩邊	Shared/Neutral
警方在	Shared/Neutral
所作	Shared/Neutral
晚會	Shared/Neutral
好奇	Shared/Neutral
亦要	Shared/Neutral
據點	Shared/Neutral
一首	Shared/Neutral
分得	Shared/Neutral
到無	Shared/Neutral
將他	Shared/Neutral
笠水	Shared/Neutral
近年	Shared/Neutral
就話姐	Shared/Neutral
劉備	Shared/Neutral
帽子	Shared/Neutral
必中	Shared/Neutral
返人	Shared/Neutral
幾十個	Shared/Neutral
呃到	Shared/Neutral
虧損	Shared/Neutral
賣曬	Shared/Neutral
都未見過	Shared/Neutral
時半	Shared/Neutral
你認為	Shared/Neutral
同一個人	Shared/Neutral
沿途	Shared/Neutral
立體	Shared/Neutral
米線	Shared/Neutral
見有	Shared/Neutral
一定會有	Shared/Neutral
唯一一個	Shared/Neutral
寶貴	Shared/Neutral
必殺	Shared/Neutral
菁英	Shared/Neutral
隊隊	Shared/Neutral
你不如	Shared/Neutral
晴天	Shared/Neutral
服侍	Shared/Neutral
對社會	Shared/Neutral
會見到	Shared/Neutral
仲未計	Shared/Neutral
上埋	Shared/Neutral
多一次	Shared/Neutral
大不了	Shared/Neutral
似是	Shared/Neutral
內在	Shared/Neutral
彌補	Shared/Neutral
有分別	Shared/Neutral
解釋到	Shared/Neutral
大部份	Shared/Neutral
避孕	Shared/Neutral
長途	Shared/Neutral
大半年	Shared/Neutral
所以無	Shared/Neutral
全速	Shared/Neutral
和我	Shared/Neutral
衝去	Shared/Neutral
雷射	Shared/Neutral
一名	Shared/Neutral
了不少	Shared/Neutral
班手足	Shared/Neutral
打架	Shared/Neutral
停一停	Shared/Neutral
強大的	Shared/Neutral
都聽到	Shared/Neutral
今次真係	Shared/Neutral
梳化	Shared/Neutral
相認	Shared/Neutral
福音	Shared/Neutral
興起	Shared/Neutral
若無	Shared/Neutral
過數	Shared/Neutral
十八區	Shared/Neutral
包庇	Shared/Neutral
天災	Shared/Neutral
幫緊	Shared/Neutral
廿蚊	Shared/Neutral
有好大	Shared/Neutral
當權者	Shared/Neutral
渾身	Shared/Neutral
等我	Shared/Neutral
水手	Shared/Neutral
開聲	Shared/Neutral
露營	Shared/Neutral
出街	Shared/Neutral
都好想	Shared/Neutral
同自己講	Shared/Neutral
巴勒斯坦	Shared/Neutral
依隻	Shared/Neutral
投擲	Shared/Neutral
附屬	Shared/Neutral
不過你	Shared/Neutral
有意義	Shared/Neutral
個球	Shared/Neutral
天津	Shared/Neutral
罕見	Shared/Neutral
支聯會	Shared/Neutral
變成了	Shared/Neutral
民主運動	Shared/Neutral
仲大	Shared/Neutral
病徵	Shared/Neutral
其實是	Shared/Neutral
問題的	Shared/Neutral
將軍澳	Shared/Neutral
名氣	Shared/Neutral
出到去	Shared/Neutral
女朋友	Shared/Neutral
卻被	Shared/Neutral
條褲	Shared/Neutral
百貨	Shared/Neutral
們的	Shared/Neutral
多種	Shared/Neutral
攻打	Shared/Neutral
告訴我	Shared/Neutral
次次都係	Shared/Neutral
保密	Shared/Neutral
問候	Shared/Neutral
下場	Shared/Neutral
好撚煩	Shared/Neutral
發展到	Shared/Neutral
第一個	Shared/Neutral
無論如何	Shared/Neutral
有不	Shared/Neutral
認受	Shared/Neutral
赤裸	Shared/Neutral
四方	Shared/Neutral
常委	Shared/Neutral
人地有	Shared/Neutral
寫字樓	Shared/Neutral
管理處	Shared/Neutral
都係果句	Shared/Neutral
低端	Shared/Neutral
剩餘	Shared/Neutral
打斷	Shared/Neutral
翻查	Shared/Neutral
伊斯蘭教	Shared/Neutral
香港社會	Shared/Neutral
罪案	Shared/Neutral
先天	Shared/Neutral
神枱	Shared/Neutral
你我	Shared/Neutral
戰績	Shared/Neutral
九龍	Shared/Neutral
自己搵	Shared/Neutral
普通市民	Shared/Neutral
沙律	Shared/Neutral
當月	Shared/Neutral
顛覆國家	Shared/Neutral
城門	Shared/Neutral
得分	Shared/Neutral
規管	Shared/Neutral
大氣	Shared/Neutral
應援	Shared/Neutral
既定	Shared/Neutral
淡化	Shared/Neutral
一堆人	Shared/Neutral
呢篇	Shared/Neutral
差館	Shared/Neutral
旗幟	Shared/Neutral
蔓延	Shared/Neutral
保皇狗	Shared/Neutral
有望	Shared/Neutral
終審	Shared/Neutral
李慧	Shared/Neutral
要諗	Shared/Neutral
係咩人	Shared/Neutral
兩樣野	Shared/Neutral
我們在	Shared/Neutral
但之後	Shared/Neutral
淨係睇	Shared/Neutral
萬左右	Shared/Neutral
今個	Shared/Neutral
衫褲	Shared/Neutral
這項	Shared/Neutral
邊到有	Shared/Neutral
不過都係	Shared/Neutral
停低	Shared/Neutral
族人	Shared/Neutral
查到	Shared/Neutral
誘惑	Shared/Neutral
迫到	Shared/Neutral
離隊	Shared/Neutral
找不到	Shared/Neutral
行過去	Shared/Neutral
嫌疑	Shared/Neutral
戰國	Shared/Neutral
負債	Shared/Neutral
段關係	Shared/Neutral
聯賽冠軍	Shared/Neutral
下下	Shared/Neutral
侷限	Shared/Neutral
長龍	Shared/Neutral
掉了	Shared/Neutral
犯人	Shared/Neutral
若驊	Shared/Neutral
有條友	Shared/Neutral
踢得好	Shared/Neutral
以為自己好	Shared/Neutral
同理心	Shared/Neutral
雖然我	Shared/Neutral
去講	Shared/Neutral
比數	Shared/Neutral
同條女	Shared/Neutral
告得入	Shared/Neutral
於香港	Shared/Neutral
他不	Shared/Neutral
實名	Shared/Neutral
色彩	Shared/Neutral
高壓	Shared/Neutral
衍生	Shared/Neutral
怪怪地	Shared/Neutral
帖文	Shared/Neutral
得濟	Shared/Neutral
死忠	Shared/Neutral
那位	Shared/Neutral
兩個都	Shared/Neutral
到最後	Shared/Neutral
濫暴	Shared/Neutral
此同時	Shared/Neutral
爭取到	Shared/Neutral
其實個	Shared/Neutral
好簡單	Shared/Neutral
生前	Shared/Neutral
臭味	Shared/Neutral
孫中山	Shared/Neutral
成個鐘	Shared/Neutral
花時間	Shared/Neutral
實地	Shared/Neutral
指指	Shared/Neutral
雞姦	Shared/Neutral
韭菜	Shared/Neutral
交易所	Shared/Neutral
美國國會	Shared/Neutral
二讀	Shared/Neutral
孝順	Shared/Neutral
每次都	Shared/Neutral
點解仲要	Shared/Neutral
潮文	Shared/Neutral
紅線	Shared/Neutral
出波	Shared/Neutral
搞咩	Shared/Neutral
父子	Shared/Neutral
臺上	Shared/Neutral
驕傲	Shared/Neutral
太古城	Shared/Neutral
以致	Shared/Neutral
分泌	Shared/Neutral
屌曬	Shared/Neutral
拉你	Shared/Neutral
國外	Shared/Neutral
情景	Shared/Neutral
番轉頭	Shared/Neutral
反口	Shared/Neutral
街頭抗爭	Shared/Neutral
睇咩	Shared/Neutral
都有	Shared/Neutral
仲勁	Shared/Neutral
快餐	Shared/Neutral
改成	Shared/Neutral
牛油	Shared/Neutral
老豆豆	Shared/Neutral
覺得自己係	Shared/Neutral
八號	Shared/Neutral
可於	Shared/Neutral
抗衡	Shared/Neutral
方位	Shared/Neutral
臉色	Shared/Neutral
香水	Shared/Neutral
一時	Shared/Neutral
判處	Shared/Neutral
墮落	Shared/Neutral
笑聲	Shared/Neutral
米高	Shared/Neutral
追溯	Shared/Neutral
人踩人	Shared/Neutral
安穩	Shared/Neutral
總數	Shared/Neutral
賭仔	Shared/Neutral
長達	Shared/Neutral
我覺得係	Shared/Neutral
向警方	Shared/Neutral
力同	Shared/Neutral
算了	Shared/Neutral
好多手足	Shared/Neutral
團火	Shared/Neutral
沖完	Shared/Neutral
塔利	Shared/Neutral
大熱	Shared/Neutral
炒飯	Shared/Neutral
開飯	Shared/Neutral
未必	Shared/Neutral
社會上	Shared/Neutral
哥倫比亞	Shared/Neutral
主帥	Shared/Neutral
作文	Shared/Neutral
相遇	Shared/Neutral
似係	Shared/Neutral
打造	Shared/Neutral
招聘	Shared/Neutral
魷魚	Shared/Neutral
仆街仔	Shared/Neutral
要記住	Shared/Neutral
加州	Shared/Neutral
得了	Shared/Neutral
蝕底	Shared/Neutral
古典	Shared/Neutral
好平	Shared/Neutral
推理	Shared/Neutral
苦主	Shared/Neutral
搵到	Shared/Neutral
萬美元	Shared/Neutral
都未到	Shared/Neutral
可謂	Shared/Neutral
定價	Shared/Neutral
就正	Shared/Neutral
撤離	Shared/Neutral
擴展	Shared/Neutral
面向	Shared/Neutral
防暴警	Shared/Neutral
維多利亞	Shared/Neutral
八卦	Shared/Neutral
後臺	Shared/Neutral
排放	Shared/Neutral
個司機	Shared/Neutral
現實世界	Shared/Neutral
忘了	Shared/Neutral
較多	Shared/Neutral
集集	Shared/Neutral
選舉制度	Shared/Neutral
公式	Shared/Neutral
稱號	Shared/Neutral
可以玩	Shared/Neutral
有一些	Shared/Neutral
描寫	Shared/Neutral
文職	Shared/Neutral
會是	Shared/Neutral
花姐	Shared/Neutral
起好	Shared/Neutral
遮住	Shared/Neutral
另類	Shared/Neutral
在那	Shared/Neutral
幾分	Shared/Neutral
捷克	Shared/Neutral
續集	Shared/Neutral
你問我	Shared/Neutral
仲記得	Shared/Neutral
起初	Shared/Neutral
比較	Shared/Neutral
來香港	Shared/Neutral
油尖旺	Shared/Neutral
這不是	Shared/Neutral
如果可以	Shared/Neutral
本土文化	Shared/Neutral
契約	Shared/Neutral
拉攏	Shared/Neutral
拎走	Shared/Neutral
就不了	Shared/Neutral
反制	Shared/Neutral
戴住	Shared/Neutral
爭論	Shared/Neutral
不應該	Shared/Neutral
恐怖襲擊	Shared/Neutral
漢人	Shared/Neutral
呢部	Shared/Neutral
工場	Shared/Neutral
政府會	Shared/Neutral
介乎	Shared/Neutral
追數	Shared/Neutral
黃子華	Shared/Neutral
深信	Shared/Neutral
廣益	Shared/Neutral
掉轉	Shared/Neutral
極少	Shared/Neutral
防衛	Shared/Neutral
使用者	Shared/Neutral
是為	Shared/Neutral
睇怕	Shared/Neutral
薪金	Shared/Neutral
賤聯	Shared/Neutral
不容易	Shared/Neutral
所以要	Shared/Neutral
果斷	Shared/Neutral
珠海	Shared/Neutral
調節	Shared/Neutral
邊界	Shared/Neutral
我地可以	Shared/Neutral
十七	Shared/Neutral
射入	Shared/Neutral
直指	Shared/Neutral
重用	Shared/Neutral
點撚	Shared/Neutral
特朗普	Shared/Neutral
只剩	Shared/Neutral
學校	Shared/Neutral
對峙	Shared/Neutral
嶺南	Shared/Neutral
從中	Shared/Neutral
果刻	Shared/Neutral
法團	Shared/Neutral
超出	Shared/Neutral
一系列	Shared/Neutral
不知不覺	Shared/Neutral
共存	Shared/Neutral
坐車	Shared/Neutral
延期	Shared/Neutral
覆你	Shared/Neutral
大自然	Shared/Neutral
好好食	Shared/Neutral
廿幾年	Shared/Neutral
死我	Shared/Neutral
醒來	Shared/Neutral
的理由	Shared/Neutral
暗地	Shared/Neutral
奶野	Shared/Neutral
無一個	Shared/Neutral
西班牙	Shared/Neutral
全國人大	Shared/Neutral
照樣	Shared/Neutral
不合理	Shared/Neutral
兄弟姊妹	Shared/Neutral
都好重要	Shared/Neutral
取決	Shared/Neutral
跟返	Shared/Neutral
不值	Shared/Neutral
原廠	Shared/Neutral
換衫	Shared/Neutral
大陸狗	Shared/Neutral
調查後	Shared/Neutral
真係好大	Shared/Neutral
其實而家	Shared/Neutral
孟晚	Shared/Neutral
盧卡	Shared/Neutral
藍田	Shared/Neutral
依到	Shared/Neutral
夢境	Shared/Neutral
得曬	Shared/Neutral
暗中	Shared/Neutral
英領	Shared/Neutral
附近的	Shared/Neutral
尋常	Shared/Neutral
已獲	Shared/Neutral
洗完	Shared/Neutral
浙江	Shared/Neutral
產權	Shared/Neutral
後路	Shared/Neutral
經經	Shared/Neutral
並以	Shared/Neutral
熱帶氣旋	Shared/Neutral
確診個案	Shared/Neutral
所欲	Shared/Neutral
爆曬	Shared/Neutral
錯字	Shared/Neutral
最低工資	Shared/Neutral
口吻	Shared/Neutral
土生土	Shared/Neutral
去開	Shared/Neutral
效忠	Shared/Neutral
留住	Shared/Neutral
不會有	Shared/Neutral
爭在	Shared/Neutral
現正	Shared/Neutral
你聽	Shared/Neutral
依據	Shared/Neutral
手工	Shared/Neutral
打你	Shared/Neutral
旅館	Shared/Neutral
波入	Shared/Neutral
支持我	Shared/Neutral
異能	Shared/Neutral
仲差	Shared/Neutral
熊軍	Shared/Neutral
在臺灣	Shared/Neutral
可以去到	Shared/Neutral
傍晚	Shared/Neutral
樂隊	Shared/Neutral
相愛	Shared/Neutral
重光	Shared/Neutral
歌唱	Shared/Neutral
極力子	Shared/Neutral
小眾	Shared/Neutral
撒旦	Shared/Neutral
買車	Shared/Neutral
身位	Shared/Neutral
這類	Shared/Neutral
不必要	Shared/Neutral
仲要係	Shared/Neutral
拿到	Shared/Neutral
美化	Shared/Neutral
聲線	Shared/Neutral
及香港	Shared/Neutral
大爆發	Shared/Neutral
傷痕	Shared/Neutral
各項	Shared/Neutral
會的	Shared/Neutral
無故	Shared/Neutral
魔術	Shared/Neutral
其他方法	Shared/Neutral
資料圖片	Shared/Neutral
儲存	Shared/Neutral
應變	Shared/Neutral
維繫	Shared/Neutral
緊個	Shared/Neutral
美孚	Shared/Neutral
不同意	Shared/Neutral
日撚日	Shared/Neutral
藝人同埋	Shared/Neutral
正好	Shared/Neutral
祕書處	Shared/Neutral
理論上	Shared/Neutral
氧氣	Shared/Neutral
其他巴打	Shared/Neutral
三代	Shared/Neutral
直入	Shared/Neutral
開季	Shared/Neutral
一日未	Shared/Neutral
件垃圾	Shared/Neutral
看更	Shared/Neutral
腰斬	Shared/Neutral
葉問	Shared/Neutral
酷刑	Shared/Neutral
巨星	Shared/Neutral
你就知	Shared/Neutral
睇得明	Shared/Neutral
團結一致	Shared/Neutral
大部分都係	Shared/Neutral
特蘭	Shared/Neutral
點後	Shared/Neutral
小朋友	Shared/Neutral
人種	Shared/Neutral
你諗	Shared/Neutral
停電	Shared/Neutral
前夕	Shared/Neutral
莫名	Shared/Neutral
趕到	Shared/Neutral
讀書	Shared/Neutral
條立法	Shared/Neutral
一如	Shared/Neutral
咆哮	Shared/Neutral
燃料	Shared/Neutral
當做	Shared/Neutral
般尼	Shared/Neutral
表妹	Shared/Neutral
賤格	Shared/Neutral
孟晚舟	Shared/Neutral
卡數	Shared/Neutral
同水	Shared/Neutral
彌生	Shared/Neutral
根源	Shared/Neutral
廣大	Shared/Neutral
男一	Shared/Neutral
開眼	Shared/Neutral
可以食	Shared/Neutral
我老豆	Shared/Neutral
樣貌	Shared/Neutral
用曬	Shared/Neutral
一時間	Shared/Neutral
大城市	Shared/Neutral
搞分化	Shared/Neutral
往前	Shared/Neutral
核電	Shared/Neutral
畫風	Shared/Neutral
深淵	Shared/Neutral
部落	Shared/Neutral
其他隊	Shared/Neutral
集思廣益	Shared/Neutral
集合地點	Shared/Neutral
含淚	Shared/Neutral
藝員	Shared/Neutral
比人知	Shared/Neutral
的目的	Shared/Neutral
北極	Shared/Neutral
畫家	Shared/Neutral
侵侵	Shared/Neutral
銀行	Shared/Neutral
圖案	Shared/Neutral
虛構	Shared/Neutral
見解	Shared/Neutral
都好多人	Shared/Neutral
住屋	Shared/Neutral
動用	Shared/Neutral
提款	Shared/Neutral
正統	Shared/Neutral
測量	Shared/Neutral
無形	Shared/Neutral
俾你	Shared/Neutral
個圈	Shared/Neutral
同化	Shared/Neutral
行開	Shared/Neutral
愉園	Shared/Neutral
特點	Shared/Neutral
生化	Shared/Neutral
硬係	Shared/Neutral
有咩意思	Shared/Neutral
要求香港	Shared/Neutral
上級	Shared/Neutral
並於	Shared/Neutral
第個	Shared/Neutral
度過	Shared/Neutral
共通	Shared/Neutral
又一個	Shared/Neutral
奧地利	Shared/Neutral
福建幫	Shared/Neutral
蘇格蘭	Shared/Neutral
打得好	Shared/Neutral
按年	Shared/Neutral
毒瘤	Shared/Neutral
贏緊	Shared/Neutral
辣椒	Shared/Neutral
達哥	Shared/Neutral
三個字	Shared/Neutral
一盒	Shared/Neutral
同狗	Shared/Neutral
既有	Shared/Neutral
還會	Shared/Neutral
百幾萬	Shared/Neutral
就再	Shared/Neutral
波斯	Shared/Neutral
的說話	Shared/Neutral
主要係	Shared/Neutral
轉數	Shared/Neutral
黑暴	Shared/Neutral
如果你係	Shared/Neutral
你條女	Shared/Neutral
與其他	Shared/Neutral
仲有機會	Shared/Neutral
催眠	Shared/Neutral
兔仔	Shared/Neutral
分擔	Shared/Neutral
圓形	Shared/Neutral
控訴	Shared/Neutral
會場	Shared/Neutral
有必要	Shared/Neutral
講兩句	Shared/Neutral
搵埋	Shared/Neutral
有槍	Shared/Neutral
定係你	Shared/Neutral
流暢	Shared/Neutral
逃跑	Shared/Neutral
自己買	Shared/Neutral
環球時報	Shared/Neutral
搬出去	Shared/Neutral
威廉	Shared/Neutral
你就	Shared/Neutral
我對	Shared/Neutral
正正經經	Shared/Neutral
家園	Shared/Neutral
積電	Shared/Neutral
同場	Shared/Neutral
望遠	Shared/Neutral
雷拉	Shared/Neutral
只見	Shared/Neutral
但好	Shared/Neutral
友好	Shared/Neutral
快快	Shared/Neutral
收音	Shared/Neutral
猜測	Shared/Neutral
係一樣	Shared/Neutral
就好易	Shared/Neutral
第二階段中美貿易協議	Shared/Neutral
格局	Shared/Neutral
異見	Shared/Neutral
自律	Shared/Neutral
農村	Shared/Neutral
又幾	Shared/Neutral
徒刑	Shared/Neutral
日就	Shared/Neutral
深處	Shared/Neutral
空難	Shared/Neutral
這份	Shared/Neutral
一兩次	Shared/Neutral
一至	Shared/Neutral
月台	Shared/Neutral
禁蒙面法	Shared/Neutral
變動	Shared/Neutral
點票	Shared/Neutral
怕醜	Shared/Neutral
老麥	Shared/Neutral
踢過	Shared/Neutral
不負責任	Shared/Neutral
宣告	Shared/Neutral
之前係	Shared/Neutral
隻手指	Shared/Neutral
仲諗住	Shared/Neutral
利雲	Shared/Neutral
喪失	Shared/Neutral
落成	Shared/Neutral
賤畜	Shared/Neutral
踏出	Shared/Neutral
過幾日	Shared/Neutral
串柒柒	Shared/Neutral
人地方	Shared/Neutral
九個	Shared/Neutral
幾年後	Shared/Neutral
條款及細則	Shared/Neutral
之意	Shared/Neutral
埋自己	Shared/Neutral
對準政權	Shared/Neutral
做起	Shared/Neutral
年期	Shared/Neutral
獻世	Shared/Neutral
貪錢	Shared/Neutral
當地人	Shared/Neutral
條撚樣	Shared/Neutral
地的	Shared/Neutral
建基於	Shared/Neutral
我也不	Shared/Neutral
我諗起	Shared/Neutral
無論係	Shared/Neutral
亞協	Shared/Neutral
前列	Shared/Neutral
屌那星	Shared/Neutral
國人	Shared/Neutral
正言	Shared/Neutral
激情	Shared/Neutral
與人	Shared/Neutral
據瞭解	Shared/Neutral
真雙普選作為	Shared/Neutral
裝修	Shared/Neutral
不喜歡	Shared/Neutral
二百萬人	Shared/Neutral
第二階段中美貿易協議一部份	Shared/Neutral
逗留	Shared/Neutral
一係你	Shared/Neutral
百幾蚊	Shared/Neutral
要求香港真雙普選作為	Shared/Neutral
一動	Shared/Neutral
意料	Shared/Neutral
精選	Shared/Neutral
我驚	Shared/Neutral
一直有	Shared/Neutral
了一些	Shared/Neutral
南亞人	Shared/Neutral
其實只係	Shared/Neutral
一巴	Shared/Neutral
工商	Shared/Neutral
想再	Shared/Neutral
李卓	Shared/Neutral
生素	Shared/Neutral
當然要	Shared/Neutral
七成	Shared/Neutral
放返	Shared/Neutral
榜首	Shared/Neutral
湖人	Shared/Neutral
爆煲	Shared/Neutral
股災	Shared/Neutral
進了	Shared/Neutral
每一位	Shared/Neutral
只為	Shared/Neutral
生活	Shared/Neutral
列明	Shared/Neutral
宣戰	Shared/Neutral
戴上	Shared/Neutral
汶澤	Shared/Neutral
笨柒	Shared/Neutral
萬事	Shared/Neutral
都可	Shared/Neutral
無得	Shared/Neutral
真係慘	Shared/Neutral
緊自己	Shared/Neutral
中華民族	Shared/Neutral
人腳	Shared/Neutral
你搵	Shared/Neutral
個朵	Shared/Neutral
兩步	Shared/Neutral
城堡	Shared/Neutral
我心	Shared/Neutral
歐冠	Shared/Neutral
被拉	Shared/Neutral
間的	Shared/Neutral
黃昏	Shared/Neutral
參戰	Shared/Neutral
合乎	Shared/Neutral
登報	Shared/Neutral
點心	Shared/Neutral
主角	Shared/Neutral
我識	Shared/Neutral
大球場	Shared/Neutral
奪得	Shared/Neutral
簡迪	Shared/Neutral
錯人	Shared/Neutral
呢一個	Shared/Neutral
部手機	Shared/Neutral
僕你個街	Shared/Neutral
成事	Shared/Neutral
賽程	Shared/Neutral
金像	Shared/Neutral
請大家	Shared/Neutral
原作	Shared/Neutral
外貌	Shared/Neutral
曲解	Shared/Neutral
口語	Shared/Neutral
都拉	Shared/Neutral
個站	Shared/Neutral
加分	Shared/Neutral
殺傷力	Shared/Neutral
香港會	Shared/Neutral
轉戰	Shared/Neutral
塞爾	Shared/Neutral
夠錢	Shared/Neutral
但起碼	Shared/Neutral
老一輩	Shared/Neutral
指著	Shared/Neutral
要坐	Shared/Neutral
打機	Shared/Neutral
小行星	Shared/Neutral
高科技	Shared/Neutral
不復	Shared/Neutral
都差	Shared/Neutral
睇嚇	Shared/Neutral
號開始	Shared/Neutral
入籍	Shared/Neutral
後遺	Shared/Neutral
魔警	Shared/Neutral
到癲	Shared/Neutral
輻射	Shared/Neutral
但由於	Shared/Neutral
點解你	Shared/Neutral
冰室	Shared/Neutral
客串	Shared/Neutral
病假	Shared/Neutral
週六	Shared/Neutral
行政總裁	Shared/Neutral
一鋪	Shared/Neutral
幹事	Shared/Neutral
所得	Shared/Neutral
最前	Shared/Neutral
中場	Shared/Neutral
姨姨	Shared/Neutral
個人認為	Shared/Neutral
一字	Shared/Neutral
太監	Shared/Neutral
定先	Shared/Neutral
怕死	Shared/Neutral
捉你	Shared/Neutral
搬走	Shared/Neutral
操練	Shared/Neutral
有哂	Shared/Neutral
稅局	Shared/Neutral
變形	Shared/Neutral
中環	Shared/Neutral
黨鐵	Shared/Neutral
有關係	Shared/Neutral
最大問題係	Shared/Neutral
清高	Shared/Neutral
維斯	Shared/Neutral
處分	Shared/Neutral
一隻	Shared/Neutral
企定定	Shared/Neutral
下集	Shared/Neutral
反射	Shared/Neutral
換過	Shared/Neutral
今次係	Shared/Neutral
原居民	Shared/Neutral
先係重點	Shared/Neutral
歐聯決賽	Shared/Neutral
傾到	Shared/Neutral
積士	Shared/Neutral
班藍絲	Shared/Neutral
三成	Shared/Neutral
不絕	Shared/Neutral
盡情	Shared/Neutral
盡可能	Shared/Neutral
之得	Shared/Neutral
森美	Shared/Neutral
而論	Shared/Neutral
量子	Shared/Neutral
類固醇	Shared/Neutral
必泰	Shared/Neutral
潛艇	Shared/Neutral
係你	Shared/Neutral
之後我	Shared/Neutral
然後就	Shared/Neutral
都好快	Shared/Neutral
不穩	Shared/Neutral
向來	Shared/Neutral
想喊	Shared/Neutral
爭奪	Shared/Neutral
當人	Shared/Neutral
係一件	Shared/Neutral
擺到明	Shared/Neutral
由細到大	Shared/Neutral
專欄	Shared/Neutral
採購	Shared/Neutral
賣緊	Shared/Neutral
強烈	Shared/Neutral
故事	Shared/Neutral
邊度	Shared/Neutral
係咩意思	Shared/Neutral
交叉	Shared/Neutral
住係	Shared/Neutral
執柒	Shared/Neutral
部曲	Shared/Neutral
次元	Shared/Neutral
帶我	Shared/Neutral
戒備	Shared/Neutral
索取	Shared/Neutral
先有人	Shared/Neutral
有錢收	Shared/Neutral
疫苗接種	Shared/Neutral
粒粒	Shared/Neutral
大家要	Shared/Neutral
分工	Shared/Neutral
講嚇	Shared/Neutral
又被	Shared/Neutral
評判	Shared/Neutral
食肉	Shared/Neutral
高空	Shared/Neutral
會然	Shared/Neutral
網軍	Shared/Neutral
頭到尾	Shared/Neutral
貶值	Shared/Neutral
始終係	Shared/Neutral
的環境	Shared/Neutral
中六	Shared/Neutral
先前	Shared/Neutral
藏有	Shared/Neutral
試驗	Shared/Neutral
嫁喇	Shared/Neutral
雞皮	Shared/Neutral
的速度	Shared/Neutral
悲觀	Shared/Neutral
殺曬	Shared/Neutral
呢世	Shared/Neutral
好麻煩	Shared/Neutral
年紀大	Shared/Neutral
舉行的	Shared/Neutral
學友	Shared/Neutral
實會	Shared/Neutral
買多	Shared/Neutral
金庸	Shared/Neutral
就會	Shared/Neutral
就係我	Shared/Neutral
升旗	Shared/Neutral
思樂	Shared/Neutral
輸曬	Shared/Neutral
立場	Shared/Neutral
感覺良好	Shared/Neutral
短髮	Shared/Neutral
仲未計	Shared/Neutral
到癡線	Shared/Neutral
星期五	Shared/Neutral
傳遞	Shared/Neutral
扮工	Shared/Neutral
歲月	Shared/Neutral
一大班	Shared/Neutral
代表團	Shared/Neutral
我懷疑	Shared/Neutral
毅力	Shared/Neutral
開完	Shared/Neutral
即走	Shared/Neutral
小強	Shared/Neutral
本會	Shared/Neutral
阿妹	Shared/Neutral
新聞	Shared/Neutral
合情合理	Shared/Neutral
十多	Shared/Neutral
衰退	Shared/Neutral
謹申	Shared/Neutral
鋼鐵	Shared/Neutral
為他	Shared/Neutral
只係得	Shared/Neutral
二三	Shared/Neutral
五千	Shared/Neutral
了下來	Shared/Neutral
嘴脣	Shared/Neutral
指南	Shared/Neutral
一年半	Shared/Neutral
可能我	Shared/Neutral
尖咀	Shared/Neutral
點了	Shared/Neutral
年就	Shared/Neutral
幾鐘	Shared/Neutral
胃口	Shared/Neutral
雨天	Shared/Neutral
就係有	Shared/Neutral
甚至係	Shared/Neutral
搜身	Shared/Neutral
由其	Shared/Neutral
二百萬	Shared/Neutral
港超聯	Shared/Neutral
家輝	Shared/Neutral
恒生	Shared/Neutral
西灣河	Shared/Neutral
點都好過	Shared/Neutral
登上	Shared/Neutral
的頭	Shared/Neutral
究極	Shared/Neutral
工作	Shared/Neutral
我只是	Shared/Neutral
的意見	Shared/Neutral
就玩	Shared/Neutral
羅湖	Shared/Neutral
達人	Shared/Neutral
作風	Shared/Neutral
是最	Shared/Neutral
留到	Shared/Neutral
車程	Shared/Neutral
開學	Shared/Neutral
老闆	Shared/Neutral
納稅人	Shared/Neutral
傾過	Shared/Neutral
兌換	Shared/Neutral
叻仔	Shared/Neutral
心的	Shared/Neutral
班友	Shared/Neutral
就好笑	Shared/Neutral
創傷	Shared/Neutral
獨家	Shared/Neutral
賣點	Shared/Neutral
車費	Shared/Neutral
醉酒	Shared/Neutral
一世紀	Shared/Neutral
好清楚	Shared/Neutral
我反而	Shared/Neutral
支配	Shared/Neutral
交往	Shared/Neutral
二十年	Shared/Neutral
放置	Shared/Neutral
我身邊	Shared/Neutral
網球	Shared/Neutral
詭異	Shared/Neutral
鄧小平	Shared/Neutral
介面	Shared/Neutral
睇中	Shared/Neutral
膚淺	Shared/Neutral
華頓	Shared/Neutral
骨頭	Shared/Neutral
族羣	Shared/Neutral
款項	Shared/Neutral
向中國	Shared/Neutral
老闆娘	Shared/Neutral
全部都係	Shared/Neutral
亨利	Shared/Neutral
打丁	Shared/Neutral
塔利班	Shared/Neutral
上流	Shared/Neutral
只求	Shared/Neutral
聲優	Shared/Neutral
露臺	Shared/Neutral
鞏固	Shared/Neutral
驚過	Shared/Neutral
好在	Shared/Neutral
紐西蘭	Shared/Neutral
敏敏	Shared/Neutral
更強	Shared/Neutral
特效	Shared/Neutral
自學	Shared/Neutral
做得出	Shared/Neutral
我都要	Shared/Neutral
區域法院	Shared/Neutral
民望	Shared/Neutral
開通	Shared/Neutral
係人都	Shared/Neutral
向美國	Shared/Neutral
畢業後	Shared/Neutral
以為自己係	Shared/Neutral
善意	Shared/Neutral
屌狗	Shared/Neutral
勁耐	Shared/Neutral
這些	Shared/Neutral
無人機	Shared/Neutral
郊野公園	Shared/Neutral
都可以用	Shared/Neutral
真係好撚	Shared/Neutral
右上	Shared/Neutral
流星	Shared/Neutral
為首	Shared/Neutral
可以在	Shared/Neutral
就可能	Shared/Neutral
面對面	Shared/Neutral
繼續努力	Shared/Neutral
心照	Shared/Neutral
有腳	Shared/Neutral
水上	Shared/Neutral
熱誠	Shared/Neutral
祈求	Shared/Neutral
退場	Shared/Neutral
驗傷	Shared/Neutral
到傻	Shared/Neutral
我比	Shared/Neutral
有如	Shared/Neutral
規格	Shared/Neutral
高高	Shared/Neutral
無間	Shared/Neutral
轉生	Shared/Neutral
二奶	Shared/Neutral
古屋	Shared/Neutral
波羅	Shared/Neutral
相近	Shared/Neutral
租客	Shared/Neutral
遺忘	Shared/Neutral
細過	Shared/Neutral
齊士	Shared/Neutral
利迷	Shared/Neutral
拍得	Shared/Neutral
幾千萬	Shared/Neutral
細路女	Shared/Neutral
戰後	Shared/Neutral
能在	Shared/Neutral
拍拖	Shared/Neutral
不能再	Shared/Neutral
同你地	Shared/Neutral
兩季	Shared/Neutral
自己就	Shared/Neutral
個袋	Shared/Neutral
去埋	Shared/Neutral
提防	Shared/Neutral
炸雞	Shared/Neutral
都支持	Shared/Neutral
解體	Shared/Neutral
長線	Shared/Neutral
韓劇	Shared/Neutral
收到	Shared/Neutral
你老婆	Shared/Neutral
滋味	Shared/Neutral
金仔	Shared/Neutral
而加	Shared/Neutral
扮野	Shared/Neutral
散發	Shared/Neutral
港口	Shared/Neutral
我開始	Shared/Neutral
有更多	Shared/Neutral
天上	Shared/Neutral
拎過	Shared/Neutral
敵對	Shared/Neutral
極致	Shared/Neutral
會俾人	Shared/Neutral
萬幾蚊	Shared/Neutral
學車	Shared/Neutral
帳戶	Shared/Neutral
關頭	Shared/Neutral
周星馳	Shared/Neutral
最多隻	Shared/Neutral
歐國盃	Shared/Neutral
咖喱	Shared/Neutral
推高	Shared/Neutral
調動	Shared/Neutral
新年	Shared/Neutral
人妻	Shared/Neutral
大肆	Shared/Neutral
常規	Shared/Neutral
樣的	Shared/Neutral
縱使	Shared/Neutral
膝頭	Shared/Neutral
電視機	Shared/Neutral
拖垮邪惡	Shared/Neutral
一期	Shared/Neutral
大喊	Shared/Neutral
好熟	Shared/Neutral
果實	Shared/Neutral
果隊	Shared/Neutral
有興趣	Shared/Neutral
個鼻	Shared/Neutral
有部分	Shared/Neutral
銀行戶口	Shared/Neutral
名詞	Shared/Neutral
違約	Shared/Neutral
領展	Shared/Neutral
月至	Shared/Neutral
的你	Shared/Neutral
加劇	Shared/Neutral
鬥士	Shared/Neutral
一億	Shared/Neutral
分期	Shared/Neutral
漫長	Shared/Neutral
起跳	Shared/Neutral
咩好	Shared/Neutral
曬你	Shared/Neutral
搭黨鐵	Shared/Neutral
繼續用	Shared/Neutral
咪當	Shared/Neutral
所指	Shared/Neutral
推倒	Shared/Neutral
眼球	Shared/Neutral
我現在	Shared/Neutral
出位	Shared/Neutral
常用	Shared/Neutral
得就	Shared/Neutral
角咀	Shared/Neutral
一切	Shared/Neutral
封站	Shared/Neutral
巨頭	Shared/Neutral
死過	Shared/Neutral
高舉	Shared/Neutral
鴉片	Shared/Neutral
香港已經	Shared/Neutral
房署	Shared/Neutral
先比	Shared/Neutral
徒弟	Shared/Neutral
的狀態	Shared/Neutral
美國旗	Shared/Neutral
遊行路線	Shared/Neutral
大神	Shared/Neutral
收買	Shared/Neutral
打到	Shared/Neutral
法律界	Shared/Neutral
金融業	Shared/Neutral
執業	Shared/Neutral
盃賽	Shared/Neutral
題外	Shared/Neutral
自取	Shared/Neutral
氣球	Shared/Neutral
私刑	Shared/Neutral
突襲	Shared/Neutral
血肉	Shared/Neutral
長傳	Shared/Neutral
係你地	Shared/Neutral
自己要	Shared/Neutral
就跟	Shared/Neutral
移民	Shared/Neutral
左腳定	Shared/Neutral
改變到	Shared/Neutral
涂謹申	Shared/Neutral
加持	Shared/Neutral
旋轉	Shared/Neutral
又比人	Shared/Neutral
係叫	Shared/Neutral
個性	Shared/Neutral
每週	Shared/Neutral
無必要	Shared/Neutral
常態	Shared/Neutral
男朋友	Shared/Neutral
個張	Shared/Neutral
寫真	Shared/Neutral
贏錢	Shared/Neutral
咪幾好	Shared/Neutral
其中一隻	Shared/Neutral
三餐	Shared/Neutral
二號	Shared/Neutral
同住	Shared/Neutral
無牌	Shared/Neutral
考官	Shared/Neutral
的空間	Shared/Neutral
可以睇到	Shared/Neutral
本身都係	Shared/Neutral
真係有人	Shared/Neutral
停賽	Shared/Neutral
阻嚇	Shared/Neutral
去連儂牆	Shared/Neutral
夠用	Shared/Neutral
薯仔	Shared/Neutral
睇得出	Shared/Neutral
大減	Shared/Neutral
會好似	Shared/Neutral
總會有	Shared/Neutral
個垃圾	Shared/Neutral
無力感	Shared/Neutral
結婚生仔	Shared/Neutral
大臣	Shared/Neutral
透社	Shared/Neutral
叫人	Shared/Neutral
高登	Shared/Neutral
反極權	Shared/Neutral
結束後	Shared/Neutral
想問下	Shared/Neutral
一地兩檢	Shared/Neutral
時任	Shared/Neutral
港足	Shared/Neutral
致敬	Shared/Neutral
迪奧	Shared/Neutral
可能只係	Shared/Neutral
另一方面	Shared/Neutral
培育	Shared/Neutral
山狗	Shared/Neutral
想著	Shared/Neutral
李克	Shared/Neutral
迫使	Shared/Neutral
自己無	Shared/Neutral
配置	Shared/Neutral
食返	Shared/Neutral
上一個	Shared/Neutral
新屋嶺還眼	Shared/Neutral
男神	Shared/Neutral
話個	Shared/Neutral
隨着	Shared/Neutral
最安全	Shared/Neutral
去幫	Shared/Neutral
政改	Shared/Neutral
死前	Shared/Neutral
自己整	Shared/Neutral
兩部	Shared/Neutral
大豆	Shared/Neutral
業餘	Shared/Neutral
雪雪	Shared/Neutral
安仔	Shared/Neutral
百人	Shared/Neutral
飲完	Shared/Neutral
我地有	Shared/Neutral
的畫面	Shared/Neutral
勝率	Shared/Neutral
執教	Shared/Neutral
對沖	Shared/Neutral
你當	Shared/Neutral
亦都有	Shared/Neutral
召集人	Shared/Neutral
真係好好	Shared/Neutral
拖累	Shared/Neutral
中二病	Shared/Neutral
封城	Shared/Neutral
特工	Shared/Neutral
鋼筋	Shared/Neutral
喜茶	Shared/Neutral
罪人	Shared/Neutral
賽果	Shared/Neutral
阻擋	Shared/Neutral
其實同	Shared/Neutral
支持政府	Shared/Neutral
面對現實	Shared/Neutral
不忘	Shared/Neutral
理我	Shared/Neutral
公信力	Shared/Neutral
招商	Shared/Neutral
而上	Shared/Neutral
風光	Shared/Neutral
幾時開始	Shared/Neutral
一組	Shared/Neutral
依照	Shared/Neutral
不知	Shared/Neutral
下午茶	Shared/Neutral
呢兩年	Shared/Neutral
迴旋處	Shared/Neutral
點點頭	Shared/Neutral
係種	Shared/Neutral
截查	Shared/Neutral
每隻	Shared/Neutral
自問	Shared/Neutral
有咩意義	Shared/Neutral
不留	Shared/Neutral
月球	Shared/Neutral
主教練	Shared/Neutral
納米	Shared/Neutral
職場	Shared/Neutral
民主	Shared/Neutral
奧斯卡	Shared/Neutral
很大的	Shared/Neutral
真係好勁	Shared/Neutral
我都試過	Shared/Neutral
上邊	Shared/Neutral
二線	Shared/Neutral
潔癖	Shared/Neutral
燒到	Shared/Neutral
耳朵	Shared/Neutral
頭皮	Shared/Neutral
在一個	Shared/Neutral
段野	Shared/Neutral
的海	Shared/Neutral
老共	Shared/Neutral
陣味	Shared/Neutral
顯著	Shared/Neutral
不一樣	Shared/Neutral
下文	Shared/Neutral
夠曬	Shared/Neutral
救生	Shared/Neutral
梳士	Shared/Neutral
自用	Shared/Neutral
過多	Shared/Neutral
五毛狗	Shared/Neutral
間餐廳	Shared/Neutral
顫抖	Shared/Neutral
我明白	Shared/Neutral
得好辛苦	Shared/Neutral
失調	Shared/Neutral
得更	Shared/Neutral
打我	Shared/Neutral
神的	Shared/Neutral
始至終	Shared/Neutral
點左右	Shared/Neutral
奇異	Shared/Neutral
幅度	Shared/Neutral
教材	Shared/Neutral
高院	Shared/Neutral
世界觀	Shared/Neutral
如果有人	Shared/Neutral
中指	Shared/Neutral
從後	Shared/Neutral
不論	Shared/Neutral
女同事	Shared/Neutral
搭飛機	Shared/Neutral
上加	Shared/Neutral
車房	Shared/Neutral
迷失	Shared/Neutral
連個	Shared/Neutral
飛天	Shared/Neutral
活動	Shared/Neutral
第二度	Shared/Neutral
中介	Shared/Neutral
山區	Shared/Neutral
牆壁	Shared/Neutral
用埋	Shared/Neutral
秋後	Shared/Neutral
追殺	Shared/Neutral
俾我地	Shared/Neutral
嘉年華	Shared/Neutral
奴性	Shared/Neutral
毋忘	Shared/Neutral
號到	Shared/Neutral
果個	Shared/Neutral
坐騎	Shared/Neutral
獄中	Shared/Neutral
英軍	Shared/Neutral
要跟	Shared/Neutral
點到	Shared/Neutral
但又	Shared/Neutral
共同體	Shared/Neutral
意味著	Shared/Neutral
時間係	Shared/Neutral
所有人都	Shared/Neutral
年宵	Shared/Neutral
企係度	Shared/Neutral
好似都係	Shared/Neutral
真係睇到	Shared/Neutral
對錯	Shared/Neutral
是被	Shared/Neutral
腦細	Shared/Neutral
有經驗	Shared/Neutral
一拍	Shared/Neutral
落馬	Shared/Neutral
證明到	Shared/Neutral
高登仔	Shared/Neutral
演變	Shared/Neutral
講座	Shared/Neutral
劇情	Shared/Neutral
出租	Shared/Neutral
嘿嘿	Shared/Neutral
新界	Shared/Neutral
口臭	Shared/Neutral
幾步	Shared/Neutral
求診	Shared/Neutral
輸送	Shared/Neutral
好擔心	Shared/Neutral
是這樣	Shared/Neutral
聲譽	Shared/Neutral
觸犯	Shared/Neutral
不信	Shared/Neutral
了的	Shared/Neutral
方言	Shared/Neutral
點就	Shared/Neutral
工種	Shared/Neutral
想人	Shared/Neutral
把她	Shared/Neutral
拎完	Shared/Neutral
爆出	Shared/Neutral
紙皮	Shared/Neutral
裏的	Shared/Neutral
陰陰	Shared/Neutral
之前都	Shared/Neutral
來臨	Shared/Neutral
強權	Shared/Neutral
我當	Shared/Neutral
聽你	Shared/Neutral
解脫	Shared/Neutral
重係	Shared/Neutral
一諗	Shared/Neutral
已完	Shared/Neutral
昔日	Shared/Neutral
社長	Shared/Neutral
開新	Shared/Neutral
國際賽	Shared/Neutral
歐洲人	Shared/Neutral
頂得順	Shared/Neutral
告別	Shared/Neutral
呵呵	Shared/Neutral
瞓街	Shared/Neutral
觀音	Shared/Neutral
體質	Shared/Neutral
要好好	Shared/Neutral
同香港人	Shared/Neutral
是常識吧	Shared/Neutral
下月	Shared/Neutral
出賽	Shared/Neutral
軍官	Shared/Neutral
風球	Shared/Neutral
鹹魚	Shared/Neutral
抗生素	Shared/Neutral
正言順	Shared/Neutral
頭版	Shared/Neutral
自我中心	Shared/Neutral
使出	Shared/Neutral
在先	Shared/Neutral
我等	Shared/Neutral
女手足	Shared/Neutral
經濟學	Shared/Neutral
早在	Shared/Neutral
覆診	Shared/Neutral
電影	Shared/Neutral
不小心	Shared/Neutral
咩原因	Shared/Neutral
傳球	Shared/Neutral
巫師	Shared/Neutral
毫子	Shared/Neutral
要行	Shared/Neutral
買隻	Shared/Neutral
鎖定	Shared/Neutral
跑馬地	Shared/Neutral
好忙	Shared/Neutral
淚水	Shared/Neutral
衝鋒	Shared/Neutral
迎合	Shared/Neutral
十一月	Shared/Neutral
議事規則	Shared/Neutral
呻吟	Shared/Neutral
架巴士	Shared/Neutral
入罪	Shared/Neutral
圍捕	Shared/Neutral
情形	Shared/Neutral
沖繩	Shared/Neutral
賤人	Shared/Neutral
身軀	Shared/Neutral
里活	Shared/Neutral
聯賽	Shared/Neutral
五個月	Shared/Neutral
幾好食	Shared/Neutral
發聲明	Shared/Neutral
全線	Shared/Neutral
掛機	Shared/Neutral
是指	Shared/Neutral
簽訂	Shared/Neutral
金毛	Shared/Neutral
康文署	Shared/Neutral
日程表	Shared/Neutral
樓主係	Shared/Neutral
肯定會	Shared/Neutral
啟用	Shared/Neutral
妓女	Shared/Neutral
扭轉	Shared/Neutral
普羅	Shared/Neutral
事件的	Shared/Neutral
口交部	Shared/Neutral
這麼多	Shared/Neutral
原來係	Shared/Neutral
成為一個	Shared/Neutral
怕咩	Shared/Neutral
收成	Shared/Neutral
一齊打	Shared/Neutral
政治人	Shared/Neutral
轉會窗	Shared/Neutral
拖手	Shared/Neutral
日劇	Shared/Neutral
不明白	Shared/Neutral
得好勁	Shared/Neutral
兩支	Shared/Neutral
問嚇	Shared/Neutral
同藍絲	Shared/Neutral
少少野	Shared/Neutral
收留	Shared/Neutral
財物	Shared/Neutral
都放	Shared/Neutral
不過其實	Shared/Neutral
倚天	Shared/Neutral
不勝	Shared/Neutral
光暗	Shared/Neutral
嚴峻	Shared/Neutral
姓名	Shared/Neutral
不被捕	Shared/Neutral
你老味	Shared/Neutral
文田	Shared/Neutral
通行	Shared/Neutral
啪啪啪	Shared/Neutral
大家對	Shared/Neutral
自己決定	Shared/Neutral
有貨	Shared/Neutral
痾屎	Shared/Neutral
新世界	Shared/Neutral
仲快	Shared/Neutral
零蚊	Shared/Neutral
果幾個	Shared/Neutral
空降	Shared/Neutral
上熱門	Shared/Neutral
雖然我	Shared/Neutral
你老味	Shared/Neutral
警黑	Shared/Neutral
有一隻	Shared/Neutral
明朝	Shared/Neutral
日下午	Shared/Neutral
那麼多	Shared/Neutral
外籍	Shared/Neutral
投放	Shared/Neutral
缺口	Shared/Neutral
得返	Shared/Neutral
肉食	Shared/Neutral
鰂魚	Shared/Neutral
的就是	Shared/Neutral
陣地戰	Shared/Neutral
得滯	Shared/Neutral
玩弄	Shared/Neutral
開出	Shared/Neutral
係人都知	Shared/Neutral
稅務	Shared/Neutral
而行	Shared/Neutral
厚麪皮	Shared/Neutral
有市民	Shared/Neutral
儒家	Shared/Neutral
八字	Shared/Neutral
單打	Shared/Neutral
類別	Shared/Neutral
仲係	Shared/Neutral
港豬	Shared/Neutral
一名男子	Shared/Neutral
印刷	Shared/Neutral
屠城	Shared/Neutral
應當	Shared/Neutral
腳趾	Shared/Neutral
另一隻	Shared/Neutral
俄羅斯	Shared/Neutral
五官	Shared/Neutral
快點	Shared/Neutral
豬頭	Shared/Neutral
訪問時	Shared/Neutral
大中華膠	Shared/Neutral
打橫	Shared/Neutral
比比	Shared/Neutral
攞住	Shared/Neutral
踴躍	Shared/Neutral
上機	Shared/Neutral
加拉	Shared/Neutral
合同	Shared/Neutral
好慢	Shared/Neutral
未撚	Shared/Neutral
發力	Shared/Neutral
處處	Shared/Neutral
交通意外	Shared/Neutral
中上	Shared/Neutral
向著	Shared/Neutral
嗚嗚	Shared/Neutral
太難	Shared/Neutral
趁機	Shared/Neutral
共黨	Shared/Neutral
凡事	Shared/Neutral
反智	Shared/Neutral
寬頻	Shared/Neutral
金幣	Shared/Neutral
同我	Shared/Neutral
打得贏	Shared/Neutral
而家個	Shared/Neutral
一枝	Shared/Neutral
突顯	Shared/Neutral
伏筆	Shared/Neutral
做多	Shared/Neutral
吸納	Shared/Neutral
商鋪	Shared/Neutral
喫喝	Shared/Neutral
水水	Shared/Neutral
清零	Shared/Neutral
就怪	Shared/Neutral
雙刀	Shared/Neutral
現代	Shared/Neutral
復必泰	Shared/Neutral
寶貝	Shared/Neutral
斷線	Shared/Neutral
輸了	Shared/Neutral
大革命	Shared/Neutral
眼看	Shared/Neutral
自此	Shared/Neutral
張文宣	Shared/Neutral
的一部分	Shared/Neutral
六個	Shared/Neutral
恐龍	Shared/Neutral
星島	Shared/Neutral
水果	Shared/Neutral
人對	Shared/Neutral
生長	Shared/Neutral
豉油	Shared/Neutral
食客	Shared/Neutral
都識講	Shared/Neutral
彼得	Shared/Neutral
漢語	Shared/Neutral
警區	Shared/Neutral
但已經	Shared/Neutral
年在	Shared/Neutral
臨牀	Shared/Neutral
十抽	Shared/Neutral
大白	Shared/Neutral
攔截	Shared/Neutral
收尾	Shared/Neutral
由香港	Shared/Neutral
去馬	Shared/Neutral
房子	Shared/Neutral
萬聖	Shared/Neutral
第一部	Shared/Neutral
性情	Shared/Neutral
叫自己	Shared/Neutral
真心想	Shared/Neutral
荷里活	Shared/Neutral
貧富	Shared/Neutral
少女	Shared/Neutral
極有限	Shared/Neutral
同好	Shared/Neutral
運動	Shared/Neutral
趕時間	Shared/Neutral
就係一個	Shared/Neutral
促請	Shared/Neutral
入房	Shared/Neutral
分辨	Shared/Neutral
都係死	Shared/Neutral
入完	Shared/Neutral
半格	Shared/Neutral
圍牆	Shared/Neutral
睇路	Shared/Neutral
背影	Shared/Neutral
輸俾	Shared/Neutral
阿嬸	Shared/Neutral
躺平	Shared/Neutral
提供的	Shared/Neutral
扶手電梯	Shared/Neutral
一滴	Shared/Neutral
執返	Shared/Neutral
幾億	Shared/Neutral
廿萬	Shared/Neutral
有片	Shared/Neutral
約莫	Shared/Neutral
膠紙	Shared/Neutral
住得	Shared/Neutral
入來	Shared/Neutral
入座	Shared/Neutral
南非	Shared/Neutral
又快	Shared/Neutral
啊媽	Shared/Neutral
報章	Shared/Neutral
好轉	Shared/Neutral
身價	Shared/Neutral
食雞	Shared/Neutral
你會	Shared/Neutral
個樣	Shared/Neutral
係基本	Shared/Neutral
十幾年前	Shared/Neutral
搞埋	Shared/Neutral
燈柱	Shared/Neutral
想像	Shared/Neutral
心軟	Shared/Neutral
為何	Shared/Neutral
頒獎禮	Shared/Neutral
個段	Shared/Neutral
平淡	Shared/Neutral
很少	Shared/Neutral
變過	Shared/Neutral
谷住	Shared/Neutral
但至少	Shared/Neutral
急症室	Shared/Neutral
出水	Shared/Neutral
接貨	Shared/Neutral
遇見	Shared/Neutral
老師	Shared/Neutral
這也是	Shared/Neutral
成個香港	Shared/Neutral
我走	Shared/Neutral
收取	Shared/Neutral
這邊	Shared/Neutral
國產	Shared/Neutral
整整	Shared/Neutral
時侯	Shared/Neutral
褲袋	Shared/Neutral
視察	Shared/Neutral
乘機	Shared/Neutral
地主	Shared/Neutral
如其	Shared/Neutral
要為	Shared/Neutral
親切	Shared/Neutral
開設	Shared/Neutral
全個	Shared/Neutral
分鍾	Shared/Neutral
一來	Shared/Neutral
比黑警	Shared/Neutral
香港親中派	Shared/Neutral
他會	Shared/Neutral
就拉	Shared/Neutral
本金	Shared/Neutral
牙齒	Shared/Neutral
龍女	Shared/Neutral
每場	Shared/Neutral
錢去	Shared/Neutral
內涵	Shared/Neutral
原著	Shared/Neutral
外型	Shared/Neutral
便可	Shared/Neutral
都升	Shared/Neutral
世界末日	Shared/Neutral
成日覺得	Shared/Neutral
到手	Shared/Neutral
精準	Shared/Neutral
逼你	Shared/Neutral
香港民主	Shared/Neutral
國土	Shared/Neutral
無分	Shared/Neutral
而你	Shared/Neutral
不支持	Shared/Neutral
今日係	Shared/Neutral
都淨係	Shared/Neutral
公認	Shared/Neutral
千奇	Shared/Neutral
撚部	Shared/Neutral
炮臺山	Shared/Neutral
之分	Shared/Neutral
簡介	Shared/Neutral
一幕	Shared/Neutral
之選	Shared/Neutral
靚過	Shared/Neutral
高汁	Shared/Neutral
比較少	Shared/Neutral
的經濟	Shared/Neutral
坊間	Shared/Neutral
壯大	Shared/Neutral
磚頭	Shared/Neutral
東京	Shared/Neutral
你應該	Shared/Neutral
回調	Shared/Neutral
目睹	Shared/Neutral
中美貿易戰	Shared/Neutral
再諗	Shared/Neutral
呢隊	Shared/Neutral
都要用	Shared/Neutral
先換	Shared/Neutral
眼角	Shared/Neutral
民陣	Shared/Neutral
仆街死	Shared/Neutral
無意思	Shared/Neutral
席位	Shared/Neutral
志在	Shared/Neutral
條腰	Shared/Neutral
間舖	Shared/Neutral
的言論	Shared/Neutral
加薪	Shared/Neutral
講好	Shared/Neutral
已經算	Shared/Neutral
指紋	Shared/Neutral
物料	Shared/Neutral
代理人	Shared/Neutral
張建宗	Shared/Neutral
打招呼	Shared/Neutral
俗稱	Shared/Neutral
獲釋	Shared/Neutral
精液	Shared/Neutral
舊樓	Shared/Neutral
豬閪	Shared/Neutral
比我	Shared/Neutral
消費券	Shared/Neutral
無得救	Shared/Neutral
卻又	Shared/Neutral
鬧鐘	Shared/Neutral
同一條	Shared/Neutral
大條道理	Shared/Neutral
會見	Shared/Neutral
會買	Shared/Neutral
粗暴	Shared/Neutral
企係到	Shared/Neutral
所以想	Shared/Neutral
電動車	Shared/Neutral
灣仔	Shared/Neutral
折扣	Shared/Neutral
換美金	Shared/Neutral
等地	Shared/Neutral
衣物	Shared/Neutral
警惕	Shared/Neutral
量度	Shared/Neutral
做到野	Shared/Neutral
好撚慘	Shared/Neutral
戰鬥力	Shared/Neutral
埋門	Shared/Neutral
任何文件	Shared/Neutral
港共政權	Shared/Neutral
戒賭	Shared/Neutral
續指	Shared/Neutral
考量	Shared/Neutral
一齊死	Shared/Neutral
你就要	Shared/Neutral
七個	Shared/Neutral
完先	Shared/Neutral
主場	Shared/Neutral
一係你	Shared/Neutral
德文	Shared/Neutral
車禍	Shared/Neutral
一聽到	Shared/Neutral
個畫面	Shared/Neutral
可以揀	Shared/Neutral
好可愛	Shared/Neutral
而家先	Shared/Neutral
梳士巴利	Shared/Neutral
都成問題	Shared/Neutral
都有少少	Shared/Neutral
尖叫	Shared/Neutral
新星	Shared/Neutral
民居	Shared/Neutral
第八	Shared/Neutral
放上網	Shared/Neutral
人走	Shared/Neutral
娘娘	Shared/Neutral
老貓	Shared/Neutral
大嶼山	Shared/Neutral
死毒撚	Shared/Neutral
純粹係	Shared/Neutral
物理治療	Shared/Neutral
望住	Shared/Neutral
簡體字	Shared/Neutral
配音員	Shared/Neutral
一開波	Shared/Neutral
我不知道	Shared/Neutral
不過我覺得	Shared/Neutral
上集	Shared/Neutral
巨龍	Shared/Neutral
拿卡	Shared/Neutral
重有	Shared/Neutral
一包	Shared/Neutral
搞好	Shared/Neutral
自責	Shared/Neutral
皇馬	Shared/Neutral
拜年	Shared/Neutral
肚腩	Shared/Neutral
一早就	Shared/Neutral
留係屋企	Shared/Neutral
使得	Shared/Neutral
陪同	Shared/Neutral
取決於	Shared/Neutral
中一	Shared/Neutral
新工	Shared/Neutral
獲利	Shared/Neutral
貼近	Shared/Neutral
飛到	Shared/Neutral
排行	Shared/Neutral
聞言	Shared/Neutral
閉門	Shared/Neutral
聖誕	Shared/Neutral
做錯野	Shared/Neutral
新華社	Shared/Neutral
內會	Shared/Neutral
搵野	Shared/Neutral
男士	Shared/Neutral
反而會	Shared/Neutral
個小朋友	Shared/Neutral
動盪	Shared/Neutral
屈你	Shared/Neutral
往死	Shared/Neutral
沿岸	Shared/Neutral
火化	Shared/Neutral
繁體	Shared/Neutral
速成	Shared/Neutral
白衣人	Shared/Neutral
上課	Shared/Neutral
係勁	Shared/Neutral
獎項	Shared/Neutral
無野做	Shared/Neutral
的意義	Shared/Neutral
左腳定右腳	Shared/Neutral
毀壞	Shared/Neutral
對我地	Shared/Neutral
你有無	Shared/Neutral
殘疾	Shared/Neutral
用電	Shared/Neutral
短缺	Shared/Neutral
他們是	Shared/Neutral
咪繼續	Shared/Neutral
有資格	Shared/Neutral
威嚇	Shared/Neutral
得少	Shared/Neutral
兩隻	Shared/Neutral
有一大	Shared/Neutral
特別多	Shared/Neutral
上癮	Shared/Neutral
太長	Shared/Neutral
詞彙	Shared/Neutral
到喊	Shared/Neutral
原裝	Shared/Neutral
巨型	Shared/Neutral
意欲	Shared/Neutral
粒石	Shared/Neutral
九年	Shared/Neutral
打入	Shared/Neutral
穿梭	Shared/Neutral
都會係	Shared/Neutral
偷雞	Shared/Neutral
四分	Shared/Neutral
文觀	Shared/Neutral
月光	Shared/Neutral
歷戰	Shared/Neutral
長槍	Shared/Neutral
反對	Shared/Neutral
情況	Shared/Neutral
出走	Shared/Neutral
攜帶	Shared/Neutral
蛋牛	Shared/Neutral
送上	Shared/Neutral
餐飲	Shared/Neutral
不開	Shared/Neutral
可在	Shared/Neutral
派系	Shared/Neutral
甜蜜	Shared/Neutral
聲氣	Shared/Neutral
我都知	Shared/Neutral
仲難	Shared/Neutral
擺低	Shared/Neutral
收割	Shared/Neutral
波幅	Shared/Neutral
熱度	Shared/Neutral
邊忽	Shared/Neutral
惡行	Shared/Neutral
推推	Shared/Neutral
蘇梓	Shared/Neutral
好少	Shared/Neutral
的女人	Shared/Neutral
都係你	Shared/Neutral
香港同	Shared/Neutral
的士司機	Shared/Neutral
一鑊	Shared/Neutral
但仍	Shared/Neutral
斷手	Shared/Neutral
甲組	Shared/Neutral
番起	Shared/Neutral
空地	Shared/Neutral
野蠻	Shared/Neutral
利伸	Shared/Neutral
代購	Shared/Neutral
曬去	Shared/Neutral
衝出	Shared/Neutral
風頭	Shared/Neutral
距離	Shared/Neutral
辯方	Shared/Neutral
好多謝	Shared/Neutral
縮返入	Shared/Neutral
每個人都有	Shared/Neutral
引爆	Shared/Neutral
會諗	Shared/Neutral
龐大	Shared/Neutral
入去睇	Shared/Neutral
沒錯	Shared/Neutral
觀光	Shared/Neutral
食黃店	Shared/Neutral
課長	Shared/Neutral
駐守	Shared/Neutral
盡全力	Shared/Neutral
著我的	Shared/Neutral
正常人	Shared/Neutral
手袋	Shared/Neutral
歸於	Shared/Neutral
文具	Shared/Neutral
文筆	Shared/Neutral
松泰	Shared/Neutral
每年	Shared/Neutral
後遺症	Shared/Neutral
更換	Shared/Neutral
罵戰	Shared/Neutral
阻撓	Shared/Neutral
專政	Shared/Neutral
東尼	Shared/Neutral
百歲	Shared/Neutral
糧出	Shared/Neutral
辱罵	Shared/Neutral
初頭	Shared/Neutral
半點	Shared/Neutral
回落	Shared/Neutral
扣留	Shared/Neutral
老死	Shared/Neutral
茂波	Shared/Neutral
好有用	Shared/Neutral
果期	Shared/Neutral
傳染病	Shared/Neutral
無可疑	Shared/Neutral
莫斯科	Shared/Neutral
關注組	Shared/Neutral
呢三	Shared/Neutral
布朗	Shared/Neutral
從前	Shared/Neutral
禁住	Shared/Neutral
糾正	Shared/Neutral
真係難	Shared/Neutral
套現	Shared/Neutral
返落	Shared/Neutral
做奴隸	Shared/Neutral
我哋要	Shared/Neutral
通常都	Shared/Neutral
有幾多	Shared/Neutral
加重	Shared/Neutral
緊我	Shared/Neutral
都諗	Shared/Neutral
勞動力	Shared/Neutral
一數	Shared/Neutral
不宜	Shared/Neutral
地形	Shared/Neutral
萬能	Shared/Neutral
鬼佬	Shared/Neutral
有人用	Shared/Neutral
每一日	Shared/Neutral
都未夠	Shared/Neutral
國難五金	Shared/Neutral
得勁	Shared/Neutral
狗鐵	Shared/Neutral
去投票	Shared/Neutral
並指	Shared/Neutral
兩項	Shared/Neutral
可用	Shared/Neutral
大亂	Shared/Neutral
水塘	Shared/Neutral
細聲	Shared/Neutral
達至	Shared/Neutral
金銀	Shared/Neutral
但有	Shared/Neutral
奶共狗	Shared/Neutral
未曾	Shared/Neutral
舉個	Shared/Neutral
個仆街	Shared/Neutral
哨兵	Shared/Neutral
大王	Shared/Neutral
感性	Shared/Neutral
白鴿	Shared/Neutral
講字	Shared/Neutral
創辦人	Shared/Neutral
子宮	Shared/Neutral
舊登	Shared/Neutral
評級	Shared/Neutral
門面	Shared/Neutral
巴比	Shared/Neutral
打了	Shared/Neutral
揀個	Shared/Neutral
換來	Shared/Neutral
馬迪	Shared/Neutral
無知	Shared/Neutral
都可以有	Shared/Neutral
果頭	Shared/Neutral
莊家	Shared/Neutral
龔水	Shared/Neutral
過去的	Shared/Neutral
又識	Shared/Neutral
辛祖	Shared/Neutral
地看著	Shared/Neutral
坐巴士	Shared/Neutral
強積金	Shared/Neutral
等大家	Shared/Neutral
得不	Shared/Neutral
會談	Shared/Neutral
沉船	Shared/Neutral
股息	Shared/Neutral
養生	Shared/Neutral
東方	Shared/Neutral
就梗係	Shared/Neutral
生存到	Shared/Neutral
認為係	Shared/Neutral
塑造	Shared/Neutral
網店	Shared/Neutral
好努力	Shared/Neutral
石抽	Shared/Neutral
自保	Shared/Neutral
自尊	Shared/Neutral
了一會	Shared/Neutral
設計師	Shared/Neutral
邊行	Shared/Neutral
有一班	Shared/Neutral
外流	Shared/Neutral
確立	Shared/Neutral
解開	Shared/Neutral
廚房佬	Shared/Neutral
絕大部分	Shared/Neutral
一回	Shared/Neutral
手錶	Shared/Neutral
送死	Shared/Neutral
一齊返	Shared/Neutral
中國內政	Shared/Neutral
廠商	Shared/Neutral
投機	Shared/Neutral
死埋	Shared/Neutral
不如你	Shared/Neutral
不少人	Shared/Neutral
而知	Shared/Neutral
真係同	Shared/Neutral
一個問題	Shared/Neutral
位係	Shared/Neutral
光時	Shared/Neutral
數以	Shared/Neutral
會開	Shared/Neutral
有邊個	Shared/Neutral
華夏	Shared/Neutral
話哂	Shared/Neutral
上緊	Shared/Neutral
凱旋	Shared/Neutral
癲佬	Shared/Neutral
笑笑口	Shared/Neutral
下身	Shared/Neutral
兩成	Shared/Neutral
分流	Shared/Neutral
我不是	Shared/Neutral
區分	Shared/Neutral
多條	Shared/Neutral
好怪	Shared/Neutral
抓住	Shared/Neutral
毫米	Shared/Neutral
網購	Shared/Neutral
以前係	Shared/Neutral
復仇者	Shared/Neutral
搬龍門	Shared/Neutral
偉聰	Shared/Neutral
叫個	Shared/Neutral
親屬	Shared/Neutral
搵個	Shared/Neutral
計埋	Shared/Neutral
唱國歌	Shared/Neutral
好撚驚	Shared/Neutral
出閘	Shared/Neutral
套路	Shared/Neutral
擊殺	Shared/Neutral
署長	Shared/Neutral
頭的	Shared/Neutral
匿埋	Shared/Neutral
挽留	Shared/Neutral
齊人	Shared/Neutral
比中共	Shared/Neutral
生活費	Shared/Neutral
我女朋友	Shared/Neutral
點解可以	Shared/Neutral
主體	Shared/Neutral
去信	Shared/Neutral
遺體	Shared/Neutral
順豐	Shared/Neutral
鬼國	Shared/Neutral
遊戲	Shared/Neutral
都可以做	Shared/Neutral
下滑	Shared/Neutral
入學	Shared/Neutral
爆破	Shared/Neutral
罪惡	Shared/Neutral
證據證明	Shared/Neutral
夏季	Shared/Neutral
杰倫	Shared/Neutral
行駛	Shared/Neutral
面罩	Shared/Neutral
安定	Shared/Neutral
聽聞	Shared/Neutral
唯一的	Shared/Neutral
我們會	Shared/Neutral
每天平均	Shared/Neutral
唱衰	Shared/Neutral
我信	Shared/Neutral
文法	Shared/Neutral
碰撞	Shared/Neutral
達標	Shared/Neutral
好緊張	Shared/Neutral
當時的	Shared/Neutral
金像獎	Shared/Neutral
可以點做	Shared/Neutral
來來	Shared/Neutral
料理	Shared/Neutral
日先	Shared/Neutral
都廢	Shared/Neutral
只係因為	Shared/Neutral
衰仔	Shared/Neutral
變番	Shared/Neutral
退錢	Shared/Neutral
俾機會	Shared/Neutral
中國經濟	Shared/Neutral
幾個月前	Shared/Neutral
淨低	Shared/Neutral
獎牌	Shared/Neutral
維港	Shared/Neutral
黃大仙	Shared/Neutral
你見	Shared/Neutral
匿名	Shared/Neutral
呢款	Shared/Neutral
如意	Shared/Neutral
而有	Shared/Neutral
我還是	Shared/Neutral
被問到	Shared/Neutral
分支	Shared/Neutral
噁英	Shared/Neutral
慣性	Shared/Neutral
牛軍	Shared/Neutral
空置	Shared/Neutral
位手足	Shared/Neutral
好消息	Shared/Neutral
文觀財	Shared/Neutral
講英文	Shared/Neutral
國有	Shared/Neutral
多野	Shared/Neutral
影帝	Shared/Neutral
政綱	Shared/Neutral
空手	Shared/Neutral
公職人員	Shared/Neutral
如果我係	Shared/Neutral
四肢	Shared/Neutral
拎起	Shared/Neutral
清除	Shared/Neutral
啊屌你老母	Shared/Neutral
一輛	Shared/Neutral
去問	Shared/Neutral
多句	Shared/Neutral
落差	Shared/Neutral
貓狗	Shared/Neutral
老細	Shared/Neutral
祕書長	Shared/Neutral
後人	Shared/Neutral
無再	Shared/Neutral
牛角	Shared/Neutral
離岸	Shared/Neutral
分鐘就	Shared/Neutral
女同學	Shared/Neutral
擺明係	Shared/Neutral
無能力	Shared/Neutral
又靚	Shared/Neutral
大衛	Shared/Neutral
歪理	Shared/Neutral
各自努力	Shared/Neutral
之流	Shared/Neutral
供款	Shared/Neutral
懸殊	Shared/Neutral
斜路	Shared/Neutral
有樣	Shared/Neutral
編曲	Shared/Neutral
踢出	Shared/Neutral
顧慮	Shared/Neutral
三道	Shared/Neutral
倒下	Shared/Neutral
方的	Shared/Neutral
不篤灰	Shared/Neutral
到頭來	Shared/Neutral
個個都有	Shared/Neutral
精神分裂	Shared/Neutral
常威近代史	Shared/Neutral
成龍	Shared/Neutral
氣味	Shared/Neutral
再決定	Shared/Neutral
分割	Shared/Neutral
安撫	Shared/Neutral
強力	Shared/Neutral
波就	Shared/Neutral
潛伏	Shared/Neutral
碌撚	Shared/Neutral
預感	Shared/Neutral
無計	Shared/Neutral
題外話	Shared/Neutral
到入	Shared/Neutral
單元	Shared/Neutral
暴行	Shared/Neutral
葵青	Shared/Neutral
走上	Shared/Neutral
什麼事	Shared/Neutral
對香港人	Shared/Neutral
簽任何文件	Shared/Neutral
肥閪	Shared/Neutral
行者	Shared/Neutral
更新	Shared/Neutral
好快會	Shared/Neutral
我終於	Shared/Neutral
一樣都係	Shared/Neutral
我就覺得	Shared/Neutral
一共	Shared/Neutral
拉打	Shared/Neutral
會考	Shared/Neutral
狗總	Shared/Neutral
病者	Shared/Neutral
同樓主	Shared/Neutral
真係好有	Shared/Neutral
最靚	Shared/Neutral
追查	Shared/Neutral
罷工	Shared/Neutral
世凱	Shared/Neutral
在手	Shared/Neutral
情歌	Shared/Neutral
社福	Shared/Neutral
參與者	Shared/Neutral
其中一名	Shared/Neutral
而家已經	Shared/Neutral
係身	Shared/Neutral
得果	Shared/Neutral
香檳	Shared/Neutral
時間表	Shared/Neutral
協商	Shared/Neutral
去救	Shared/Neutral
日向	Shared/Neutral
珠澳	Shared/Neutral
血壓	Shared/Neutral
洗手間	Shared/Neutral
奉獻	Shared/Neutral
咩情況	Shared/Neutral
為大家	Shared/Neutral
井底	Shared/Neutral
冷漠	Shared/Neutral
太廢	Shared/Neutral
大約	Shared/Neutral
講得	Shared/Neutral
係後面	Shared/Neutral
應該用	Shared/Neutral
一開頭	Shared/Neutral
國聯軍	Shared/Neutral
好似要	Shared/Neutral
包住	Shared/Neutral
旗號	Shared/Neutral
玩埋	Shared/Neutral
其餘	Shared/Neutral
但我地	Shared/Neutral
在內地	Shared/Neutral
第一下	Shared/Neutral
理撚得你	Shared/Neutral
行政會議	Shared/Neutral
杯麵	Shared/Neutral
計到	Shared/Neutral
雲南	Shared/Neutral
上個	Shared/Neutral
水同	Shared/Neutral
致力	Shared/Neutral
走埋	Shared/Neutral
參加者	Shared/Neutral
呢條片	Shared/Neutral
直接用	Shared/Neutral
過幾次	Shared/Neutral
你女朋友	Shared/Neutral
自古以來	Shared/Neutral
表達意見	Shared/Neutral
仲撚	Shared/Neutral
奇妙	Shared/Neutral
收埋埋	Shared/Neutral
有一名	Shared/Neutral
有人話	Shared/Neutral
季節	Shared/Neutral
歐陽	Shared/Neutral
討伐	Shared/Neutral
我隻	Shared/Neutral
玩遊戲	Shared/Neutral
講普通話	Shared/Neutral
春秋	Shared/Neutral
死傷	Shared/Neutral
罰錢	Shared/Neutral
公屋仔	Shared/Neutral
報道指	Shared/Neutral
與香港	Shared/Neutral
上學	Shared/Neutral
兩套	Shared/Neutral
廣西	Shared/Neutral
方呎	Shared/Neutral
模特	Shared/Neutral
癡住	Shared/Neutral
食哂	Shared/Neutral
係好撚	Shared/Neutral
第二朝	Shared/Neutral
緊係要	Shared/Neutral
倖存	Shared/Neutral
及早	Shared/Neutral
埋怨	Shared/Neutral
文藝	Shared/Neutral
老翻	Shared/Neutral
你做咩	Shared/Neutral
百分之	Shared/Neutral
都會被	Shared/Neutral
介石	Shared/Neutral
單挑	Shared/Neutral
太重	Shared/Neutral
辦理	Shared/Neutral
定係你	Shared/Neutral
小鬼	Shared/Neutral
好緊要	Shared/Neutral
死車	Shared/Neutral
深圳	Shared/Neutral
才發現	Shared/Neutral
喚醒	Shared/Neutral
封路	Shared/Neutral
給了	Shared/Neutral
轉場	Shared/Neutral
真係垃圾	Shared/Neutral
開始已經	Shared/Neutral
我國	Shared/Neutral
早起	Shared/Neutral
易過	Shared/Neutral
牙膏	Shared/Neutral
瞓低	Shared/Neutral
碧雲	Shared/Neutral
努力	Shared/Neutral
係公司	Shared/Neutral
地區的	Shared/Neutral
我好想	Shared/Neutral
知道你	Shared/Neutral
從來都係	Shared/Neutral
修補	Shared/Neutral
性愛	Shared/Neutral
旋律	Shared/Neutral
架姐	Shared/Neutral
自己搞	Shared/Neutral
都未遲	Shared/Neutral
啟發	Shared/Neutral
不清楚	Shared/Neutral
澳門人	Shared/Neutral
呢集	Shared/Neutral
惡性	Shared/Neutral
逃亡	Shared/Neutral
養老	Shared/Neutral
國家	Shared/Neutral
萬一	Shared/Neutral
金正恩	Shared/Neutral
金管局	Shared/Neutral
問號	Shared/Neutral
對開	Shared/Neutral
煙霧	Shared/Neutral
禮賓	Shared/Neutral
輸埋	Shared/Neutral
過千	Shared/Neutral
官方	Shared/Neutral
人地個	Shared/Neutral
單親	Shared/Neutral
就你	Shared/Neutral
廁紙	Shared/Neutral
所說	Shared/Neutral
給她	Shared/Neutral
親王	Shared/Neutral
講哂	Shared/Neutral
賺到錢	Shared/Neutral
威爾	Shared/Neutral
獅鳥	Shared/Neutral
聘請	Shared/Neutral
當中	Shared/Neutral
取態	Shared/Neutral
天線	Shared/Neutral
白眼	Shared/Neutral
鄭州	Shared/Neutral
當我	Shared/Neutral
有網民	Shared/Neutral
陳奕迅	Shared/Neutral
一個女仔	Shared/Neutral
一舉	Shared/Neutral
偷換	Shared/Neutral
除夕	Shared/Neutral
有其	Shared/Neutral
增援	Shared/Neutral
由此	Shared/Neutral
留戀	Shared/Neutral
阿姨	Shared/Neutral
修訂逃犯條例	Shared/Neutral
城邦	Shared/Neutral
治癒	Shared/Neutral
自欺	Shared/Neutral
人自殺身亡	Shared/Neutral
崩壞	Shared/Neutral
食人	Shared/Neutral
企企	Shared/Neutral
周身	Shared/Neutral
愛好	Shared/Neutral
是旦	Shared/Neutral
自製	Shared/Neutral
退化	Shared/Neutral
我講	Shared/Neutral
上到去	Shared/Neutral
係去	Shared/Neutral
兩手	Shared/Neutral
粟米	Shared/Neutral
論證	Shared/Neutral
中學雞	Shared/Neutral
蔣介石	Shared/Neutral
皇家馬德里	Shared/Neutral
升班	Shared/Neutral
強者	Shared/Neutral
又話要	Shared/Neutral
居多	Shared/Neutral
慳錢	Shared/Neutral
清晨	Shared/Neutral
一團	Shared/Neutral
係全	Shared/Neutral
盜竊	Shared/Neutral
雲尼	Shared/Neutral
呢個方法	Shared/Neutral
打到仆街	Shared/Neutral
大技	Shared/Neutral
抬起	Shared/Neutral
係屬於	Shared/Neutral
自己屋企	Shared/Neutral
中到	Shared/Neutral
增至	Shared/Neutral
導體	Shared/Neutral
迷惘	Shared/Neutral
中國香港	Shared/Neutral
炒樓	Shared/Neutral
係唯一	Shared/Neutral
燒賣	Shared/Neutral
保安局	Shared/Neutral
我一定會	Shared/Neutral
負面情緒	Shared/Neutral
七人	Shared/Neutral
加返	Shared/Neutral
理科	Shared/Neutral
打死人	Shared/Neutral
樓層	Shared/Neutral
雲山	Shared/Neutral
一齊食	Shared/Neutral
又話人	Shared/Neutral
怎麼辦	Shared/Neutral
發現有	Shared/Neutral
真面目	Shared/Neutral
又差	Shared/Neutral
同名	Shared/Neutral
地問	Shared/Neutral
食店	Shared/Neutral
成功率	Shared/Neutral
無得輸	Shared/Neutral
甚至連	Shared/Neutral
香港人要	Shared/Neutral
行前	Shared/Neutral
開曬	Shared/Neutral
優越感	Shared/Neutral
不通	Shared/Neutral
學員	Shared/Neutral
性同	Shared/Neutral
糖尿	Shared/Neutral
齊曬	Shared/Neutral
克斯	Shared/Neutral
字典	Shared/Neutral
心都	Shared/Neutral
比特	Shared/Neutral
想問嚇	Shared/Neutral
扮哂	Shared/Neutral
捐血	Shared/Neutral
赤柱	Shared/Neutral
達狗	Shared/Neutral
阿仙奴	Shared/Neutral
隱約	Shared/Neutral
幾多歲	Shared/Neutral
大家覺得	Shared/Neutral
主攻	Shared/Neutral
但也	Shared/Neutral
年份	Shared/Neutral
引來	Shared/Neutral
戰狼	Shared/Neutral
水警	Shared/Neutral
炒人	Shared/Neutral
表揚	Shared/Neutral
點好	Shared/Neutral
但有時	Shared/Neutral
六口	Shared/Neutral
叫埋	Shared/Neutral
花花	Shared/Neutral
便衣狗	Shared/Neutral
出返去	Shared/Neutral
另外有	Shared/Neutral
局部	Shared/Neutral
更難	Shared/Neutral
做緊野	Shared/Neutral
三哥	Shared/Neutral
富力	Shared/Neutral
這一切	Shared/Neutral
係咪一定要	Shared/Neutral
對了	Shared/Neutral
時至	Shared/Neutral
有人想	Shared/Neutral
條八婆	Shared/Neutral
自己好	Shared/Neutral
鑽石山	Shared/Neutral
就過	Shared/Neutral
親都	Shared/Neutral
嘩屌	Shared/Neutral
旅遊巴	Shared/Neutral
真定假	Shared/Neutral
輕輕鬆	Shared/Neutral
預算案	Shared/Neutral
打比	Shared/Neutral
覺得自己	Shared/Neutral
寫作	Shared/Neutral
睇我	Shared/Neutral
個班人	Shared/Neutral
呢條路	Shared/Neutral
仲可以	Shared/Neutral
找出	Shared/Neutral
色的	Shared/Neutral
稻草人	Shared/Neutral
企圖自殺	Shared/Neutral
基本上係	Shared/Neutral
不只	Shared/Neutral
難題	Shared/Neutral
早兩日	Shared/Neutral
都可以	Shared/Neutral
邊有可能	Shared/Neutral
投共	Shared/Neutral
落區	Shared/Neutral
同馬	Shared/Neutral
重現	Shared/Neutral
這個人	Shared/Neutral
和勇合一	Shared/Neutral
停手	Shared/Neutral
動態	Shared/Neutral
重啟	Shared/Neutral
條柒頭	Shared/Neutral
科醫生	Shared/Neutral
靜靜雞	Shared/Neutral
不過都係	Shared/Neutral
入會	Shared/Neutral
再者	Shared/Neutral
市面	Shared/Neutral
護膚	Shared/Neutral
正路	Shared/Neutral
把撚咩	Shared/Neutral
會為	Shared/Neutral
滋擾	Shared/Neutral
射精	Shared/Neutral
賣出	Shared/Neutral
騷亂	Shared/Neutral
你問	Shared/Neutral
先決定	Shared/Neutral
我可以	Shared/Neutral
加以	Shared/Neutral
廢紙	Shared/Neutral
把劍	Shared/Neutral
正職	Shared/Neutral
無盡	Shared/Neutral
半小時	Shared/Neutral
而家有	Shared/Neutral
凌駕	Shared/Neutral
加攻	Shared/Neutral
枱面	Shared/Neutral
皇軍	Shared/Neutral
要留	Shared/Neutral
林奠	Shared/Neutral
不會再	Shared/Neutral
好似仲	Shared/Neutral
有咩資格	Shared/Neutral
住宿	Shared/Neutral
足球隊	Shared/Neutral
其實我都	Shared/Neutral
自己一個人	Shared/Neutral
果件	Shared/Neutral
整齊	Shared/Neutral
解僱	Shared/Neutral
不了	Shared/Neutral
好好	Shared/Neutral
以為你	Shared/Neutral
大紀元	Shared/Neutral
是否有	Shared/Neutral
蛋牛治	Shared/Neutral
力氣	Shared/Neutral
從小	Shared/Neutral
收窄	Shared/Neutral
故障	Shared/Neutral
積蓄	Shared/Neutral
可能仲	Shared/Neutral
點解會	Shared/Neutral
有咩特別	Shared/Neutral
估價	Shared/Neutral
修斯	Shared/Neutral
倒是	Shared/Neutral
就可	Shared/Neutral
店鋪	Shared/Neutral
掌控	Shared/Neutral
個醫生	Shared/Neutral
成個星期	Shared/Neutral
一體	Shared/Neutral
科目	Shared/Neutral
買平	Shared/Neutral
搵到工	Shared/Neutral
搞你	Shared/Neutral
諗下	Shared/Neutral
警狗	Shared/Neutral
問及	Shared/Neutral
好哂	Shared/Neutral
發爛	Shared/Neutral
腳踢	Shared/Neutral
蝦乾	Shared/Neutral
越高	Shared/Neutral
兩三個	Shared/Neutral
無意義	Shared/Neutral
七點	Shared/Neutral
反派	Shared/Neutral
東張	Shared/Neutral
椰子	Shared/Neutral
班女	Shared/Neutral
評審	Shared/Neutral
遮陣	Shared/Neutral
個集	Shared/Neutral
冰冰	Shared/Neutral
卻不	Shared/Neutral
收番	Shared/Neutral
樽頸	Shared/Neutral
把自己	Shared/Neutral
依家係	Shared/Neutral
亂港	Shared/Neutral
志願	Shared/Neutral
整完	Shared/Neutral
流氓	Shared/Neutral
美的	Shared/Neutral
蘿莉	Shared/Neutral
太多	Shared/Neutral
無興趣	Shared/Neutral
一詞	Shared/Neutral
無時間	Shared/Neutral
立場新聞	Shared/Neutral
遊行集會	Shared/Neutral
好多香港人	Shared/Neutral
咪會	Shared/Neutral
大口	Shared/Neutral
入場睇	Shared/Neutral
撒瑪利亞	Shared/Neutral
最重要係	Shared/Neutral
埋伏	Shared/Neutral
誘因	Shared/Neutral
據悉	Shared/Neutral
出現的	Shared/Neutral
就肯定	Shared/Neutral
遮打道	Shared/Neutral
睇下邊個	Shared/Neutral
新型冠狀病毒	Shared/Neutral
之旅	Shared/Neutral
你也	Shared/Neutral
阿記	Shared/Neutral
為目標	Shared/Neutral
發生在	Shared/Neutral
就會覺得	Shared/Neutral
勝算	Shared/Neutral
央視	Shared/Neutral
年都	Shared/Neutral
手腕	Shared/Neutral
教到	Shared/Neutral
星級	Shared/Neutral
條氣	Shared/Neutral
佩奧	Shared/Neutral
檢舉	Shared/Neutral
近視	Shared/Neutral
好似幾	Shared/Neutral
競爭對手	Shared/Neutral
化驗	Shared/Neutral
孔子	Shared/Neutral
打救	Shared/Neutral
會按	Shared/Neutral
由你	Shared/Neutral
先睇到	Shared/Neutral
可以入	Shared/Neutral
他日	Shared/Neutral
兩黨	Shared/Neutral
大狀	Shared/Neutral
條鐵	Shared/Neutral
的國際	Shared/Neutral
民建聯	Shared/Neutral
以防	Shared/Neutral
拎番	Shared/Neutral
直上	Shared/Neutral
禁令	Shared/Neutral
踩到	Shared/Neutral
車身	Shared/Neutral
打份工	Shared/Neutral
光譜	Shared/Neutral
陛下	Shared/Neutral
需時	Shared/Neutral
天佑	Shared/Neutral
特登	Shared/Neutral
直接講	Shared/Neutral
奢侈	Shared/Neutral
得落	Shared/Neutral
三號	Shared/Neutral
悄悄	Shared/Neutral
清光	Shared/Neutral
睇直播	Shared/Neutral
仲有其他	Shared/Neutral
選民登記	Shared/Neutral
二樓	Shared/Neutral
圍內	Shared/Neutral
捐贈	Shared/Neutral
一隻手	Shared/Neutral
拿度	Shared/Neutral
罷了	Shared/Neutral
有撚用咩	Shared/Neutral
都係個句	Shared/Neutral
笑住	Shared/Neutral
警局	Shared/Neutral
長城	Shared/Neutral
大波妹	Shared/Neutral
最多係	Shared/Neutral
會自動	Shared/Neutral
第三季	Shared/Neutral
廢中廢老	Shared/Neutral
假日	Shared/Neutral
崛起	Shared/Neutral
有四	Shared/Neutral
黑店	Shared/Neutral
個老婆	Shared/Neutral
化妝品	Shared/Neutral
就以為	Shared/Neutral
法律上	Shared/Neutral
現實中	Shared/Neutral
傳銷	Shared/Neutral
當正	Shared/Neutral
落選	Shared/Neutral
軌跡	Shared/Neutral
食用	Shared/Neutral
是我的	Shared/Neutral
返中國	Shared/Neutral
馬克思	Shared/Neutral
你老母個閪	Shared/Neutral
學系	Shared/Neutral
打量	Shared/Neutral
扣分	Shared/Neutral
柱銘	Shared/Neutral
童話	Shared/Neutral
重症	Shared/Neutral
足總盃	Shared/Neutral
上完	Shared/Neutral
招數	Shared/Neutral
運送	Shared/Neutral
黃牌	Shared/Neutral
可以一齊	Shared/Neutral
上載	Shared/Neutral
同心	Shared/Neutral
上到	Shared/Neutral
未有	Shared/Neutral
受有關	Shared/Neutral
後生女	Shared/Neutral
發展的	Shared/Neutral
卡片	Shared/Neutral
定必	Shared/Neutral
後便	Shared/Neutral
過濾	Shared/Neutral
諗定	Shared/Neutral
必要時	Shared/Neutral
示威活動	Shared/Neutral
輕輕鬆鬆	Shared/Neutral
所以我覺得	Shared/Neutral
企鵝	Shared/Neutral
嫁咩	Shared/Neutral
暴走	Shared/Neutral
神社	Shared/Neutral
革命	Shared/Neutral
俾政府	Shared/Neutral
大好多	Shared/Neutral
的活動	Shared/Neutral
競技場	Shared/Neutral
世界冠軍	Shared/Neutral
國殤	Shared/Neutral
智峯	Shared/Neutral
穿上	Shared/Neutral
舌頭	Shared/Neutral
潛意識	Shared/Neutral
力士	Shared/Neutral
喜悅	Shared/Neutral
心頭	Shared/Neutral
新車	Shared/Neutral
緩慢	Shared/Neutral
我試過	Shared/Neutral
元首	Shared/Neutral
年第	Shared/Neutral
無異	Shared/Neutral
証據	Shared/Neutral
事後	Shared/Neutral
一個個	Shared/Neutral
班學生	Shared/Neutral
其實都幾	Shared/Neutral
不等	Shared/Neutral
升上	Shared/Neutral
抽籤	Shared/Neutral
書籍	Shared/Neutral
腳踏	Shared/Neutral
跨境	Shared/Neutral
隻碟	Shared/Neutral
第時	Shared/Neutral
但他們	Shared/Neutral
年成立	Shared/Neutral
我完全	Shared/Neutral
的事實	Shared/Neutral
都係話	Shared/Neutral
都廢事	Shared/Neutral
果集	Shared/Neutral
石仔	Shared/Neutral
認到	Shared/Neutral
類人	Shared/Neutral
就最	Shared/Neutral
翡翠	Shared/Neutral
落底	Shared/Neutral
但係又	Shared/Neutral
認為是	Shared/Neutral
過一排	Shared/Neutral
點解決	Shared/Neutral
演習	Shared/Neutral
剛剛	Shared/Neutral
蜘蛛俠	Shared/Neutral
去得	Shared/Neutral
搶走	Shared/Neutral
改裝	Shared/Neutral
正版	Shared/Neutral
滿地	Shared/Neutral
包括	Shared/Neutral
並不會	Shared/Neutral
到現在	Shared/Neutral
候選	Shared/Neutral
山齊士	Shared/Neutral
手足們	Shared/Neutral
公眾人物	Shared/Neutral
好耐之前	Shared/Neutral
不讓	Shared/Neutral
商舖	Shared/Neutral
張貼	Shared/Neutral
追討	Shared/Neutral
出去	Shared/Neutral
再慢慢	Shared/Neutral
然後又	Shared/Neutral
紅衛兵	Shared/Neutral
入魔	Shared/Neutral
升至	Shared/Neutral
盡早	Shared/Neutral
向政府	Shared/Neutral
英文名	Shared/Neutral
開放式	Shared/Neutral
馬拉松	Shared/Neutral
客服	Shared/Neutral
聯同	Shared/Neutral
買曬	Shared/Neutral
多項	Shared/Neutral
我呢	Shared/Neutral
首選	Shared/Neutral
最少	Shared/Neutral
搵藉口	Shared/Neutral
相當於	Shared/Neutral
上哂	Shared/Neutral
咩位	Shared/Neutral
拖拍	Shared/Neutral
人士的	Shared/Neutral
指指點點	Shared/Neutral
會睇	Shared/Neutral
膚色	Shared/Neutral
要交	Shared/Neutral
高清	Shared/Neutral
放工	Shared/Neutral
但現在	Shared/Neutral
其實有	Shared/Neutral
見到好多	Shared/Neutral
助選	Shared/Neutral
掌聲	Shared/Neutral
斷絕	Shared/Neutral
近況	Shared/Neutral
一定是	Shared/Neutral
今次運動	Shared/Neutral
哈利波特	Shared/Neutral
抗赤納粹	Shared/Neutral
之事	Shared/Neutral
又輸	Shared/Neutral
哥華	Shared/Neutral
東海	Shared/Neutral
東華	Shared/Neutral
時無刻	Shared/Neutral
的一天	Shared/Neutral
華爾街	Shared/Neutral
密切留意	Shared/Neutral
足球聯賽	Shared/Neutral
卡拉	Shared/Neutral
借個位	Shared/Neutral
強國人	Shared/Neutral
這句話	Shared/Neutral
最盡	Shared/Neutral
河北	Shared/Neutral
高速公路	Shared/Neutral
儀器	Shared/Neutral
搵仔	Shared/Neutral
雙腿	Shared/Neutral
內地人	Shared/Neutral
那就是	Shared/Neutral
覺得香港	Shared/Neutral
二萬	Shared/Neutral
對華	Shared/Neutral
灌輸	Shared/Neutral
當值	Shared/Neutral
鴻基	Shared/Neutral
人工高	Shared/Neutral
嚴謹	Shared/Neutral
安琪	Shared/Neutral
本營	Shared/Neutral
流量	Shared/Neutral
都係假	Shared/Neutral
最好笑	Shared/Neutral
可笑	Shared/Neutral
熱心	Shared/Neutral
臉書	Shared/Neutral
飯碗	Shared/Neutral
終有一日	Shared/Neutral
不失	Shared/Neutral
不服	Shared/Neutral
狗竇	Shared/Neutral
開去	Shared/Neutral
又有	Shared/Neutral
呢次	Shared/Neutral
你只係	Shared/Neutral
拉莫斯	Shared/Neutral
第三個	Shared/Neutral
會展	Shared/Neutral
個條	Shared/Neutral
庭上	Shared/Neutral
連儂	Shared/Neutral
出聲明	Shared/Neutral
據瞭解	Shared/Neutral
呢支	Shared/Neutral
富翁	Shared/Neutral
方舟	Shared/Neutral
曉明	Shared/Neutral
做選民	Shared/Neutral
應該同	Shared/Neutral
件貨	Shared/Neutral
帶過	Shared/Neutral
快線	Shared/Neutral
進退	Shared/Neutral
生命	Shared/Neutral
我本身	Shared/Neutral
被稱為	Shared/Neutral
或者其他	Shared/Neutral
至上	Shared/Neutral
我好似	Shared/Neutral
子孫	Shared/Neutral
打多	Shared/Neutral
汪汪	Shared/Neutral
要問	Shared/Neutral
直頭	Shared/Neutral
殘殺	Shared/Neutral
碌柒	Shared/Neutral
衣家	Shared/Neutral
要到	Shared/Neutral
迫你	Shared/Neutral
有自信	Shared/Neutral
係小	Shared/Neutral
卓廷	Shared/Neutral
時正	Shared/Neutral
有毒	Shared/Neutral
大罷工	Shared/Neutral
販民	Shared/Neutral
場場	Shared/Neutral
幾好笑	Shared/Neutral
鰂魚湧	Shared/Neutral
合力	Shared/Neutral
噪音	Shared/Neutral
忍耐	Shared/Neutral
說完	Shared/Neutral
轉載	Shared/Neutral
農夫	Shared/Neutral
張國榮	Shared/Neutral
中女	Shared/Neutral
仲識	Shared/Neutral
挑機	Shared/Neutral
的老	Shared/Neutral
開關	Shared/Neutral
未必有	Shared/Neutral
想當年	Shared/Neutral
怒火	Shared/Neutral
照計	Shared/Neutral
贏曬	Shared/Neutral
都可以話	Shared/Neutral
先定	Shared/Neutral
拖鞋	Shared/Neutral
死於	Shared/Neutral
顧及	Shared/Neutral
終極	Shared/Neutral
失憶	Shared/Neutral
無窮	Shared/Neutral
隨手	Shared/Neutral
一聽	Shared/Neutral
傾偈	Shared/Neutral
有屎	Shared/Neutral
決戰	Shared/Neutral
科水	Shared/Neutral
紅酒	Shared/Neutral
不過都	Shared/Neutral
我地都	Shared/Neutral
偽人	Shared/Neutral
售價	Shared/Neutral
盯著	Shared/Neutral
可以當	Shared/Neutral
回本	Shared/Neutral
大脾	Shared/Neutral
桌上	Shared/Neutral
求你	Shared/Neutral
震動	Shared/Neutral
希望能	Shared/Neutral
比人呃	Shared/Neutral
都係為	Shared/Neutral
這條	Shared/Neutral
再加埋	Shared/Neutral
呢句野	Shared/Neutral
抑鬱症	Shared/Neutral
社會服務	Shared/Neutral
某人	Shared/Neutral
紅軍	Shared/Neutral
講一句	Shared/Neutral
自言自語	Shared/Neutral
不和	Shared/Neutral
前任	Shared/Neutral
原有	Shared/Neutral
城牆	Shared/Neutral
寧靜	Shared/Neutral
操守	Shared/Neutral
新北	Shared/Neutral
橙色	Shared/Neutral
馬匹	Shared/Neutral
平均	Shared/Neutral
你今日	Shared/Neutral
個人認為	Shared/Neutral
應該都會	Shared/Neutral
人次	Shared/Neutral
呢球	Shared/Neutral
置身	Shared/Neutral
誹謗	Shared/Neutral
識睇	Shared/Neutral
只會係	Shared/Neutral
懦夫	Shared/Neutral
紅的	Shared/Neutral
係邊到	Shared/Neutral
所以有	Shared/Neutral
分力	Shared/Neutral
回鄉	Shared/Neutral
小妹	Shared/Neutral
補充	Shared/Neutral
寄生蟲	Shared/Neutral
成日有	Shared/Neutral
香港隊	Shared/Neutral
到依家	Shared/Neutral
真係好辛苦	Shared/Neutral
平面	Shared/Neutral
手製	Shared/Neutral
勞工處	Shared/Neutral
最有效	Shared/Neutral
呢個角色	Shared/Neutral
土生土長	Shared/Neutral
維護國家安全	Shared/Neutral
化解	Shared/Neutral
死城	Shared/Neutral
落閘	Shared/Neutral
進食	Shared/Neutral
餐餐	Shared/Neutral
依樣野	Shared/Neutral
而家又	Shared/Neutral
民陣遊行	Shared/Neutral
商量	Shared/Neutral
神仙	Shared/Neutral
玩電話	Shared/Neutral
我心諗	Shared/Neutral
主流民意	Shared/Neutral
的香港人	Shared/Neutral
兩倍	Shared/Neutral
成真	Shared/Neutral
搞過	Shared/Neutral
約有	Shared/Neutral
諗咩	Shared/Neutral
長短	Shared/Neutral
馬達	Shared/Neutral
星加坡	Shared/Neutral
樓主你	Shared/Neutral
任何日子	Shared/Neutral
太勁	Shared/Neutral
水池	Shared/Neutral
外國護照	Shared/Neutral
牙利	Shared/Neutral
車門	Shared/Neutral
尼菲特	Shared/Neutral
無撚用	Shared/Neutral
最慘係	Shared/Neutral
主播	Shared/Neutral
住民	Shared/Neutral
個刻	Shared/Neutral
喫力	Shared/Neutral
用落	Shared/Neutral
總係	Shared/Neutral
解說	Shared/Neutral
陳雲	Shared/Neutral
後上	Shared/Neutral
死不	Shared/Neutral
程車	Shared/Neutral
重回	Shared/Neutral
重疊	Shared/Neutral
防反	Shared/Neutral
馬騮	Shared/Neutral
也許	Shared/Neutral
數一數	Shared/Neutral
比政府	Shared/Neutral
足球會	Shared/Neutral
定咩	Shared/Neutral
成都	Shared/Neutral
棒球	Shared/Neutral
盾牌	Shared/Neutral
算帳	Shared/Neutral
獨裁者	Shared/Neutral
的主要	Shared/Neutral
真正正	Shared/Neutral
保費	Shared/Neutral
啊屌	Shared/Neutral
室外	Shared/Neutral
曙光	Shared/Neutral
大街	Shared/Neutral
狼王	Shared/Neutral
簡易	Shared/Neutral
花費	Shared/Neutral
隆拿	Shared/Neutral
動畫	Shared/Neutral
最後一場	Shared/Neutral
墮胎	Shared/Neutral
夠多	Shared/Neutral
女事主	Shared/Neutral
點解釋	Shared/Neutral
帶隊	Shared/Neutral
上市公司	Shared/Neutral
亞運	Shared/Neutral
奧燒	Shared/Neutral
我諗住	Shared/Neutral
日本人	Shared/Neutral
完約	Shared/Neutral
早洩	Shared/Neutral
死球	Shared/Neutral
騙局	Shared/Neutral
察覺到	Shared/Neutral
截停	Shared/Neutral
無神	Shared/Neutral
狹窄	Shared/Neutral
管理員	Shared/Neutral
如果有人	Shared/Neutral
之為	Shared/Neutral
加錢	Shared/Neutral
古老	Shared/Neutral
嘲諷	Shared/Neutral
殺了	Shared/Neutral
你叫	Shared/Neutral
俾人知	Shared/Neutral
做得到	Shared/Neutral
小妹妹	Shared/Neutral
市民的	Shared/Neutral
我發覺	Shared/Neutral
沒了	Shared/Neutral
煲大	Shared/Neutral
直接去	Shared/Neutral
而不見	Shared/Neutral
角度睇	Shared/Neutral
志明	Shared/Neutral
票價	Shared/Neutral
要收	Shared/Neutral
加工	Shared/Neutral
恰當	Shared/Neutral
月前	Shared/Neutral
報導	Shared/Neutral
東江水	Shared/Neutral
所以咪話	Shared/Neutral
冷卻	Shared/Neutral
日本的	Shared/Neutral
有民主	Shared/Neutral
果個係	Shared/Neutral
都係人	Shared/Neutral
都講過	Shared/Neutral
保育	Shared/Neutral
同等	Shared/Neutral
完畢	Shared/Neutral
家教	Shared/Neutral
必勝	Shared/Neutral
白警	Shared/Neutral
順勢	Shared/Neutral
師傅	Shared/Neutral
桃園	Shared/Neutral
較大	Shared/Neutral
阿狗	Shared/Neutral
不了了	Shared/Neutral
做過咩	Shared/Neutral
根本沒有	Shared/Neutral
傷風	Shared/Neutral
又廢	Shared/Neutral
惠康	Shared/Neutral
抗共	Shared/Neutral
走近	Shared/Neutral
又點話	Shared/Neutral
壓力測試	Shared/Neutral
屌人老母	Shared/Neutral
香港真係	Shared/Neutral
中段	Shared/Neutral
淑儀	Shared/Neutral
白銀	Shared/Neutral
眼紅	Shared/Neutral
想嘔	Shared/Neutral
謬誤	Shared/Neutral
去邊度	Shared/Neutral
去世	Shared/Neutral
大風	Shared/Neutral
懦弱	Shared/Neutral
火牛	Shared/Neutral
漫畫	Shared/Neutral
好嚴重	Shared/Neutral
住客	Shared/Neutral
期權	Shared/Neutral
江蘇	Shared/Neutral
落返	Shared/Neutral
龍蝦	Shared/Neutral
用電腦	Shared/Neutral
臺積電	Shared/Neutral
諸葛亮	Shared/Neutral
就可以	Shared/Neutral
最後一日	Shared/Neutral
不解	Shared/Neutral
成的	Shared/Neutral
手無	Shared/Neutral
期指	Shared/Neutral
稍微	Shared/Neutral
係出面	Shared/Neutral
依句	Shared/Neutral
幫過	Shared/Neutral
抄襲	Shared/Neutral
是從	Shared/Neutral
鯉魚	Shared/Neutral
投票	Shared/Neutral
袁世凱	Shared/Neutral
列出	Shared/Neutral
命名	Shared/Neutral
萬年	Shared/Neutral
其實好多	Shared/Neutral
男人老狗	Shared/Neutral
絕大部份	Shared/Neutral
窒息	Shared/Neutral
緊人	Shared/Neutral
西望	Shared/Neutral
反對聲音	Shared/Neutral
胡椒噴霧	Shared/Neutral
作對	Shared/Neutral
呃你	Shared/Neutral
時大	Shared/Neutral
式的	Shared/Neutral
我得	Shared/Neutral
新城	Shared/Neutral
道門	Shared/Neutral
都不能少	Shared/Neutral
拍劇	Shared/Neutral
挑起	Shared/Neutral
槍手	Shared/Neutral
涵蓋	Shared/Neutral
練波	Shared/Neutral
補血	Shared/Neutral
風流	Shared/Neutral
近幾年	Shared/Neutral
弱者	Shared/Neutral
海賊	Shared/Neutral
生到	Shared/Neutral
瞄準	Shared/Neutral
融資	Shared/Neutral
同鄉	Shared/Neutral
靈感	Shared/Neutral
一出世	Shared/Neutral
你同我	Shared/Neutral
富裕	Shared/Neutral
愚蠢	Shared/Neutral
放落	Shared/Neutral
進程	Shared/Neutral
三分鐘	Shared/Neutral
有道理	Shared/Neutral
邊個位	Shared/Neutral
鄭若驊	Shared/Neutral
佔有	Shared/Neutral
原名	Shared/Neutral
欺負	Shared/Neutral
番學	Shared/Neutral
皮幾	Shared/Neutral
係天	Shared/Neutral
應份	Shared/Neutral
爆哂	Shared/Neutral
膨脹	Shared/Neutral
麻甩	Shared/Neutral
一小時	Shared/Neutral
在我的	Shared/Neutral
個牌	Shared/Neutral
接連	Shared/Neutral
畫質	Shared/Neutral
行徑	Shared/Neutral
係比較	Shared/Neutral
我發現	Shared/Neutral
英國政府	Shared/Neutral
作供	Shared/Neutral
又俾	Shared/Neutral
影住	Shared/Neutral
陶傑	Shared/Neutral
中國在	Shared/Neutral
人類的	Shared/Neutral
頂得住	Shared/Neutral
一大班人	Shared/Neutral
四次	Shared/Neutral
專屬	Shared/Neutral
歐聯	Shared/Neutral
同以前	Shared/Neutral
我係咪	Shared/Neutral
都要去	Shared/Neutral
出生日期	Shared/Neutral
受有關條款及細則	Shared/Neutral
上畫	Shared/Neutral
不回	Shared/Neutral
洋腸	Shared/Neutral
著手	Shared/Neutral
常委會	Shared/Neutral
寫的	Shared/Neutral
小腿	Shared/Neutral
樹林	Shared/Neutral
溫馨	Shared/Neutral
祖雲	Shared/Neutral
股權	Shared/Neutral
鬥氣	Shared/Neutral
歲男子	Shared/Neutral
多謝巴打	Shared/Neutral
使我	Shared/Neutral
停工	Shared/Neutral
補救	Shared/Neutral
要玩	Shared/Neutral
個款	Shared/Neutral
痛心	Shared/Neutral
黑絲	Shared/Neutral
最後都	Shared/Neutral
實情	Shared/Neutral
小松	Shared/Neutral
競賽	Shared/Neutral
都有用	Shared/Neutral
卡爾	Shared/Neutral
又剩	Shared/Neutral
徘徊	Shared/Neutral
磨擦	Shared/Neutral
西隧	Shared/Neutral
逼搶	Shared/Neutral
巴西	Shared/Neutral
性暴力	Shared/Neutral
對策	Shared/Neutral
揭露	Shared/Neutral
都見	Shared/Neutral
政務司	Shared/Neutral
再說	Shared/Neutral
架仔	Shared/Neutral
難忘	Shared/Neutral
這時	Shared/Neutral
一大輪	Shared/Neutral
迴流	Shared/Neutral
頂尖	Shared/Neutral
不信任	Shared/Neutral
上蓋	Shared/Neutral
圍毆	Shared/Neutral
廢過	Shared/Neutral
撚硬	Shared/Neutral
而我	Shared/Neutral
出入境	Shared/Neutral
都有講	Shared/Neutral
亞太	Shared/Neutral
場外	Shared/Neutral
就換	Shared/Neutral
排球	Shared/Neutral
東部	Shared/Neutral
神明	Shared/Neutral
一人	Shared/Neutral
但係你	Shared/Neutral
動物園	Shared/Neutral
危疾	Shared/Neutral
歸屬	Shared/Neutral
上網搵	Shared/Neutral
學人講	Shared/Neutral
自己對	Shared/Neutral
又同	Shared/Neutral
無懼	Shared/Neutral
王者	Shared/Neutral
要先	Shared/Neutral
本地	Shared/Neutral
衞生署	Shared/Neutral
不單	Shared/Neutral
在上	Shared/Neutral
家俊	Shared/Neutral
海景	Shared/Neutral
絕育	Shared/Neutral
開刀	Shared/Neutral
黨派	Shared/Neutral
搜查令	Shared/Neutral
自殺報道	Shared/Neutral
出車	Shared/Neutral
呢期	Shared/Neutral
臺中	Shared/Neutral
週刊	Shared/Neutral
想搵人	Shared/Neutral
自欺欺	Shared/Neutral
亂倫	Shared/Neutral
側面	Shared/Neutral
少爺	Shared/Neutral
阻到	Shared/Neutral
食飽	Shared/Neutral
但一	Shared/Neutral
想知道	Shared/Neutral
的動作	Shared/Neutral
總經理	Shared/Neutral
就搞	Shared/Neutral
或會	Shared/Neutral
買貴	Shared/Neutral
順風	Shared/Neutral
不斷	Shared/Neutral
二來	Shared/Neutral
看到了	Shared/Neutral
經濟體	Shared/Neutral
兩個人	Shared/Neutral
我地香港人	Shared/Neutral
光速	Shared/Neutral
布袋	Shared/Neutral
無料	Shared/Neutral
落入	Shared/Neutral
防範	Shared/Neutral
就會變	Shared/Neutral
拎曬	Shared/Neutral
三個鐘	Shared/Neutral
入決賽	Shared/Neutral
作為一個	Shared/Neutral
我反而覺得	Shared/Neutral
到出	Shared/Neutral
都高	Shared/Neutral
好後悔	Shared/Neutral
被罷工	Shared/Neutral
通常會	Shared/Neutral
買餸	Shared/Neutral
類比	Shared/Neutral
而為	Shared/Neutral
負荷	Shared/Neutral
同之前	Shared/Neutral
平半	Shared/Neutral
秒殺	Shared/Neutral
要由	Shared/Neutral
難打	Shared/Neutral
居留權	Shared/Neutral
我老婆	Shared/Neutral
加泰集會	Shared/Neutral
娛百	Shared/Neutral
原罪	Shared/Neutral
告你	Shared/Neutral
氛圍	Shared/Neutral
腦殘	Shared/Neutral
舊版	Shared/Neutral
頂帽	Shared/Neutral
你想點	Shared/Neutral
改良	Shared/Neutral
無緣	Shared/Neutral
紅旗	Shared/Neutral
翻新	Shared/Neutral
菩薩	Shared/Neutral
貫徹	Shared/Neutral
香味	Shared/Neutral
禮賓府	Shared/Neutral
試當真	Shared/Neutral
老老豆豆	Shared/Neutral
幾何	Shared/Neutral
有水	Shared/Neutral
美帝	Shared/Neutral
你鍾意	Shared/Neutral
要面對	Shared/Neutral
輸到仆街	Shared/Neutral
無賴	Shared/Neutral
愛回家	Shared/Neutral
班底	Shared/Neutral
睇少	Shared/Neutral
下午	Shared/Neutral
到時候	Shared/Neutral
可以接受	Shared/Neutral
屯門公園	Shared/Neutral
不散	Shared/Neutral
住所	Shared/Neutral
受審	Shared/Neutral
此前	Shared/Neutral
賤民	Shared/Neutral
防火	Shared/Neutral
最好睇	Shared/Neutral
你都係	Shared/Neutral
實際上	Shared/Neutral
完錢	Shared/Neutral
時就	Shared/Neutral
海域	Shared/Neutral
疑慮	Shared/Neutral
但都要	Shared/Neutral
比你睇	Shared/Neutral
答案係	Shared/Neutral
傳教	Shared/Neutral
充公	Shared/Neutral
天鵝	Shared/Neutral
幫兇	Shared/Neutral
搏命	Shared/Neutral
每位	Shared/Neutral
法比	Shared/Neutral
簡體	Shared/Neutral
罪證	Shared/Neutral
要轉	Shared/Neutral
全天	Shared/Neutral
另加	Shared/Neutral
椅子	Shared/Neutral
極低	Shared/Neutral
與我	Shared/Neutral
要塞	Shared/Neutral
要幫	Shared/Neutral
馬明	Shared/Neutral
我買	Shared/Neutral
年已經	Shared/Neutral
敘利亞	Shared/Neutral
旅遊業	Shared/Neutral
上半場	Shared/Neutral
三級	Shared/Neutral
冠聰	Shared/Neutral
答到	Shared/Neutral
運算	Shared/Neutral
都嫌	Shared/Neutral
龍獅	Shared/Neutral
天文	Shared/Neutral
銅鑼灣	Shared/Neutral
再推	Shared/Neutral
大敗	Shared/Neutral
倫敦金	Shared/Neutral
衝入去	Shared/Neutral
連尼住	Shared/Neutral
凝視	Shared/Neutral
原版	Shared/Neutral
夾住	Shared/Neutral
今天的	Shared/Neutral
個結果	Shared/Neutral
敬請	Shared/Neutral
苦笑	Shared/Neutral
陶宛	Shared/Neutral
雙向	Shared/Neutral
心寒	Shared/Neutral
行返	Shared/Neutral
鮑魚	Shared/Neutral
黨的	Shared/Neutral
只會	Shared/Neutral
平日	Shared/Neutral
其實幾	Shared/Neutral
都繼續	Shared/Neutral
五大訴求	Shared/Neutral
元老	Shared/Neutral
去學	Shared/Neutral
跳到	Shared/Neutral
輸得	Shared/Neutral
勁多人	Shared/Neutral
但係你	Shared/Neutral
香港編年史	Shared/Neutral
伺服	Shared/Neutral
似樣	Shared/Neutral
客廳	Shared/Neutral
我已	Shared/Neutral
正規	Shared/Neutral
皆因	Shared/Neutral
要帶	Shared/Neutral
青蛙	Shared/Neutral
二噁英	Shared/Neutral
廿幾歲	Shared/Neutral
民賤聯	Shared/Neutral
關我撚事	Shared/Neutral
住院	Shared/Neutral
索償	Shared/Neutral
係咩事	Shared/Neutral
邊個做	Shared/Neutral
早幾年	Shared/Neutral
其實大家	Shared/Neutral
圍威	Shared/Neutral
收兵	Shared/Neutral
最為	Shared/Neutral
禍害	Shared/Neutral
若果	Shared/Neutral
去中國	Shared/Neutral
公屋居屋	Shared/Neutral
事態	Shared/Neutral
初衷	Shared/Neutral
太后	Shared/Neutral
硬碰	Shared/Neutral
稀有	Shared/Neutral
蓄意	Shared/Neutral
都賣	Shared/Neutral
匈牙利	Shared/Neutral
非常之	Shared/Neutral
都會覺得	Shared/Neutral
和他	Shared/Neutral
學科	Shared/Neutral
跟到	Shared/Neutral
想想	Shared/Neutral
炒賣	Shared/Neutral
第十	Shared/Neutral
豬瘟	Shared/Neutral
決定	Shared/Neutral
的模樣	Shared/Neutral
不設	Shared/Neutral
特意	Shared/Neutral
觸碰	Shared/Neutral
醜惡	Shared/Neutral
呢幾個	Shared/Neutral
男一女	Shared/Neutral
老爺	Shared/Neutral
好似你	Shared/Neutral
冷震	Shared/Neutral
彈入	Shared/Neutral
整親	Shared/Neutral
何文田	Shared/Neutral
當中包括	Shared/Neutral
向你	Shared/Neutral
波子	Shared/Neutral
花紅	Shared/Neutral
起伏	Shared/Neutral
電費	Shared/Neutral
出問題	Shared/Neutral
視而不見	Shared/Neutral
個故	Shared/Neutral
咬住	Shared/Neutral
最長	Shared/Neutral
的血	Shared/Neutral
稅收	Shared/Neutral
浸大	Shared/Neutral
留個	Shared/Neutral
秒回	Shared/Neutral
驚死	Shared/Neutral
先係真	Shared/Neutral
最需要	Shared/Neutral
法西斯	Shared/Neutral
仲有幾多	Shared/Neutral
嶽橋	Shared/Neutral
極之	Shared/Neutral
先發覺	Shared/Neutral
條撚屌	Shared/Neutral
自己鍾意	Shared/Neutral
全靠	Shared/Neutral
向她	Shared/Neutral
圖像	Shared/Neutral
新盤	Shared/Neutral
移居	Shared/Neutral
聚焦	Shared/Neutral
著你	Shared/Neutral
要把	Shared/Neutral
高爾	Shared/Neutral
有意思	Shared/Neutral
你依家	Shared/Neutral
單拖	Shared/Neutral
腳下	Shared/Neutral
自己打	Shared/Neutral
休閒	Shared/Neutral
美術	Shared/Neutral
重整	Shared/Neutral
馬田	Shared/Neutral
直至	Shared/Neutral
方面的	Shared/Neutral
比心機	Shared/Neutral
計劃需	Shared/Neutral
得個講字	Shared/Neutral
老老實實	Shared/Neutral
以待	Shared/Neutral
報酬	Shared/Neutral
好番	Shared/Neutral
想搞	Shared/Neutral
鐳射	Shared/Neutral
係咪得	Shared/Neutral
有小小	Shared/Neutral
真係好慘	Shared/Neutral
深層	Shared/Neutral
護主	Shared/Neutral
贖罪	Shared/Neutral
醫藥	Shared/Neutral
學咩人	Shared/Neutral
海底撈	Shared/Neutral
些路	Shared/Neutral
婦人	Shared/Neutral
強的	Shared/Neutral
得悉	Shared/Neutral
搶劫	Shared/Neutral
鹽水	Shared/Neutral
令大家	Shared/Neutral
另一名	Shared/Neutral
會更好	Shared/Neutral
抗日	Shared/Neutral
講波	Shared/Neutral
好得意	Shared/Neutral
進行了	Shared/Neutral
我想知	Shared/Neutral
移除	Shared/Neutral
係得	Shared/Neutral
我真的	Shared/Neutral
做完	Shared/Neutral
聲好氣	Shared/Neutral
自由的	Shared/Neutral
對等	Shared/Neutral
就問	Shared/Neutral
就扮	Shared/Neutral
添馬	Shared/Neutral
玩了	Shared/Neutral
發緊	Shared/Neutral
等車	Shared/Neutral
新幹線	Shared/Neutral
沒辦法	Shared/Neutral
心理質素	Shared/Neutral
備受	Shared/Neutral
力宏	Shared/Neutral
叫到	Shared/Neutral
拉利	Shared/Neutral
用地	Shared/Neutral
有影響	Shared/Neutral
其他手足	Shared/Neutral
批人	Shared/Neutral
暴風	Shared/Neutral
未獲	Shared/Neutral
較少	Shared/Neutral
限於	Shared/Neutral
等公民	Shared/Neutral
連儂牆	Shared/Neutral
一句說話	Shared/Neutral
一次又一次	Shared/Neutral
些少	Shared/Neutral
差到	Shared/Neutral
從不	Shared/Neutral
接過	Shared/Neutral
死狗	Shared/Neutral
而退	Shared/Neutral
自相	Shared/Neutral
補時	Shared/Neutral
財仔	Shared/Neutral
成隊	Shared/Neutral
都好易	Shared/Neutral
黑警死全家	Shared/Neutral
六十	Shared/Neutral
同黃	Shared/Neutral
組團	Shared/Neutral
行走	Shared/Neutral
你無	Shared/Neutral
我去	Shared/Neutral
一齊走	Shared/Neutral
好好珍惜	Shared/Neutral
入稟	Shared/Neutral
叮噹	Shared/Neutral
大欖	Shared/Neutral
免費	Shared/Neutral
小動作	Shared/Neutral
有心人	Shared/Neutral
明明係	Shared/Neutral
三寶	Shared/Neutral
就更	Shared/Neutral
山大	Shared/Neutral
打好	Shared/Neutral
正比	Shared/Neutral
流利	Shared/Neutral
開名	Shared/Neutral
就成日	Shared/Neutral
有人覺得	Shared/Neutral
堵塞	Shared/Neutral
聽朝	Shared/Neutral
了出來	Shared/Neutral
都幾多	Shared/Neutral
就算有	Shared/Neutral
有待	Shared/Neutral
李小龍	Shared/Neutral
排骨	Shared/Neutral
格鬥	Shared/Neutral
白裏	Shared/Neutral
落我	Shared/Neutral
走難	Shared/Neutral
老婆	Shared/Neutral
偉大的	Shared/Neutral
不符	Shared/Neutral
小怪	Shared/Neutral
我將	Shared/Neutral
港式	Shared/Neutral
重置	Shared/Neutral
主要是	Shared/Neutral
仲覺得	Shared/Neutral
好明顯係	Shared/Neutral
百度	Shared/Neutral
秋生	Shared/Neutral
輪功	Shared/Neutral
香港仔	Shared/Neutral
布拉	Shared/Neutral
矮仔	Shared/Neutral
破頂	Shared/Neutral
翻版	Shared/Neutral
鼻子	Shared/Neutral
去支持	Shared/Neutral
就好撚	Shared/Neutral
豪坊	Shared/Neutral
有關的	Shared/Neutral
上個月	Shared/Neutral
喫喝玩樂	Shared/Neutral
做你	Shared/Neutral
心力	Shared/Neutral
有腦	Shared/Neutral
鋪排	Shared/Neutral
鞋底	Shared/Neutral
已集合	Shared/Neutral
的男子	Shared/Neutral
數一數二	Shared/Neutral
他對	Shared/Neutral
本來就	Shared/Neutral
倫多	Shared/Neutral
國勇	Shared/Neutral
自救	Shared/Neutral
谷底	Shared/Neutral
迴響	Shared/Neutral
難頂	Shared/Neutral
小時候	Shared/Neutral
真係得啖笑	Shared/Neutral
近來	Shared/Neutral
追上	Shared/Neutral
霸道	Shared/Neutral
未來的	Shared/Neutral
互相尊重	Shared/Neutral
政治正確	Shared/Neutral
係第	Shared/Neutral
又易	Shared/Neutral
救火	Shared/Neutral
離港	Shared/Neutral
是我們	Shared/Neutral
人格分裂	Shared/Neutral
內功	Shared/Neutral
致歉	Shared/Neutral
馬主	Shared/Neutral
期待	Shared/Neutral
不願意	Shared/Neutral
名巴絲	Shared/Neutral
來得	Shared/Neutral
勁人	Shared/Neutral
去試	Shared/Neutral
水庫	Shared/Neutral
激起	Shared/Neutral
火雞	Shared/Neutral
過高	Shared/Neutral
好好地	Shared/Neutral
自己在	Shared/Neutral
應該要	Shared/Neutral
不合作運動	Shared/Neutral
名巴絲感想	Shared/Neutral
已集合超過	Shared/Neutral
名巴絲感想香港編年史	Shared/Neutral
不敵	Shared/Neutral
月先	Shared/Neutral
終生	Shared/Neutral
解約	Shared/Neutral
實際	Shared/Neutral
三十歲	Shared/Neutral
女學生	Shared/Neutral
的目光	Shared/Neutral
知道我	Shared/Neutral
到一個點	Shared/Neutral
倫理	Shared/Neutral
固執	Shared/Neutral
完了	Shared/Neutral
審美	Shared/Neutral
阻膠	Shared/Neutral
作者	Shared/Neutral
一面倒	Shared/Neutral
事事	Shared/Neutral
窗外	Shared/Neutral
儘管	Shared/Neutral
比人睇	Shared/Neutral
一覽	Shared/Neutral
機遇	Shared/Neutral
營地	Shared/Neutral
致死	Shared/Neutral
將來	Shared/Neutral
一個位	Shared/Neutral
又有得	Shared/Neutral
果條友	Shared/Neutral
都值得	Shared/Neutral
阻撚住	Shared/Neutral
想有	Shared/Neutral
新娘	Shared/Neutral
原因	Shared/Neutral
未至於	Shared/Neutral
製作人	Shared/Neutral
已經有人	Shared/Neutral
山上	Shared/Neutral
根性	Shared/Neutral
美聯	Shared/Neutral
鄉村	Shared/Neutral
返工返學	Shared/Neutral
俊傑	Shared/Neutral
古人	Shared/Neutral
行內	Shared/Neutral
觀望	Shared/Neutral
正確	Shared/Neutral
女歌手	Shared/Neutral
服務業	Shared/Neutral
子傑	Shared/Neutral
重的	Shared/Neutral
點寫	Shared/Neutral
都幾	Shared/Neutral
下次再	Shared/Neutral
滿足感	Shared/Neutral
認受性	Shared/Neutral
一定可以	Shared/Neutral
強姦輪姦	Shared/Neutral
又柒	Shared/Neutral
報稱	Shared/Neutral
早走	Shared/Neutral
高呼	Shared/Neutral
條仔	Shared/Neutral
中小	Shared/Neutral
來做	Shared/Neutral
地城	Shared/Neutral
水煮	Shared/Neutral
洗鬼	Shared/Neutral
綠表	Shared/Neutral
跑道	Shared/Neutral
轉播	Shared/Neutral
鬥快	Shared/Neutral
似乎	Shared/Neutral
演變成	Shared/Neutral
以為自己好撚	Shared/Neutral
壓測	Shared/Neutral
真空	Shared/Neutral
退款	Shared/Neutral
只能	Shared/Neutral
交通燈	Shared/Neutral
但始終	Shared/Neutral
到訪	Shared/Neutral
四面	Shared/Neutral
比曬	Shared/Neutral
裁員	Shared/Neutral
裏奧	Shared/Neutral
要改	Shared/Neutral
我連	Shared/Neutral
係無辜	Shared/Neutral
拍過拖	Shared/Neutral
有錢仔	Shared/Neutral
走出來	Shared/Neutral
阿古路	Shared/Neutral
暴力行為	Shared/Neutral
為香港人	Shared/Neutral
判定	Shared/Neutral
家謙	Shared/Neutral
富臨	Shared/Neutral
潘頓	Shared/Neutral
緊咩	Shared/Neutral
另一位	Shared/Neutral
維基百科	Shared/Neutral
思緒	Shared/Neutral
注射	Shared/Neutral
上面有	Shared/Neutral
不自覺	Shared/Neutral
對你好	Shared/Neutral
好似之前	Shared/Neutral
三權	Shared/Neutral
去換	Shared/Neutral
施華	Shared/Neutral
最衰	Shared/Neutral
詹姆	Shared/Neutral
配票	Shared/Neutral
古天樂	Shared/Neutral
遊行至	Shared/Neutral
國際學校	Shared/Neutral
我才	Shared/Neutral
白石	Shared/Neutral
私有	Shared/Neutral
粒星	Shared/Neutral
花名	Shared/Neutral
金馬	Shared/Neutral
一場	Shared/Neutral
分鐘先	Shared/Neutral
段感情	Shared/Neutral
真係以為	Shared/Neutral
不善	Shared/Neutral
估值	Shared/Neutral
兩度	Shared/Neutral
地頭	Shared/Neutral
若是	Shared/Neutral
我愛你	Shared/Neutral
真係大	Shared/Neutral
笑死人	Shared/Neutral
中之	Shared/Neutral
偽造	Shared/Neutral
又中	Shared/Neutral
鐘樓	Shared/Neutral
很容易	Shared/Neutral
我意思	Shared/Neutral
國際金融中心	Shared/Neutral
一棍	Shared/Neutral
偏頗	Shared/Neutral
如無	Shared/Neutral
營盤	Shared/Neutral
請先	Shared/Neutral
犯國安法	Shared/Neutral
的可能性	Shared/Neutral
開口埋口	Shared/Neutral
容量	Shared/Neutral
抗命	Shared/Neutral
同埋我	Shared/Neutral
係係	Shared/Neutral
半鐘	Shared/Neutral
大英	Shared/Neutral
文獻	Shared/Neutral
黨內	Shared/Neutral
班人	Shared/Neutral
電視台	Shared/Neutral
仲用	Shared/Neutral
公頃	Shared/Neutral
怎會	Shared/Neutral
臺服	Shared/Neutral
記起	Shared/Neutral
買了	Shared/Neutral
連狗	Shared/Neutral
電磁	Shared/Neutral
睇埋	Shared/Neutral
人人有	Shared/Neutral
香港文化	Shared/Neutral
打尖	Shared/Neutral
旗下	Shared/Neutral
相隔	Shared/Neutral
觀賞	Shared/Neutral
地址	Shared/Neutral
我們是	Shared/Neutral
港鐵站	Shared/Neutral
馬體會	Shared/Neutral
都應該係	Shared/Neutral
一樓	Shared/Neutral
爭冠	Shared/Neutral
聽說	Shared/Neutral
開玩笑	Shared/Neutral
停頓	Shared/Neutral
行入	Shared/Neutral
係男人	Shared/Neutral
無資格	Shared/Neutral
的責任	Shared/Neutral
不一	Shared/Neutral
幾舊水	Shared/Neutral
當然是	Shared/Neutral
五人	Shared/Neutral
條隊	Shared/Neutral
證物	Shared/Neutral
連繫	Shared/Neutral
陳國	Shared/Neutral
好中意	Shared/Neutral
情況下	Shared/Neutral
有警員	Shared/Neutral
洗頭水	Shared/Neutral
囂張	Shared/Neutral
四星	Shared/Neutral
熊市	Shared/Neutral
硬上	Shared/Neutral
紐卡	Shared/Neutral
都計	Shared/Neutral
黑夜	Shared/Neutral
你連	Shared/Neutral
淨係想	Shared/Neutral
卡迪	Shared/Neutral
角力	Shared/Neutral
貼文	Shared/Neutral
天神	Shared/Neutral
太慢	Shared/Neutral
比人告	Shared/Neutral
一家大細	Shared/Neutral
即食	Shared/Neutral
又玩	Shared/Neutral
合物	Shared/Neutral
大屋	Shared/Neutral
好喇	Shared/Neutral
文貴	Shared/Neutral
頭家	Shared/Neutral
的權力	Shared/Neutral
撚但	Shared/Neutral
銀牌	Shared/Neutral
旁邊的	Shared/Neutral
不思	Shared/Neutral
不離	Shared/Neutral
仲叫	Shared/Neutral
塗鴉	Shared/Neutral
嫲嫲	Shared/Neutral
欄杆	Shared/Neutral
半場	Shared/Neutral
呢套野	Shared/Neutral
竟然係	Shared/Neutral
管有攻擊性武器	Shared/Neutral
又扮	Shared/Neutral
問心	Shared/Neutral
天價	Shared/Neutral
批發	Shared/Neutral
永世	Shared/Neutral
爆擊	Shared/Neutral
運到	Shared/Neutral
要留意	Shared/Neutral
反勝	Shared/Neutral
小販	Shared/Neutral
山車	Shared/Neutral
柬埔	Shared/Neutral
火鍋	Shared/Neutral
就因為	Shared/Neutral
青年軍	Shared/Neutral
真係一個	Shared/Neutral
不盡	Shared/Neutral
句聲	Shared/Neutral
就跌	Shared/Neutral
已讀	Shared/Neutral
心血	Shared/Neutral
返港	Shared/Neutral
出去玩	Shared/Neutral
屋企有	Shared/Neutral
買到樓	Shared/Neutral
跟我說	Shared/Neutral
個係	Shared/Neutral
傭兵	Shared/Neutral
名古屋	Shared/Neutral
核武	Shared/Neutral
跟她	Shared/Neutral
都跌	Shared/Neutral
模特兒	Shared/Neutral
煮野食	Shared/Neutral
豬隊友	Shared/Neutral
反光	Shared/Neutral
忠心	Shared/Neutral
肚子	Shared/Neutral
肥仔	Shared/Neutral
究竟係	Shared/Neutral
人民政府	Shared/Neutral
社會運動	Shared/Neutral
心灰	Shared/Neutral
拍埋	Shared/Neutral
人工低	Shared/Neutral
好尷尬	Shared/Neutral
柬埔寨	Shared/Neutral
反差	Shared/Neutral
同你玩	Shared/Neutral
呢套戲	Shared/Neutral
換言之	Shared/Neutral
自助餐	Shared/Neutral
二元	Shared/Neutral
廢票	Shared/Neutral
番你	Shared/Neutral
認輸	Shared/Neutral
係將	Shared/Neutral
師生	Shared/Neutral
拉拉	Shared/Neutral
歸邊	Shared/Neutral
縮短	Shared/Neutral
關羽	Shared/Neutral
差太遠	Shared/Neutral
發出的	Shared/Neutral
委員會主席	Shared/Neutral
公帑	Shared/Neutral
洗咩	Shared/Neutral
閒閒	Shared/Neutral
首名	Shared/Neutral
係咩心態	Shared/Neutral
農曆新年	Shared/Neutral
原文	Shared/Neutral
關懷	Shared/Neutral
預留	Shared/Neutral
去年	Shared/Neutral
有人係	Shared/Neutral
選舉主任	Shared/Neutral
傾訴	Shared/Neutral
情操	Shared/Neutral
裡頭	Shared/Neutral
阿晴	Shared/Neutral
鬼鬼	Shared/Neutral
收收埋埋	Shared/Neutral
折墮	Shared/Neutral
氣的	Shared/Neutral
緩和	Shared/Neutral
伺服器	Shared/Neutral
多多聲	Shared/Neutral
係好正常	Shared/Neutral
乃木	Shared/Neutral
成孕	Shared/Neutral
禮儀	Shared/Neutral
總督	Shared/Neutral
你一起	Shared/Neutral
足球場	Shared/Neutral
香港就	Shared/Neutral
血債	Shared/Neutral
但又要	Shared/Neutral
接觸過	Shared/Neutral
都無法	Shared/Neutral
的錢	Shared/Neutral
個手足	Shared/Neutral
有幫助	Shared/Neutral
的一切	Shared/Neutral
單靠	Shared/Neutral
廣島	Shared/Neutral
強勁	Shared/Neutral
袋底	Shared/Neutral
係好多	Shared/Neutral
全部係	Shared/Neutral
平平地	Shared/Neutral
朝一日	Shared/Neutral
沖完涼	Shared/Neutral
同做	Shared/Neutral
廉價	Shared/Neutral
淘大	Shared/Neutral
甲由	Shared/Neutral
紅字	Shared/Neutral
談到	Shared/Neutral
集數	Shared/Neutral
一炮	Shared/Neutral
侵蝕	Shared/Neutral
個男	Shared/Neutral
屏幕	Shared/Neutral
恥辱	Shared/Neutral
算法	Shared/Neutral
裂口	Shared/Neutral
陰莖	Shared/Neutral
杜汶澤	Shared/Neutral
維園見	Shared/Neutral
正式開始	Shared/Neutral
低落	Shared/Neutral
比埋	Shared/Neutral
瀏覽	Shared/Neutral
鐵閘	Shared/Neutral
但原來	Shared/Neutral
轉會費	Shared/Neutral
野都係	Shared/Neutral
返工放工	Shared/Neutral
香港自治	Shared/Neutral
幾皮	Shared/Neutral
支旗	Shared/Neutral
架空	Shared/Neutral
符文	Shared/Neutral
著草	Shared/Neutral
蓬佩奧	Shared/Neutral
有朋友	Shared/Neutral
你還	Shared/Neutral
再係	Shared/Neutral
田中	Shared/Neutral
騙子	Shared/Neutral
天氣	Shared/Neutral
恆生	Shared/Neutral
租約	Shared/Neutral
老街	Shared/Neutral
虛無	Shared/Neutral
還命	Shared/Neutral
陳家	Shared/Neutral
首府	Shared/Neutral
關我事	Shared/Neutral
刷牙	Shared/Neutral
束縛	Shared/Neutral
沙利	Shared/Neutral
落機	Shared/Neutral
隻揪	Shared/Neutral
精神健康	Shared/Neutral
其他區	Shared/Neutral
的美國	Shared/Neutral
布林	Shared/Neutral
拍檔	Shared/Neutral
沙發	Shared/Neutral
生番	Shared/Neutral
不割席	Shared/Neutral
先覺得	Shared/Neutral
因為他們	Shared/Neutral
子民	Shared/Neutral
大聯盟	Shared/Neutral
普通法	Shared/Neutral
舞臺劇	Shared/Neutral
綜合報導	Shared/Neutral
奧林	Shared/Neutral
孔明	Shared/Neutral
早年	Shared/Neutral
起哂	Shared/Neutral
但點解	Shared/Neutral
卡路	Shared/Neutral
馬撚	Shared/Neutral
唉屌	Shared/Neutral
問題上	Shared/Neutral
無論是	Shared/Neutral
港姐	Shared/Neutral
處事	Shared/Neutral
更加多	Shared/Neutral
異世界	Shared/Neutral
就可以了	Shared/Neutral
顛覆國家政權	Shared/Neutral
做假	Shared/Neutral
打理	Shared/Neutral
處罰	Shared/Neutral
聽晚	Shared/Neutral
愈來愈多	Shared/Neutral
係多	Shared/Neutral
已對	Shared/Neutral
拉得	Shared/Neutral
揚言	Shared/Neutral
只係識	Shared/Neutral
的一聲	Shared/Neutral
大驚	Shared/Neutral
委內	Shared/Neutral
把炮	Shared/Neutral
放上	Shared/Neutral
放個	Shared/Neutral
激發	Shared/Neutral
的風	Shared/Neutral
眼皮	Shared/Neutral
耐心	Shared/Neutral
都寫	Shared/Neutral
都抵	Shared/Neutral
古惑仔	Shared/Neutral
淘汰賽	Shared/Neutral
高風險	Shared/Neutral
留名睇	Shared/Neutral
重新出發	Shared/Neutral
方形	Shared/Neutral
民運	Shared/Neutral
熄燈	Shared/Neutral
狗肉	Shared/Neutral
少部分	Shared/Neutral
話我地	Shared/Neutral
應該點做	Shared/Neutral
上鏡	Shared/Neutral
單張	Shared/Neutral
新興	Shared/Neutral
秀茂	Shared/Neutral
打贏要	Shared/Neutral
三世	Shared/Neutral
個妹	Shared/Neutral
圍觀	Shared/Neutral
塊鏡	Shared/Neutral
淨返	Shared/Neutral
老奉	Shared/Neutral
體溫	Shared/Neutral
果然係	Shared/Neutral
防暴警察	Shared/Neutral
一役	Shared/Neutral
主客	Shared/Neutral
有緣	Shared/Neutral
用你	Shared/Neutral
改變自己	Shared/Neutral
雨傘運動	Shared/Neutral
怨氣	Shared/Neutral
銀色	Shared/Neutral
養家	Shared/Neutral
女演員	Shared/Neutral
感覺上	Shared/Neutral
低水	Shared/Neutral
再到	Shared/Neutral
功效	Shared/Neutral
擺酒	Shared/Neutral
火線	Shared/Neutral
車狗	Shared/Neutral
遲遲	Shared/Neutral
一齊睇	Shared/Neutral
有部份	Shared/Neutral
同一樣野	Shared/Neutral
泛民主派	Shared/Neutral
私人地方	Shared/Neutral
視乎情況	Shared/Neutral
常理	Shared/Neutral
生於	Shared/Neutral
還有	Shared/Neutral
牛市	Shared/Neutral
福岡	Shared/Neutral
頂盡	Shared/Neutral
亞洲	Shared/Neutral
公事	Shared/Neutral
軍艦	Shared/Neutral
頭馬	Shared/Neutral
三道四	Shared/Neutral
第一日	Shared/Neutral
呢個社會	Shared/Neutral
主唱	Shared/Neutral
五萬	Shared/Neutral
僕街	Shared/Neutral
兄妹	Shared/Neutral
北美	Shared/Neutral
又食	Shared/Neutral
而久	Shared/Neutral
明日	Shared/Neutral
吶喊	Shared/Neutral
彰顯	Shared/Neutral
心心	Shared/Neutral
期內	Shared/Neutral
控方	Shared/Neutral
威爾斯	Shared/Neutral
支那豬	Shared/Neutral
後宮	Shared/Neutral
要好	Shared/Neutral
鋒澤	Shared/Neutral
首個	Shared/Neutral
三個	Shared/Neutral
合埋眼	Shared/Neutral
過來人	Shared/Neutral
香港民族	Shared/Neutral
居心	Shared/Neutral
把它	Shared/Neutral
曼德	Shared/Neutral
民怨	Shared/Neutral
海嘯	Shared/Neutral
為意	Shared/Neutral
衣櫃	Shared/Neutral
要還	Shared/Neutral
也只是	Shared/Neutral
事件中	Shared/Neutral
個時間	Shared/Neutral
圍威喂	Shared/Neutral
成日覺得	Shared/Neutral
行政長官林鄭月娥	Shared/Neutral
又細	Shared/Neutral
炒家	Shared/Neutral
成世人	Shared/Neutral
比狗咬	Shared/Neutral
的安全	Shared/Neutral
第二隻	Shared/Neutral
可能因為	Shared/Neutral
中藥	Shared/Neutral
函數	Shared/Neutral
基達	Shared/Neutral
搵鬼	Shared/Neutral
聽住	Shared/Neutral
著她	Shared/Neutral
螞蟻	Shared/Neutral
我一	Shared/Neutral
曼城	Shared/Neutral
正正係	Shared/Neutral
番香港	Shared/Neutral
先食	Shared/Neutral
地魔	Shared/Neutral
小三	Shared/Neutral
格格	Shared/Neutral
的身影	Shared/Neutral
被警員	Shared/Neutral
重要過	Shared/Neutral
直氣	Shared/Neutral
造就	Shared/Neutral
班後生	Shared/Neutral
奪取	Shared/Neutral
散去	Shared/Neutral
疲勞	Shared/Neutral
買一	Shared/Neutral
有關	Shared/Neutral
正視聽	Shared/Neutral
用手機	Shared/Neutral
君彥	Shared/Neutral
我玩	Shared/Neutral
了一聲	Shared/Neutral
認同你	Shared/Neutral
心理關口	Shared/Neutral
聯想	Shared/Neutral
鋪路	Shared/Neutral
初初	Shared/Neutral
區選	Shared/Neutral
班球員	Shared/Neutral
政棍	Shared/Neutral
里昂	Shared/Neutral
係幾好	Shared/Neutral
港珠澳	Shared/Neutral
的照片	Shared/Neutral
光芒	Shared/Neutral
再起	Shared/Neutral
攞去	Shared/Neutral
重拾	Shared/Neutral
董事長	Shared/Neutral
生命危險	Shared/Neutral
劣質	Shared/Neutral
想聽	Shared/Neutral
深切	Shared/Neutral
家庭	Shared/Neutral
男歌手	Shared/Neutral
正常生活	Shared/Neutral
停職	Shared/Neutral
大雄	Shared/Neutral
師姐	Shared/Neutral
生埋	Shared/Neutral
竹坑	Shared/Neutral
話得	Shared/Neutral
工作室	Shared/Neutral
成撚日	Shared/Neutral
民政事務	Shared/Neutral
太極	Shared/Neutral
家裡	Shared/Neutral
帝王	Shared/Neutral
短炒	Shared/Neutral
大把錢	Shared/Neutral
預言家	Shared/Neutral
示威者	Shared/Neutral
呢個時間	Shared/Neutral
上岸	Shared/Neutral
信我	Shared/Neutral
先放	Shared/Neutral
切割	Shared/Neutral
單丁	Shared/Neutral
油王	Shared/Neutral
近日	Shared/Neutral
在過去	Shared/Neutral
周圍都係	Shared/Neutral
好多時間	Shared/Neutral
騙徒	Shared/Neutral
到可以	Shared/Neutral
好少人	Shared/Neutral
阿積士	Shared/Neutral
勝在	Shared/Neutral
城巴	Shared/Neutral
心穎	Shared/Neutral
要對	Shared/Neutral
一齊行	Shared/Neutral
這樣說	Shared/Neutral
不遠	Shared/Neutral
今生	Shared/Neutral
十連	Shared/Neutral
圖鑑	Shared/Neutral
左面	Shared/Neutral
洗面	Shared/Neutral
著他	Shared/Neutral
開緊	Shared/Neutral
先入到	Shared/Neutral
你的心聲	Shared/Neutral
巴塞隆拿	Shared/Neutral
好亂	Shared/Neutral
挺身	Shared/Neutral
知己	Shared/Neutral
習帝	Shared/Neutral
半導體	Shared/Neutral
該公司	Shared/Neutral
講咩好	Shared/Neutral
都鍾意	Shared/Neutral
屈毛	Shared/Neutral
扣除	Shared/Neutral
百合	Shared/Neutral
清潔工	Shared/Neutral
翻屋企	Shared/Neutral
都係一	Shared/Neutral
都應該要	Shared/Neutral
月月	Shared/Neutral
潮州	Shared/Neutral
參選人	Shared/Neutral
一統	Shared/Neutral
出界	Shared/Neutral
定你	Shared/Neutral
屌埋	Shared/Neutral
理得	Shared/Neutral
直落	Shared/Neutral
迎新	Shared/Neutral
外賣仔	Shared/Neutral
八個	Shared/Neutral
包裹	Shared/Neutral
壞處	Shared/Neutral
拎波	Shared/Neutral
旗手	Shared/Neutral
砌機	Shared/Neutral
答辯	Shared/Neutral
華麗	Shared/Neutral
趕緊	Shared/Neutral
離島	Shared/Neutral
手機	Shared/Neutral
人一等	Shared/Neutral
李慧瓊	Shared/Neutral
的精神	Shared/Neutral
話人地	Shared/Neutral
但因	Shared/Neutral
幹道	Shared/Neutral
祖兒	Shared/Neutral
翻生	Shared/Neutral
送禮	Shared/Neutral
一直都有	Shared/Neutral
付出代價	Shared/Neutral
呢個政府	Shared/Neutral
民間記者會	Shared/Neutral
中哂	Shared/Neutral
打成	Shared/Neutral
醫護	Shared/Neutral
仲勁過	Shared/Neutral
俾人捉	Shared/Neutral
傾電話	Shared/Neutral
狗也不	Shared/Neutral
為免	Shared/Neutral
用刀	Shared/Neutral
係咪無	Shared/Neutral
陳彥霖	Shared/Neutral
覺得自己好撚	Shared/Neutral
去追	Shared/Neutral
愈好	Shared/Neutral
絕非	Shared/Neutral
獨立	Shared/Neutral
哂時間	Shared/Neutral
有心機	Shared/Neutral
接軌	Shared/Neutral
施襲	Shared/Neutral
華裔	Shared/Neutral
鎖國	Shared/Neutral
共錄得	Shared/Neutral
我都未	Shared/Neutral
新時代	Shared/Neutral
都係比	Shared/Neutral
曬命	Shared/Neutral
要返	Shared/Neutral
通街	Shared/Neutral
太子	Shared/Neutral
勿忘	Shared/Neutral
在其	Shared/Neutral
鑑於	Shared/Neutral
陷家	Shared/Neutral
有希望	Shared/Neutral
都好勁	Shared/Neutral
一去	Shared/Neutral
兩面	Shared/Neutral
一人一票	Shared/Neutral
中海	Shared/Neutral
仙人	Shared/Neutral
居於	Shared/Neutral
落敗	Shared/Neutral
生產力	Shared/Neutral
呢幾年	Shared/Neutral
分鐘左右	Shared/Neutral
指明	Shared/Neutral
野生	Shared/Neutral
一向	Shared/Neutral
委內瑞	Shared/Neutral
生活抗爭	Shared/Neutral
香港足球	Shared/Neutral
工廈	Shared/Neutral
魔物	Shared/Neutral
十年八	Shared/Neutral
無咩人	Shared/Neutral
你會覺得	Shared/Neutral
軍裝	Shared/Neutral
好難講	Shared/Neutral
呢個概念	Shared/Neutral
乃至	Shared/Neutral
就返	Shared/Neutral
掀起	Shared/Neutral
收下	Shared/Neutral
日式	Shared/Neutral
樂團	Shared/Neutral
留底	Shared/Neutral
話曬	Shared/Neutral
尖沙嘴	Shared/Neutral
日日食	Shared/Neutral
的反應	Shared/Neutral
打倒腐敗	Shared/Neutral
南邊	Shared/Neutral
同比	Shared/Neutral
女警	Shared/Neutral
球衣	Shared/Neutral
經費	Shared/Neutral
扮女人	Shared/Neutral
拿拿聲	Shared/Neutral
道德撚	Shared/Neutral
到今時今日	Shared/Neutral
交俾	Shared/Neutral
交待	Shared/Neutral
他就	Shared/Neutral
破處	Shared/Neutral
電腦	Shared/Neutral
黃毓民	Shared/Neutral
不過而家	Shared/Neutral
三房	Shared/Neutral
動手	Shared/Neutral
嘲笑	Shared/Neutral
表姐	Shared/Neutral
人人	Shared/Neutral
又去	Shared/Neutral
文匯	Shared/Neutral
讚賞	Shared/Neutral
不過是	Shared/Neutral
俾人炒	Shared/Neutral
自負	Shared/Neutral
號位	Shared/Neutral
逆權	Shared/Neutral
門的	Shared/Neutral
不肯	Shared/Neutral
胡亂	Shared/Neutral
蒸發	Shared/Neutral
仲記得	Shared/Neutral
半粒鐘	Shared/Neutral
西維爾	Shared/Neutral
讀過書	Shared/Neutral
場都	Shared/Neutral
我方	Shared/Neutral
整過	Shared/Neutral
施放	Shared/Neutral
條片	Shared/Neutral
前一日	Shared/Neutral
城革命	Shared/Neutral
好好玩	Shared/Neutral
對你有	Shared/Neutral
本身個	Shared/Neutral
與美國	Shared/Neutral
笑到仆街	Shared/Neutral
關你撚事	Shared/Neutral
不經	Shared/Neutral
出海	Shared/Neutral
可以開	Shared/Neutral
抗爭運動	Shared/Neutral
關鍵時刻	Shared/Neutral
信件	Shared/Neutral
多間	Shared/Neutral
水泥	Shared/Neutral
鼓起	Shared/Neutral
不屑	Shared/Neutral
坐過	Shared/Neutral
安置	Shared/Neutral
武漢	Shared/Neutral
仲會有	Shared/Neutral
的利益	Shared/Neutral
天文臺	Shared/Neutral
中四	Shared/Neutral
刊登	Shared/Neutral
屋內	Shared/Neutral
座山	Shared/Neutral
得獎	Shared/Neutral
想我	Shared/Neutral
沙特	Shared/Neutral
非洲	Shared/Neutral
點處理	Shared/Neutral
對她	Shared/Neutral
船隻	Shared/Neutral
計過	Shared/Neutral
邊條	Shared/Neutral
泰國	Shared/Neutral
應用程式	Shared/Neutral
射程	Shared/Neutral
推特	Shared/Neutral
請勿	Shared/Neutral
閃閃	Shared/Neutral
叫我地	Shared/Neutral
其一	Shared/Neutral
圍堵	Shared/Neutral
安娜	Shared/Neutral
法規	Shared/Neutral
父母	Shared/Neutral
不過有	Shared/Neutral
都大把人	Shared/Neutral
閱讀理解	Shared/Neutral
他還	Shared/Neutral
大炮	Shared/Neutral
無死	Shared/Neutral
短訊	Shared/Neutral
開心	Shared/Neutral
形容為	Shared/Neutral
想表達	Shared/Neutral
要幾多	Shared/Neutral
連燈仔	Shared/Neutral
如果大家	Shared/Neutral
任你	Shared/Neutral
六點	Shared/Neutral
引到	Shared/Neutral
開箱	Shared/Neutral
但沒有	Shared/Neutral
呃飯食	Shared/Neutral
特區護照	Shared/Neutral
千雪	Shared/Neutral
天時	Shared/Neutral
奉勸	Shared/Neutral
遼寧	Shared/Neutral
陽性	Shared/Neutral
但人地	Shared/Neutral
單新聞	Shared/Neutral
幾耐先	Shared/Neutral
想要咩	Shared/Neutral
我鍾意	Shared/Neutral
秀茂坪	Shared/Neutral
行行企企	Shared/Neutral
三刻	Shared/Neutral
尿袋	Shared/Neutral
布尼	Shared/Neutral
硬淨	Shared/Neutral
護送	Shared/Neutral
雞蟲	Shared/Neutral
久而久	Shared/Neutral
仍然係	Shared/Neutral
使用的	Shared/Neutral
呢個數	Shared/Neutral
期徒刑	Shared/Neutral
以身	Shared/Neutral
到的	Shared/Neutral
古斯	Shared/Neutral
清泉	Shared/Neutral
落塵	Shared/Neutral
軒仔	Shared/Neutral
硬係覺得	Shared/Neutral
仲有好多	Shared/Neutral
一意	Shared/Neutral
三球	Shared/Neutral
夢特	Shared/Neutral
抽離	Shared/Neutral
水溫	Shared/Neutral
著到	Shared/Neutral
不及待	Shared/Neutral
半年前	Shared/Neutral
香港問題	Shared/Neutral
出氣	Shared/Neutral
句句	Shared/Neutral
洗到	Shared/Neutral
直程	Shared/Neutral
都推	Shared/Neutral
對中共	Shared/Neutral
所作所為	Shared/Neutral
家下	Shared/Neutral
怒吼	Shared/Neutral
自由意志	Shared/Neutral
還命被自殺	Shared/Neutral
多樣	Shared/Neutral
珠寶	Shared/Neutral
股神	Shared/Neutral
感情	Shared/Neutral
係兩個	Shared/Neutral
第一批	Shared/Neutral
我有個	Shared/Neutral
傻豬	Shared/Neutral
排位	Shared/Neutral
而未	Shared/Neutral
背負	Shared/Neutral
舅父	Shared/Neutral
讀得	Shared/Neutral
連豬	Shared/Neutral
衝出去	Shared/Neutral
迪奧拿	Shared/Neutral
新屋嶺還眼還命被自殺	Shared/Neutral
一槍	Shared/Neutral
有害	Shared/Neutral
全天候	Shared/Neutral
討論緊	Shared/Neutral
都係輸	Shared/Neutral
醫學院	Shared/Neutral
之爭	Shared/Neutral
往事	Shared/Neutral
滿滿	Shared/Neutral
高斯	Shared/Neutral
就是要	Shared/Neutral
中甲	Shared/Neutral
半價	Shared/Neutral
夢中	Shared/Neutral
大同	Shared/Neutral
換返	Shared/Neutral
撞擊	Shared/Neutral
無位	Shared/Neutral
罷免	Shared/Neutral
退步	Shared/Neutral
鄙視	Shared/Neutral
預知	Shared/Neutral
想見你	Shared/Neutral
但真係	Shared/Neutral
又可以	Shared/Neutral
再玩	Shared/Neutral
年有	Shared/Neutral
腹肌	Shared/Neutral
診斷	Shared/Neutral
起家	Shared/Neutral
跌至	Shared/Neutral
開張	Shared/Neutral
開火	Shared/Neutral
評論員	Shared/Neutral
光圈	Shared/Neutral
幫手	Shared/Neutral
利誘	Shared/Neutral
寄望	Shared/Neutral
要上	Shared/Neutral
師父	Shared/Neutral
研究	Shared/Neutral
好女仔	Shared/Neutral
母親節	Shared/Neutral
同埋你	Shared/Neutral
我希望	Shared/Neutral
子弟	Shared/Neutral
貶低	Shared/Neutral
不是	Shared/Neutral
不知所	Shared/Neutral
就諗起	Shared/Neutral
伊利	Shared/Neutral
就難	Shared/Neutral
手球	Shared/Neutral
星光	Shared/Neutral
踐踏	Shared/Neutral
我淨係知	Shared/Neutral
二連	Shared/Neutral
倒轉	Shared/Neutral
加深	Shared/Neutral
毒氣	Shared/Neutral
豐澤	Shared/Neutral
兩家茶	Shared/Neutral
咩意思	Shared/Neutral
了一口氣	Shared/Neutral
自己可以	Shared/Neutral
八強	Shared/Neutral
著眼	Shared/Neutral
起腳	Shared/Neutral
野好	Shared/Neutral
個結局	Shared/Neutral
洗衣機	Shared/Neutral
主任裁判官	Shared/Neutral
巡迴	Shared/Neutral
政界	Shared/Neutral
牛扒	Shared/Neutral
萬鎊	Shared/Neutral
令到	Shared/Neutral
入哂	Shared/Neutral
啊童	Shared/Neutral
欺壓	Shared/Neutral
要學	Shared/Neutral
中央	Shared/Neutral
李卓人	Shared/Neutral
毒男	Shared/Neutral
我未	Shared/Neutral
會成為	Shared/Neutral
有一點	Shared/Neutral
好似真係	Shared/Neutral
回原	Shared/Neutral
夠薑	Shared/Neutral
巔峯	Shared/Neutral
捱過	Shared/Neutral
相繼	Shared/Neutral
花了	Shared/Neutral
高危	Shared/Neutral
公會戰	Shared/Neutral
有實力	Shared/Neutral
直氣壯	Shared/Neutral
聯絡我	Shared/Neutral
國際機場	Shared/Neutral
夥記	Shared/Neutral
棍波	Shared/Neutral
沙文	Shared/Neutral
短裙	Shared/Neutral
亦沒有	Shared/Neutral
做孝子	Shared/Neutral
新聞稿	Shared/Neutral
每個月	Shared/Neutral
不已	Shared/Neutral
大貓	Shared/Neutral
後被	Shared/Neutral
野餐	Shared/Neutral
開路	Shared/Neutral
會更加	Shared/Neutral
條撚咩	Shared/Neutral
第一頁	Shared/Neutral
國際文宣	Shared/Neutral
我仲以為	Shared/Neutral
修養	Shared/Neutral
兩頭	Shared/Neutral
喫了	Shared/Neutral
海盜	Shared/Neutral
相約	Shared/Neutral
蔬菜	Shared/Neutral
視力	Shared/Neutral
讓球	Shared/Neutral
達臣	Shared/Neutral
可以放	Shared/Neutral
國際法	Shared/Neutral
有組織	Shared/Neutral
果兩個	Shared/Neutral
考慮過	Shared/Neutral
前所未有	Shared/Neutral
司法獨立	Shared/Neutral
同大家講	Shared/Neutral
個面	Shared/Neutral
再來	Shared/Neutral
加一	Shared/Neutral
喬裝	Shared/Neutral
徵收	Shared/Neutral
每隔	Shared/Neutral
濕曬	Shared/Neutral
他說	Shared/Neutral
申請	Shared/Neutral
電視節目	Shared/Neutral
三院	Shared/Neutral
傷到	Shared/Neutral
目測	Shared/Neutral
要屌	Shared/Neutral
你仲要	Shared/Neutral
做錯事	Shared/Neutral
慈雲山	Shared/Neutral
第二次	Shared/Neutral
最大贏家	Shared/Neutral
這個世界	Shared/Neutral
上架	Shared/Neutral
壓倒	Shared/Neutral
白日	Shared/Neutral
走緊	Shared/Neutral
鞠躬	Shared/Neutral
做義工	Shared/Neutral
就係用	Shared/Neutral
都入到	Shared/Neutral
男女朋友	Shared/Neutral
不義	Shared/Neutral
凱多	Shared/Neutral
取義	Shared/Neutral
想幫	Shared/Neutral
首播	Shared/Neutral
兩分鐘	Shared/Neutral
呢一年	Shared/Neutral
個期	Shared/Neutral
加爾	Shared/Neutral
嘉怡	Shared/Neutral
天眼	Shared/Neutral
正字	Shared/Neutral
牛屎	Shared/Neutral
蠟燭	Shared/Neutral
課堂	Shared/Neutral
警報	Shared/Neutral
車隊	Shared/Neutral
大個	Shared/Neutral
高普	Shared/Neutral
塞到	Shared/Neutral
搬到	Shared/Neutral
的黑	Shared/Neutral
眾生	Shared/Neutral
肢體	Shared/Neutral
舉旗	Shared/Neutral
我講緊	Shared/Neutral
委內瑞拉	Shared/Neutral
我地已經	Shared/Neutral
他與	Shared/Neutral
渣打	Shared/Neutral
老綜	Shared/Neutral
上海	Shared/Neutral
坐係度	Shared/Neutral
就會被	Shared/Neutral
注意到	Shared/Neutral
美國佬	Shared/Neutral
係廢	Shared/Neutral
十零	Shared/Neutral
喂喂	Shared/Neutral
始祖	Shared/Neutral
漏水	Shared/Neutral
秦國	Shared/Neutral
蔭權	Shared/Neutral
漫長的	Shared/Neutral
開始睇	Shared/Neutral
呢班人	Shared/Neutral
香港大學	Shared/Neutral
出邊	Shared/Neutral
度度	Shared/Neutral
都搵到	Shared/Neutral
無記錯	Shared/Neutral
全是	Shared/Neutral
女星	Shared/Neutral
很想	Shared/Neutral
搵日	Shared/Neutral
新生	Shared/Neutral
歲時	Shared/Neutral
笑得	Shared/Neutral
香港做	Shared/Neutral
都係好事	Shared/Neutral
殯儀	Shared/Neutral
猥褻	Shared/Neutral
非常好	Shared/Neutral
弱隊	Shared/Neutral
細波	Shared/Neutral
個節目	Shared/Neutral
姦成孕	Shared/Neutral
最嚴重	Shared/Neutral
藍絲廢老	Shared/Neutral
個類	Shared/Neutral
扯旗	Shared/Neutral
排期	Shared/Neutral
自修	Shared/Neutral
調味	Shared/Neutral
過完	Shared/Neutral
一切都	Shared/Neutral
萬億	Shared/Neutral
話語	Shared/Neutral
起我	Shared/Neutral
目標	Shared/Neutral
曬成個	Shared/Neutral
香港事務	Shared/Neutral
自我感覺良好	Shared/Neutral
兇狠	Shared/Neutral
南昌	Shared/Neutral
老千	Shared/Neutral
隻錶	Shared/Neutral
面孔	Shared/Neutral
造成的	Shared/Neutral
儘量	Shared/Neutral
全都	Shared/Neutral
公德	Shared/Neutral
包尾	Shared/Neutral
血汗	Shared/Neutral
表弟	Shared/Neutral
可以出	Shared/Neutral
一再	Shared/Neutral
在囚	Shared/Neutral
撞人	Shared/Neutral
球壇	Shared/Neutral
譯名	Shared/Neutral
賽車	Shared/Neutral
贏硬	Shared/Neutral
更具	Shared/Neutral
消極	Shared/Neutral
置信	Shared/Neutral
過橋	Shared/Neutral
違法行為	Shared/Neutral
一色	Shared/Neutral
令她	Shared/Neutral
前一	Shared/Neutral
後才	Shared/Neutral
淘寶	Shared/Neutral
宗個案	Shared/Neutral
的房間	Shared/Neutral
一於	Shared/Neutral
拉圭	Shared/Neutral
收錄	Shared/Neutral
評局	Shared/Neutral
試著	Shared/Neutral
重創	Shared/Neutral
盧德	Shared/Neutral
兩邊都	Shared/Neutral
安全帶	Shared/Neutral
久而久之	Shared/Neutral
到上心口	Shared/Neutral
正正就係	Shared/Neutral
代人	Shared/Neutral
先諗	Shared/Neutral
冷冷	Shared/Neutral
大好	Shared/Neutral
族裔	Shared/Neutral
肥料	Shared/Neutral
消防處	Shared/Neutral
逼自己	Shared/Neutral
不了了之	Shared/Neutral
二零	Shared/Neutral
又做	Shared/Neutral
往死裡	Shared/Neutral
真係多	Shared/Neutral
食個飯	Shared/Neutral
到係	Shared/Neutral
又夠	Shared/Neutral
廿四	Shared/Neutral
拉低	Shared/Neutral
改返	Shared/Neutral
未算	Shared/Neutral
熄機	Shared/Neutral
睇落	Shared/Neutral
打落去	Shared/Neutral
依樣	Shared/Neutral
有理	Shared/Neutral
爛仔	Shared/Neutral
解圍	Shared/Neutral
進出	Shared/Neutral
關乎	Shared/Neutral
到你	Shared/Neutral
大壓力	Shared/Neutral
地區工作	Shared/Neutral
天下制裁	Shared/Neutral
已經去到	Shared/Neutral
中同	Shared/Neutral
你了	Shared/Neutral
創科	Shared/Neutral
塞爆	Shared/Neutral
打頭	Shared/Neutral
為名	Shared/Neutral
鱷魚	Shared/Neutral
斯坦尼	Shared/Neutral
有禮貌	Shared/Neutral
第一年	Shared/Neutral
全世界都知	Shared/Neutral
低價	Shared/Neutral
傾緊	Shared/Neutral
分隔	Shared/Neutral
纏身	Shared/Neutral
豪門	Shared/Neutral
點火	Shared/Neutral
我不會	Shared/Neutral
無人講	Shared/Neutral
第一球	Shared/Neutral
個個星期	Shared/Neutral
可以選擇	Shared/Neutral
外牆	Shared/Neutral
營商	Shared/Neutral
由我	Shared/Neutral
輸過	Shared/Neutral
削減	Shared/Neutral
卡卡	Shared/Neutral
暴亂	Shared/Neutral
若不	Shared/Neutral
迎來	Shared/Neutral
對上一次	Shared/Neutral
今仗	Shared/Neutral
我沒	Shared/Neutral
戰艦	Shared/Neutral
權法	Shared/Neutral
被害	Shared/Neutral
係咪真	Shared/Neutral
周圍走	Shared/Neutral
少數派	Shared/Neutral
平方米	Shared/Neutral
大家都會	Shared/Neutral
倒水	Shared/Neutral
塑膠	Shared/Neutral
步入	Shared/Neutral
附件	Shared/Neutral
雙非	Shared/Neutral
好期待	Shared/Neutral
就做到	Shared/Neutral
排長龍	Shared/Neutral
第二集	Shared/Neutral
絕大多數	Shared/Neutral
下落	Shared/Neutral
你肯	Shared/Neutral
取出	Shared/Neutral
平地	Shared/Neutral
電台	Shared/Neutral
你個人	Shared/Neutral
因姦成孕	Shared/Neutral
去拎	Shared/Neutral
妖精	Shared/Neutral
減速	Shared/Neutral
病患	Shared/Neutral
談論	Shared/Neutral
上面個	Shared/Neutral
用電話	Shared/Neutral
比香港人	Shared/Neutral
減弱	Shared/Neutral
燒烤	Shared/Neutral
神情	Shared/Neutral
聲響	Shared/Neutral
一條路	Shared/Neutral
到我地	Shared/Neutral
大家會	Shared/Neutral
更大的	Shared/Neutral
都合理	Shared/Neutral
到位	Shared/Neutral
帶你	Shared/Neutral
試探	Shared/Neutral
追加	Shared/Neutral
首度	Shared/Neutral
二世祖	Shared/Neutral
但點解	Shared/Neutral
少少時間	Shared/Neutral
去向	Shared/Neutral
國界	Shared/Neutral
悉尼	Shared/Neutral
槍擊	Shared/Neutral
用腳	Shared/Neutral
考古	Shared/Neutral
要拎	Shared/Neutral
降溫	Shared/Neutral
全撚部	Shared/Neutral
就一直	Shared/Neutral
纔可以	Shared/Neutral
先係真正	Shared/Neutral
綜藝節目	Shared/Neutral
斧頭	Shared/Neutral
行會	Shared/Neutral
這點	Shared/Neutral
我由	Shared/Neutral
公元前	Shared/Neutral
毛主席	Shared/Neutral
外在	Shared/Neutral
後半	Shared/Neutral
恤衫	Shared/Neutral
桃花	Shared/Neutral
滿分	Shared/Neutral
藍斯	Shared/Neutral
中資	Shared/Neutral
結婚	Shared/Neutral
之前個	Shared/Neutral
個月前	Shared/Neutral
埋其他	Shared/Neutral
坦白講	Shared/Neutral
倉頡	Shared/Neutral
康樂	Shared/Neutral
愛香港	Shared/Neutral
就無問題	Shared/Neutral
第一次聽	Shared/Neutral
出汗	Shared/Neutral
半球	Shared/Neutral
名宿	Shared/Neutral
思覺	Shared/Neutral
棟篤	Shared/Neutral
氣場	Shared/Neutral
阻你	Shared/Neutral
電線	Shared/Neutral
最怕	Shared/Neutral
大陸閪	Shared/Neutral
都希望	Shared/Neutral
又難	Shared/Neutral
白粉	Shared/Neutral
銀髮	Shared/Neutral
名正言順	Shared/Neutral
政治問題	Shared/Neutral
發表聲明	Shared/Neutral
但係如果	Shared/Neutral
在本	Shared/Neutral
夜期	Shared/Neutral
山寨	Shared/Neutral
貫通	Shared/Neutral
買大	Shared/Neutral
如何	Shared/Neutral
我支持	Shared/Neutral
標題黨	Shared/Neutral
長命百歲	Shared/Neutral
就見	Shared/Neutral
後天	Shared/Neutral
效能	Shared/Neutral
會贏	Shared/Neutral
下層	Shared/Neutral
賓賓	Shared/Neutral
買完	Shared/Neutral
又一城	Shared/Neutral
得人驚	Shared/Neutral
導遊	Shared/Neutral
辯解	Shared/Neutral
全套	Shared/Neutral
日圓	Shared/Neutral
注入	Shared/Neutral
自導	Shared/Neutral
處決	Shared/Neutral
上進心	Shared/Neutral
港島區	Shared/Neutral
我平時	Shared/Neutral
先例	Shared/Neutral
內臟	Shared/Neutral
回程	Shared/Neutral
是的	Shared/Neutral
柏豪	Shared/Neutral
的長	Shared/Neutral
香蕉	Shared/Neutral
他沒有	Shared/Neutral
押後至	Shared/Neutral
點都好	Shared/Neutral
本來就係	Shared/Neutral
去哂	Shared/Neutral
單邊	Shared/Neutral
通信	Shared/Neutral
還返	Shared/Neutral
飯堂	Shared/Neutral
公平	Shared/Neutral
我問	Shared/Neutral
賽馬會	Shared/Neutral
人是	Shared/Neutral
抄牌	Shared/Neutral
歌聲	Shared/Neutral
用槍	Shared/Neutral
碳水	Shared/Neutral
臺海	Shared/Neutral
好似我	Shared/Neutral
的經驗	Shared/Neutral
真係好重要	Shared/Neutral
信長	Shared/Neutral
整返	Shared/Neutral
仲成日	Shared/Neutral
第二間	Shared/Neutral
身體質素	Shared/Neutral
交配	Shared/Neutral
喊住	Shared/Neutral
好啊	Shared/Neutral
心淡	Shared/Neutral
配搭	Shared/Neutral
本質上	Shared/Neutral
正面回應	Shared/Neutral
民主派議員	Shared/Neutral
即白	Shared/Neutral
單曲	Shared/Neutral
愛護	Shared/Neutral
拉曬	Shared/Neutral
未滿	Shared/Neutral
止痛	Shared/Neutral
好打	Shared/Neutral
季中	Shared/Neutral
會升	Shared/Neutral
租屋	Shared/Neutral
輪住	Shared/Neutral
一年前	Shared/Neutral
巖巖先	Shared/Neutral
中國特色	Shared/Neutral
廿一世紀	Shared/Neutral
一嚇	Shared/Neutral
備戰	Shared/Neutral
收人	Shared/Neutral
正牌	Shared/Neutral
藍衫	Shared/Neutral
邊邊	Shared/Neutral
鏗鏘	Shared/Neutral
隻角	Shared/Neutral
雞胸	Shared/Neutral
之後個	Shared/Neutral
於去年	Shared/Neutral
主要都係	Shared/Neutral
防護中心	Shared/Neutral
供養	Shared/Neutral
散佈	Shared/Neutral
日耳	Shared/Neutral
野心	Shared/Neutral
坑口	Shared/Neutral
小路	Shared/Neutral
屈我	Shared/Neutral
弓手	Shared/Neutral
有路	Shared/Neutral
糟糕	Shared/Neutral
羞辱	Shared/Neutral
防毒	Shared/Neutral
你一定	Shared/Neutral
大清亡國	Shared/Neutral
日日都有	Shared/Neutral
仁慈	Shared/Neutral
會由	Shared/Neutral
分別為	Shared/Neutral
但有時	Shared/Neutral
但香港	Shared/Neutral
就算你	Shared/Neutral
係不	Shared/Neutral
咪同	Shared/Neutral
在大	Shared/Neutral
片刻	Shared/Neutral
隔籬	Shared/Neutral
呢份工	Shared/Neutral
鍾意我	Shared/Neutral
代表香港	Shared/Neutral
一顆	Shared/Neutral
撰文	Shared/Neutral
白楚	Shared/Neutral
腰帶	Shared/Neutral
落肚	Shared/Neutral
用緊	Shared/Neutral
一陣又	Shared/Neutral
可以好	Shared/Neutral
溫哥華	Shared/Neutral
番自己	Shared/Neutral
紐卡素	Shared/Neutral
社交平臺	Shared/Neutral
人造	Shared/Neutral
佣金	Shared/Neutral
聖母	Shared/Neutral
資本家	Shared/Neutral
意大利	Shared/Neutral
唯一出路	Shared/Neutral
有咩方法	Shared/Neutral
要求政府	Shared/Neutral
國軍	Shared/Neutral
延誤	Shared/Neutral
拉布	Shared/Neutral
求生	Shared/Neutral
我夠	Shared/Neutral
但今次	Shared/Neutral
假希望	Shared/Neutral
無限期	Shared/Neutral
頒獎典禮	Shared/Neutral
中斷	Shared/Neutral
咩名	Shared/Neutral
火機	Shared/Neutral
螺旋	Shared/Neutral
跑車	Shared/Neutral
細細個	Shared/Neutral
之後就會	Shared/Neutral
立國	Shared/Neutral
苦難	Shared/Neutral
閘機	Shared/Neutral
請各位	Shared/Neutral
工作經驗	Shared/Neutral
保安局局長	Shared/Neutral
香港人權與民主法案	Shared/Neutral
加特	Shared/Neutral
吸煙	Shared/Neutral
山本	Shared/Neutral
扮到	Shared/Neutral
熱潮	Shared/Neutral
署理	Shared/Neutral
著作	Shared/Neutral
轉運	Shared/Neutral
優惠	Shared/Neutral
上到位	Shared/Neutral
總書記	Shared/Neutral
負資產	Shared/Neutral
夠人	Shared/Neutral
封建	Shared/Neutral
我看	Shared/Neutral
誠哥	Shared/Neutral
男人老狗	Shared/Neutral
戀童	Shared/Neutral
抬高	Shared/Neutral
日假	Shared/Neutral
沙卡	Shared/Neutral
珠江	Shared/Neutral
點買	Shared/Neutral
把握力	Shared/Neutral
走得甩	Shared/Neutral
繼續支持	Shared/Neutral
定下	Shared/Neutral
所言	Shared/Neutral
本體	Shared/Neutral
死線	Shared/Neutral
好吸引	Shared/Neutral
我上次	Shared/Neutral
幾個星期	Shared/Neutral
終審法院	Shared/Neutral
死先	Shared/Neutral
腳軟	Shared/Neutral
理直氣壯	Shared/Neutral
什至	Shared/Neutral
盤前	Shared/Neutral
老閪	Shared/Neutral
說得	Shared/Neutral
周杰倫	Shared/Neutral
手足係	Shared/Neutral
簡單單	Shared/Neutral
制訂	Shared/Neutral
同黑	Shared/Neutral
建制	Shared/Neutral
同老母	Shared/Neutral
盧卡古	Shared/Neutral
風向撚	Shared/Neutral
第二日	Shared/Neutral
公海文宣	Shared/Neutral
依排	Shared/Neutral
傳達	Shared/Neutral
劉辰	Shared/Neutral
賣國	Shared/Neutral
整個	Shared/Neutral
都會有人	Shared/Neutral
知識產權	Shared/Neutral
我真係好	Shared/Neutral
塔爾	Shared/Neutral
工黨	Shared/Neutral
幾頁	Shared/Neutral
捲入	Shared/Neutral
校董	Shared/Neutral
群島	Shared/Neutral
也無法	Shared/Neutral
願意聆聽	Shared/Neutral
要向	Shared/Neutral
弱智	Shared/Neutral
那麼細	Shared/Neutral
早兩日	Shared/Neutral
這個問題	Shared/Neutral
最緊要係	Shared/Neutral
流淚	Shared/Neutral
無車	Shared/Neutral
而定	Shared/Neutral
與你	Shared/Neutral
遊走	Shared/Neutral
阿斯	Shared/Neutral
離奇	Shared/Neutral
骨灰	Shared/Neutral
掌心雷	Shared/Neutral
出生地	Shared/Neutral
包抄	Shared/Neutral
就升	Shared/Neutral
纖維	Shared/Neutral
除衫	Shared/Neutral
電流	Shared/Neutral
首長	Shared/Neutral
心理上	Shared/Neutral
會自己	Shared/Neutral
有太多	Shared/Neutral
和平遊行	Shared/Neutral
不提	Shared/Neutral
大火	Shared/Neutral
洛哥	Shared/Neutral
鐵馬	Shared/Neutral
養大	Shared/Neutral
馬師	Shared/Neutral
仲係好	Shared/Neutral
特別好	Shared/Neutral
國家主席習近平	Shared/Neutral
一閃	Shared/Neutral
完工	Shared/Neutral
有異	Shared/Neutral
疏忽	Shared/Neutral
你都有	Shared/Neutral
卻在	Shared/Neutral
選到	Shared/Neutral
阿怡	Shared/Neutral
陳凱	Shared/Neutral
養狗	Shared/Neutral
兩三日	Shared/Neutral
的公司	Shared/Neutral
就一定會	Shared/Neutral
選擇性失明	Shared/Neutral
搵人	Shared/Neutral
富二代	Shared/Neutral
理得你	Shared/Neutral
之子	Shared/Neutral
後有	Shared/Neutral
得翻	Shared/Neutral
成係	Shared/Neutral
改口	Shared/Neutral
狀元	Shared/Neutral
知覺	Shared/Neutral
順暢	Shared/Neutral
又會有	Shared/Neutral
同老婆	Shared/Neutral
大家的	Shared/Neutral
撚到我	Shared/Neutral
直接關係	Shared/Neutral
不由	Shared/Neutral
九叔	Shared/Neutral
北約	Shared/Neutral
演奏	Shared/Neutral
若干	Shared/Neutral
趕客	Shared/Neutral
這種	Shared/Neutral
個電話	Shared/Neutral
國務卿	Shared/Neutral
都要等	Shared/Neutral
大清亡國關	Shared/Neutral
已婚警察宿舍	Shared/Neutral
情懷	Shared/Neutral
計返	Shared/Neutral
隻怪	Shared/Neutral
十字架	Shared/Neutral
呢個行為	Shared/Neutral
扮示威者	Shared/Neutral
接受現實	Shared/Neutral
有咩問題	Shared/Neutral
危急	Shared/Neutral
多仔	Shared/Neutral
神探	Shared/Neutral
行各	Shared/Neutral
變哂	Shared/Neutral
馬利	Shared/Neutral
無可否認	Shared/Neutral
並向	Shared/Neutral
咩樣	Shared/Neutral
寶琳	Shared/Neutral
整好	Shared/Neutral
格拉	Shared/Neutral
步步	Shared/Neutral
老強	Shared/Neutral
輕弩	Shared/Neutral
迪達	Shared/Neutral
看上去	Shared/Neutral
黑即白	Shared/Neutral
所以先	Shared/Neutral
在立法會	Shared/Neutral
場內	Shared/Neutral
市政	Shared/Neutral
末期	Shared/Neutral
當兵	Shared/Neutral
等錢	Shared/Neutral
蕭生	Shared/Neutral
踩低	Shared/Neutral
依家個	Shared/Neutral
合法化	Shared/Neutral
國兩制	Shared/Neutral
人設	Shared/Neutral
失守	Shared/Neutral
想屌	Shared/Neutral
活得	Shared/Neutral
代表作	Shared/Neutral
以為我	Shared/Neutral
手有腳	Shared/Neutral
三五	Shared/Neutral
低音	Shared/Neutral
劍法	Shared/Neutral
卻步	Shared/Neutral
可獲	Shared/Neutral
把手	Shared/Neutral
拜拜	Shared/Neutral
要錢	Shared/Neutral
重力	Shared/Neutral
我地一齊	Shared/Neutral
說三道四	Shared/Neutral
半月	Shared/Neutral
大眼	Shared/Neutral
情意	Shared/Neutral
請個	Shared/Neutral
遙遠	Shared/Neutral
鬆懈	Shared/Neutral
鬧我	Shared/Neutral
短期	Shared/Neutral
總結	Shared/Neutral
享有言論自由	Shared/Neutral
出獄	Shared/Neutral
時鐘	Shared/Neutral
跌倒	Shared/Neutral
法輪功	Shared/Neutral
聽你講	Shared/Neutral
應該話	Shared/Neutral
防疫措施	Shared/Neutral
半空	Shared/Neutral
古拉	Shared/Neutral
專線	Shared/Neutral
差價	Shared/Neutral
打吡	Shared/Neutral
氣壓	Shared/Neutral
玩夠	Shared/Neutral
細粒	Shared/Neutral
返過	Shared/Neutral
騙案	Shared/Neutral
就一齊	Shared/Neutral
最起碼	Shared/Neutral
要考慮	Shared/Neutral
返支那	Shared/Neutral
客觀事實	Shared/Neutral
指定私人屋苑	Shared/Neutral
修練	Shared/Neutral
僭建	Shared/Neutral
前設	Shared/Neutral
抵擋	Shared/Neutral
金字	Shared/Neutral
龜縮	Shared/Neutral
年齡層	Shared/Neutral
的距離	Shared/Neutral
目的是	Shared/Neutral
人海	Shared/Neutral
困局	Shared/Neutral
太早	Shared/Neutral
幼兒	Shared/Neutral
律政	Shared/Neutral
掉頭	Shared/Neutral
施展	Shared/Neutral
三十幾	Shared/Neutral
下半年	Shared/Neutral
係真心	Shared/Neutral
投泛民	Shared/Neutral
變態佬	Shared/Neutral
升技	Shared/Neutral
啞鈴	Shared/Neutral
四條	Shared/Neutral
國度	Shared/Neutral
想轉	Shared/Neutral
撚知	Shared/Neutral
說謊	Shared/Neutral
香港無	Shared/Neutral
真係完全	Shared/Neutral
走來	Shared/Neutral
係隔離	Shared/Neutral
就只係	Shared/Neutral
九州	Shared/Neutral
傷痛	Shared/Neutral
後腦	Shared/Neutral
暗黑	Shared/Neutral
沙中	Shared/Neutral
沿海	Shared/Neutral
已經同	Shared/Neutral
打撚死	Shared/Neutral
的攻擊	Shared/Neutral
不為	Shared/Neutral
中止	Shared/Neutral
嘉欣	Shared/Neutral
日服	Shared/Neutral
熱戀	Shared/Neutral
不割	Shared/Neutral
利時	Shared/Neutral
步槍	Shared/Neutral
洛克	Shared/Neutral
醫科	Shared/Neutral
隨之	Shared/Neutral
係幾時	Shared/Neutral
愛國者	Shared/Neutral
西鐵站	Shared/Neutral
事件發生	Shared/Neutral
老母老豆	Shared/Neutral
遊說集團	Shared/Neutral
一區	Shared/Neutral
定為	Shared/Neutral
推遲	Shared/Neutral
搞完	Shared/Neutral
擦鞋	Shared/Neutral
整爛	Shared/Neutral
每當	Shared/Neutral
無憂	Shared/Neutral
爾德	Shared/Neutral
幾好玩	Shared/Neutral
自然數	Shared/Neutral
住址	Shared/Neutral
外傭	Shared/Neutral
清純	Shared/Neutral
用意	Shared/Neutral
估計	Shared/Neutral
愛一個人	Shared/Neutral
一圈	Shared/Neutral
出咩	Shared/Neutral
同道	Shared/Neutral
平原	Shared/Neutral
為其	Shared/Neutral
美芬	Shared/Neutral
被我	Shared/Neutral
諗埋	Shared/Neutral
首日	Shared/Neutral
高溫	Shared/Neutral
足球	Shared/Neutral
之日	Shared/Neutral
了她	Shared/Neutral
以死	Shared/Neutral
歲就	Shared/Neutral
隻色	Shared/Neutral
突發	Shared/Neutral
係玩	Shared/Neutral
米亞	Shared/Neutral
商務部	Shared/Neutral
幫手足	Shared/Neutral
的身份	Shared/Neutral
睇到我	Shared/Neutral
讓自己	Shared/Neutral
修行	Shared/Neutral
再食	Shared/Neutral
奶到	Shared/Neutral
瘟疫	Shared/Neutral
談話	Shared/Neutral
郵政	Shared/Neutral
一點點	Shared/Neutral
原因是	Shared/Neutral
可以由	Shared/Neutral
應該真係	Shared/Neutral
北面	Shared/Neutral
即棄	Shared/Neutral
派員	Shared/Neutral
貪官	Shared/Neutral
連載	Shared/Neutral
隻牛	Shared/Neutral
對我	Shared/Neutral
愛華頓	Shared/Neutral
突擊隊	Shared/Neutral
不如直接	Shared/Neutral
老母個閪	Shared/Neutral
係被	Shared/Neutral
專頁	Shared/Neutral
新角	Shared/Neutral
因為個	Shared/Neutral
無機會	Shared/Neutral
留係度	Shared/Neutral
來來去去	Shared/Neutral
實際行動	Shared/Neutral
記者會上	Shared/Neutral
先鋒	Shared/Neutral
全大	Shared/Neutral
即管	Shared/Neutral
壓縮	Shared/Neutral
張枱	Shared/Neutral
想將	Shared/Neutral
撚度	Shared/Neutral
可以拎	Shared/Neutral
其實就係	Shared/Neutral
其中一個	Shared/Neutral
彈琴	Shared/Neutral
萬名	Shared/Neutral
十一點	Shared/Neutral
新臺幣	Shared/Neutral
無得揀	Shared/Neutral
促使	Shared/Neutral
升學	Shared/Neutral
城鎮	Shared/Neutral
定女	Shared/Neutral
得逞	Shared/Neutral
有血	Shared/Neutral
歲姓	Shared/Neutral
演化	Shared/Neutral
白雲	Shared/Neutral
耳塞	Shared/Neutral
拜登	Shared/Neutral
得好少	Shared/Neutral
無辜的	Shared/Neutral
也不知道	Shared/Neutral
以示	Shared/Neutral
對其	Shared/Neutral
產量	Shared/Neutral
金魚	Shared/Neutral
十足十	Shared/Neutral
安樂死	Shared/Neutral
成班人	Shared/Neutral
執行職務	Shared/Neutral
佈局	Shared/Neutral
堆填	Shared/Neutral
守門	Shared/Neutral
白車	Shared/Neutral
綠茶	Shared/Neutral
起馬	Shared/Neutral
係現場	Shared/Neutral
已經知道	Shared/Neutral
比人屌到	Shared/Neutral
好小	Shared/Neutral
共匪	Shared/Neutral
關你事	Shared/Neutral
民主制度	Shared/Neutral
九點	Shared/Neutral
拍完	Shared/Neutral
無女	Shared/Neutral
誤殺	Shared/Neutral
去個	Shared/Neutral
客隊	Shared/Neutral
精通	Shared/Neutral
不公義	Shared/Neutral
亦曾	Shared/Neutral
任內	Shared/Neutral
同上	Shared/Neutral
火球	Shared/Neutral
耀廷	Shared/Neutral
不是夢	Shared/Neutral
兩件事	Shared/Neutral
有無機會	Shared/Neutral
哪個	Shared/Neutral
真身	Shared/Neutral
笑你	Shared/Neutral
親情	Shared/Neutral
這次	Shared/Neutral
得太快	Shared/Neutral
甚至有	Shared/Neutral
等緊你	Shared/Neutral
零用錢	Shared/Neutral
兩份	Shared/Neutral
晚間	Shared/Neutral
曬成	Shared/Neutral
通風	Shared/Neutral
或之前	Shared/Neutral
會計師	Shared/Neutral
消失了	Shared/Neutral
都係一種	Shared/Neutral
四季	Shared/Neutral
時分	Shared/Neutral
殘害	Shared/Neutral
要成	Shared/Neutral
送埋	Shared/Neutral
公開信	Shared/Neutral
咩心態	Shared/Neutral
就係鬼	Shared/Neutral
要點做	Shared/Neutral
根本係	Shared/Neutral
支持獨裁政權	Shared/Neutral
填補	Shared/Neutral
少林	Shared/Neutral
廉署	Shared/Neutral
求醫	Shared/Neutral
班長	Shared/Neutral
香討	Shared/Neutral
你有咩	Shared/Neutral
大家姐	Shared/Neutral
學生的	Shared/Neutral
和平示威	Shared/Neutral
顛倒	Shared/Neutral
總面積	Shared/Neutral
猛烈	Shared/Neutral
祖宗	Shared/Neutral
藥膏	Shared/Neutral
行多	Shared/Neutral
說到	Shared/Neutral
都正	Shared/Neutral
每月	Shared/Neutral
坐係到	Shared/Neutral
比以前	Shared/Neutral
高好多	Shared/Neutral
各位巴絲	Shared/Neutral
上漲	Shared/Neutral
好戲	Shared/Neutral
率為	Shared/Neutral
印度人	Shared/Neutral
的所有	Shared/Neutral
殺人放火	Shared/Neutral
不做	Shared/Neutral
中最	Shared/Neutral
則指	Shared/Neutral
取勝	Shared/Neutral
彩色	Shared/Neutral
必有	Shared/Neutral
新地	Shared/Neutral
玩曬	Shared/Neutral
諗點	Shared/Neutral
買衫	Shared/Neutral
幾多	Shared/Neutral
個效果	Shared/Neutral
有講過	Shared/Neutral
自己開	Shared/Neutral
但我地	Shared/Neutral
到不得了	Shared/Neutral
優化	Shared/Neutral
救返	Shared/Neutral
看守	Shared/Neutral
自慰	Shared/Neutral
少一個	Shared/Neutral
艱難的時候	Shared/Neutral
一碟	Shared/Neutral
佳仔	Shared/Neutral
若有	Shared/Neutral
華語	Shared/Neutral
正當	Shared/Neutral
大爆炸	Shared/Neutral
少少就	Shared/Neutral
其中一種	Shared/Neutral
了好	Shared/Neutral
又搞	Shared/Neutral
微辣	Shared/Neutral
蕃茄	Shared/Neutral
今屆	Shared/Neutral
係有人	Shared/Neutral
填寫	Shared/Neutral
時為	Shared/Neutral
無買	Shared/Neutral
人民的	Shared/Neutral
反社會	Shared/Neutral
那時候	Shared/Neutral
中學畢業	Shared/Neutral
由始至終	Shared/Neutral
行人專用	Shared/Neutral
倒塌	Shared/Neutral
要分	Shared/Neutral
想講	Shared/Neutral
一年後	Shared/Neutral
反惡法	Shared/Neutral
問清楚	Shared/Neutral
的過程	Shared/Neutral
逢禮拜	Shared/Neutral
野可以	Shared/Neutral
堅持落去	Shared/Neutral
又勁	Shared/Neutral
私營	Shared/Neutral
成日用	Shared/Neutral
交比	Shared/Neutral
償還	Shared/Neutral
彈起	Shared/Neutral
敲門	Shared/Neutral
棄權	Shared/Neutral
棵樹	Shared/Neutral
看出	Shared/Neutral
蚑那	Shared/Neutral
走火入魔	Shared/Neutral
三種	Shared/Neutral
免得	Shared/Neutral
推算	Shared/Neutral
摸摸	Shared/Neutral
留港	Shared/Neutral
禮謙	Shared/Neutral
嘥時間	Shared/Neutral
年左右	Shared/Neutral
廣告商	Shared/Neutral
司法制度	Shared/Neutral
撐你	Shared/Neutral
毛毛	Shared/Neutral
游泳	Shared/Neutral
物語	Shared/Neutral
衛視	Shared/Neutral
以來的	Shared/Neutral
八點	Shared/Neutral
大和	Shared/Neutral
工返	Shared/Neutral
心智	Shared/Neutral
教宗	Shared/Neutral
血量	Shared/Neutral
又點計	Shared/Neutral
林卓廷	Shared/Neutral
侵害	Shared/Neutral
敗走	Shared/Neutral
棟樓	Shared/Neutral
細蚊	Shared/Neutral
羣島	Shared/Neutral
配偶	Shared/Neutral
係咪你	Shared/Neutral
題外話	Shared/Neutral
兩連	Shared/Neutral
再搞	Shared/Neutral
失當	Shared/Neutral
調景	Shared/Neutral
黃洋	Shared/Neutral
個月後	Shared/Neutral
呢個站	Shared/Neutral
奧巴馬	Shared/Neutral
選擇了	Shared/Neutral
心理學家	Shared/Neutral
一屆	Shared/Neutral
一雙	Shared/Neutral
係零	Shared/Neutral
得救	Shared/Neutral
麻痺	Shared/Neutral
有好感	Shared/Neutral
百分百	Shared/Neutral
尤其係	Shared/Neutral
除此之外	Shared/Neutral
攪掂	Shared/Neutral
攻防	Shared/Neutral
社民	Shared/Neutral
一連串	Shared/Neutral
到底係	Shared/Neutral
夠大	Shared/Neutral
彈劾	Shared/Neutral
愛心	Shared/Neutral
截圖	Shared/Neutral
換曬	Shared/Neutral
換血	Shared/Neutral
番轉	Shared/Neutral
直擊	Shared/Neutral
講完	Shared/Neutral
出版社	Shared/Neutral
自己講	Shared/Neutral
都因為	Shared/Neutral
可以點樣	Shared/Neutral
充實	Shared/Neutral
武將	Shared/Neutral
烈風	Shared/Neutral
野先	Shared/Neutral
多人	Shared/Neutral
柒婆	Shared/Neutral
一步步	Shared/Neutral
我聽到	Shared/Neutral
之國	Shared/Neutral
俊華	Shared/Neutral
就中	Shared/Neutral
爵士	Shared/Neutral
紳士	Shared/Neutral
逆向	Shared/Neutral
馬線	Shared/Neutral
交流下	Shared/Neutral
入大學	Shared/Neutral
同而家	Shared/Neutral
是非常	Shared/Neutral
去連儂牆貼	Shared/Neutral
之父	Shared/Neutral
停過	Shared/Neutral
握著	Shared/Neutral
派帽	Shared/Neutral
美欺	Shared/Neutral
迫搶	Shared/Neutral
選戰	Shared/Neutral
第一代	Shared/Neutral
髮型師	Shared/Neutral
尤其是	Shared/Neutral
對香港的	Shared/Neutral
緊急狀態	Shared/Neutral
兵團	Shared/Neutral
坐得	Shared/Neutral
考察	Shared/Neutral
違憲	Shared/Neutral
都好	Shared/Neutral
你地係	Shared/Neutral
好想知	Shared/Neutral
最出名	Shared/Neutral
都未出	Shared/Neutral
同共產黨	Shared/Neutral
解散警隊	Shared/Neutral
先見	Shared/Neutral
即飛	Shared/Neutral
挑選	Shared/Neutral
泳裝	Shared/Neutral
潛質	Shared/Neutral
筲箕	Shared/Neutral
篩選	Shared/Neutral
著火	Shared/Neutral
轉個	Shared/Neutral
想自己	Shared/Neutral
民主化	Shared/Neutral
立陶宛	Shared/Neutral
實彈周同學	Shared/Neutral
冬奧	Shared/Neutral
同打	Shared/Neutral
替身	Shared/Neutral
泊爾	Shared/Neutral
黃店	Shared/Neutral
龍門	Shared/Neutral
一早知	Shared/Neutral
我們也	Shared/Neutral
批判性	Shared/Neutral
老女人	Shared/Neutral
做哂	Shared/Neutral
右路	Shared/Neutral
專訊	Shared/Neutral
開拖	Shared/Neutral
青頭	Shared/Neutral
雲加	Shared/Neutral
就變成	Shared/Neutral
個女仔	Shared/Neutral
新屋嶺還眼還命被自殺實彈周同學	Shared/Neutral
冰冷	Shared/Neutral
官僚	Shared/Neutral
拼命	Shared/Neutral
你們	Shared/Neutral
低成本	Shared/Neutral
即係你	Shared/Neutral
玩手機	Shared/Neutral
係女	Shared/Neutral
果晚	Shared/Neutral
毒藥	Shared/Neutral
的美	Shared/Neutral
趕快	Shared/Neutral
有時都會	Shared/Neutral
輸打贏要	Shared/Neutral
連登日報	Shared/Neutral
強姦輪姦因姦成孕	Shared/Neutral
老夫	Shared/Neutral
要整	Shared/Neutral
避難	Shared/Neutral
都踢	Shared/Neutral
篇文章	Shared/Neutral
買股票	Shared/Neutral
不知所謂	Shared/Neutral
全面進場	Shared/Neutral
建成	Shared/Neutral
招標	Shared/Neutral
派遣	Shared/Neutral
會支持	Shared/Neutral
沒什麼	Shared/Neutral
看著我	Shared/Neutral
圍城	Shared/Neutral
急需	Shared/Neutral
果年	Shared/Neutral
裝作	Shared/Neutral
閂門	Shared/Neutral
開住	Shared/Neutral
去香港	Shared/Neutral
可以加	Shared/Neutral
同學仔	Shared/Neutral
跟住就	Shared/Neutral
人品	Shared/Neutral
人馬	Shared/Neutral
古裝	Shared/Neutral
墮海	Shared/Neutral
抵你	Shared/Neutral
摩迪	Shared/Neutral
改動	Shared/Neutral
白飯	Shared/Neutral
談及	Shared/Neutral
開拓	Shared/Neutral
倉庫	Shared/Neutral
嘈到	Shared/Neutral
噴射	Shared/Neutral
生完	Shared/Neutral
閉上	Shared/Neutral
雨量	Shared/Neutral
奧運會	Shared/Neutral
我有個	Shared/Neutral
持久戰	Shared/Neutral
地方政府	Shared/Neutral
條路	Shared/Neutral
民選政府	Shared/Neutral
不平	Shared/Neutral
尾段	Shared/Neutral
療法	Shared/Neutral
線條	Shared/Neutral
被他	Shared/Neutral
賀歲	Shared/Neutral
開朗	Shared/Neutral
日晚上	Shared/Neutral
班撚屌	Shared/Neutral
都以為	Shared/Neutral
一黨	Shared/Neutral
修羅	Shared/Neutral
四葉	Shared/Neutral
奧特	Shared/Neutral
少有	Shared/Neutral
廉政	Shared/Neutral
引誘	Shared/Neutral
撚次	Shared/Neutral
蒲崗	Shared/Neutral
讚揚	Shared/Neutral
錢先	Shared/Neutral
有些人	Shared/Neutral
食餐飯	Shared/Neutral
堅決反對	Shared/Neutral
拍卡	Shared/Neutral
醫保	Shared/Neutral
文章	Shared/Neutral
呢間野	Shared/Neutral
時光機	Shared/Neutral
點解你	Shared/Neutral
偷換概念	Shared/Neutral
黃色經濟	Shared/Neutral
布魯	Shared/Neutral
打出	Shared/Neutral
無私	Shared/Neutral
親近	Shared/Neutral
邊到	Shared/Neutral
做實事	Shared/Neutral
過兩日	Shared/Neutral
道路上	Shared/Neutral
低端人口	Shared/Neutral
關心社會	Shared/Neutral
叫醒	Shared/Neutral
好深	Shared/Neutral
客家	Shared/Neutral
收過	Shared/Neutral
迫住	Shared/Neutral
美股	Shared/Neutral
告訴你	Shared/Neutral
發現到	Shared/Neutral
開始玩	Shared/Neutral
無權享有言論自由	Shared/Neutral
中層	Shared/Neutral
已久	Shared/Neutral
污水	Shared/Neutral
紅藍	Shared/Neutral
祖雲達斯	Shared/Neutral
支持獨裁政權者	Shared/Neutral
指正	Shared/Neutral
景象	Shared/Neutral
死火	Shared/Neutral
轉職	Shared/Neutral
連住	Shared/Neutral
說什麼	Shared/Neutral
香港都	Shared/Neutral
晴天雨天	Shared/Neutral
狗也不屌	Shared/Neutral
做孝子救港	Shared/Neutral
四萬	Shared/Neutral
寫道	Shared/Neutral
有多少	Shared/Neutral
港交所	Shared/Neutral
無人性	Shared/Neutral
得來不易	Shared/Neutral
吹大	Shared/Neutral
單係	Shared/Neutral
極點	Shared/Neutral
係世界	Shared/Neutral
有超過	Shared/Neutral
都諗住	Shared/Neutral
你一起走過	Shared/Neutral
作詞	Shared/Neutral
歌舞	Shared/Neutral
港警	Shared/Neutral
生計	Shared/Neutral
發財	Shared/Neutral
馬迷	Shared/Neutral
年時間	Shared/Neutral
效力過	Shared/Neutral
享用	Shared/Neutral
出沒	Shared/Neutral
多你	Shared/Neutral
無大	Shared/Neutral
高追	Shared/Neutral
俾人呃	Shared/Neutral
比支那	Shared/Neutral
你問我答	Shared/Neutral
一概	Shared/Neutral
其事	Shared/Neutral
午夜	Shared/Neutral
山脈	Shared/Neutral
補飛	Shared/Neutral
要令	Shared/Neutral
都賺	Shared/Neutral
飲食業	Shared/Neutral
之後就	Shared/Neutral
你班撚樣	Shared/Neutral
也可	Shared/Neutral
將被	Shared/Neutral
收縮	Shared/Neutral
杯水	Shared/Neutral
燭光	Shared/Neutral
素質	Shared/Neutral
路程	Shared/Neutral
返上	Shared/Neutral
阿明	Shared/Neutral
在今年	Shared/Neutral
收音機	Shared/Neutral
行入去	Shared/Neutral
表現出	Shared/Neutral
真係好易	Shared/Neutral
發生緊咩事	Shared/Neutral
七彩	Shared/Neutral
氣密	Shared/Neutral
變為	Shared/Neutral
要樂天	Shared/Neutral
變得更	Shared/Neutral
交涉	Shared/Neutral
位就	Shared/Neutral
咪用	Shared/Neutral
太易	Shared/Neutral
月起	Shared/Neutral
露天	Shared/Neutral
馬桶	Shared/Neutral
可以俾	Shared/Neutral
感興趣	Shared/Neutral
戴眼鏡	Shared/Neutral
理解到	Shared/Neutral
威權	Shared/Neutral
按金	Shared/Neutral
過哂	Shared/Neutral
同外國	Shared/Neutral
更加係	Shared/Neutral
有效率	Shared/Neutral
班狗官	Shared/Neutral
晴天雨天要樂天	Shared/Neutral
火警	Shared/Neutral
草原	Shared/Neutral
落來	Shared/Neutral
法庭	Shared/Neutral
分別是	Shared/Neutral
好可能	Shared/Neutral
番說話	Shared/Neutral
伴你一起走過	Shared/Neutral
我們願意聆聽	Shared/Neutral
這段艱難的時候	Shared/Neutral
我們願意聆聽你的心聲	Shared/Neutral
伴你一起走過這段艱難的時候	Shared/Neutral
壞話	Shared/Neutral
滑雪	Shared/Neutral
奧斯爾	Shared/Neutral
年前的	Shared/Neutral
我當時	Shared/Neutral
的政策	Shared/Neutral
調景嶺	Shared/Neutral
貼文宣	Shared/Neutral
好似已經	Shared/Neutral
內幕	Shared/Neutral
打擾	Shared/Neutral
樓宇	Shared/Neutral
爆閘	Shared/Neutral
高山	Shared/Neutral
黑雨	Shared/Neutral
低學歷	Shared/Neutral
我想要	Shared/Neutral
第一輪	Shared/Neutral
巴士公司	Shared/Neutral
假定	Shared/Neutral
單日	Shared/Neutral
白費	Shared/Neutral
你講咩	Shared/Neutral
係學校	Shared/Neutral
亂世	Shared/Neutral
夾錢	Shared/Neutral
對望	Shared/Neutral
就信	Shared/Neutral
父權	Shared/Neutral
途經	Shared/Neutral
你知	Shared/Neutral
救手足	Shared/Neutral
即係話	Shared/Neutral
呢樣真	Shared/Neutral
只是一個	Shared/Neutral
見到自己	Shared/Neutral
佈置	Shared/Neutral
傳人	Shared/Neutral
就咩	Shared/Neutral
摩擦	Shared/Neutral
潛逃	Shared/Neutral
身體	Shared/Neutral
淨係講	Shared/Neutral
都要講	Shared/Neutral
現實生活	Shared/Neutral
了這	Shared/Neutral
就瞓	Shared/Neutral
樓面	Shared/Neutral
樓下	Shared/Neutral
原來是	Shared/Neutral
會搞到	Shared/Neutral
要知道	Shared/Neutral
講真話	Shared/Neutral
點解會有	Shared/Neutral
通用	Shared/Neutral
兩年後	Shared/Neutral
有幾撚	Shared/Neutral
自己食	Shared/Neutral
你這	Shared/Neutral
季後	Shared/Neutral
改用	Shared/Neutral
爸媽	Shared/Neutral
瘋了	Shared/Neutral
轉讓	Shared/Neutral
廣州	Shared/Neutral
發大財	Shared/Neutral
百分點	Shared/Neutral
呢單野	Shared/Neutral
珍珠奶茶	Shared/Neutral
身邊朋友	Shared/Neutral
遊行示威	Shared/Neutral
各人	Shared/Neutral
寫文	Shared/Neutral
瀑布	Shared/Neutral
特典	Shared/Neutral
簽到	Shared/Neutral
舒緩	Shared/Neutral
要幾	Shared/Neutral
你可能	Shared/Neutral
就無得	Shared/Neutral
慢慢玩	Shared/Neutral
應該幾	Shared/Neutral
或者有	Shared/Neutral
閒閒地	Shared/Neutral
平行世界	Shared/Neutral
如果你覺得	Shared/Neutral
世衛	Shared/Neutral
之用	Shared/Neutral
光線	Shared/Neutral
收穫	Shared/Neutral
豪仔	Shared/Neutral
長有	Shared/Neutral
亦都	Shared/Neutral
所以係	Shared/Neutral
攬炒巴	Shared/Neutral
回味	Shared/Neutral
天秤	Shared/Neutral
發酵	Shared/Neutral
九成九	Shared/Neutral
幾時會	Shared/Neutral
乾糧	Shared/Neutral
加乘	Shared/Neutral
對答	Shared/Neutral
從頭	Shared/Neutral
戒心	Shared/Neutral
聽我	Shared/Neutral
重注	Shared/Neutral
去處理	Shared/Neutral
是怎樣	Shared/Neutral
高質素	Shared/Neutral
多士	Shared/Neutral
就多	Shared/Neutral
朱凱	Shared/Neutral
淪落	Shared/Neutral
經貿	Shared/Neutral
伯利亞	Shared/Neutral
提大家	Shared/Neutral
總會過	Shared/Neutral
轉車站	Shared/Neutral
懷疑自己	Shared/Neutral
會好好多	Shared/Neutral
位都	Shared/Neutral
囚犯	Shared/Neutral
夢幻	Shared/Neutral
慕尼	Shared/Neutral
波鞋	Shared/Neutral
花式	Shared/Neutral
限度	Shared/Neutral
隨著	Shared/Neutral
好幸福	Shared/Neutral
頂住先	Shared/Neutral
所能	Shared/Neutral
掛勾	Shared/Neutral
殭屍	Shared/Neutral
湯底	Shared/Neutral
義氣	Shared/Neutral
次機會	Shared/Neutral
同三	Shared/Neutral
客運	Shared/Neutral
連累	Shared/Neutral
但呢個	Shared/Neutral
的選擇	Shared/Neutral
紅十字	Shared/Neutral
來電	Shared/Neutral
保命	Shared/Neutral
做下	Shared/Neutral
天龍	Shared/Neutral
樹木	Shared/Neutral
窮到	Shared/Neutral
郵輪	Shared/Neutral
霸住	Shared/Neutral
餐具	Shared/Neutral
睇番	Shared/Neutral
個口罩	Shared/Neutral
有無限	Shared/Neutral
的孩子	Shared/Neutral
今世	Shared/Neutral
公墓	Shared/Neutral
升得	Shared/Neutral
志安	Shared/Neutral
攞過	Shared/Neutral
為求	Shared/Neutral
盼望	Shared/Neutral
跑走	Shared/Neutral
轉曬	Shared/Neutral
取消	Shared/Neutral
講事實	Shared/Neutral
都有排	Shared/Neutral
羅馬帝國	Shared/Neutral
助教	Shared/Neutral
賣淫	Shared/Neutral
路易	Shared/Neutral
雙目	Shared/Neutral
夏天	Shared/Neutral
好心痛	Shared/Neutral
時間線	Shared/Neutral
上枱	Shared/Neutral
利安	Shared/Neutral
出發點	Shared/Neutral
新界東	Shared/Neutral
有香港	Shared/Neutral
看清楚	Shared/Neutral
最簡單	Shared/Neutral
淨係識	Shared/Neutral
一時三刻	Shared/Neutral
入夥	Shared/Neutral
冷笑	Shared/Neutral
好去	Shared/Neutral
敦促	Shared/Neutral
明奴	Shared/Neutral
盲點	Shared/Neutral
都幫	Shared/Neutral
佛地魔	Shared/Neutral
打一派	Shared/Neutral
投建制	Shared/Neutral
過幾年	Shared/Neutral
飛機杯	Shared/Neutral
十幾分鐘	Shared/Neutral
十場	Shared/Neutral
感嘆	Shared/Neutral
拱門	Shared/Neutral
探望	Shared/Neutral
百份	Shared/Neutral
第三方	Shared/Neutral
實際情況	Shared/Neutral
都有一個	Shared/Neutral
人少	Shared/Neutral
惡過	Shared/Neutral
老子	Shared/Neutral
行下	Shared/Neutral
行的	Shared/Neutral
岑子傑	Shared/Neutral
你男朋友	Shared/Neutral
臺詞	Shared/Neutral
跪地	Shared/Neutral
我建議	Shared/Neutral
為什麼	Shared/Neutral
外科	Shared/Neutral
果批	Shared/Neutral
瞓前	Shared/Neutral
素食	Shared/Neutral
逐一	Shared/Neutral
過時	Shared/Neutral
鈺成	Shared/Neutral
黑手	Shared/Neutral
投資	Shared/Neutral
俾中共	Shared/Neutral
原住民	Shared/Neutral
同勇武	Shared/Neutral
現代化	Shared/Neutral
話就話	Shared/Neutral
認為自己	Shared/Neutral
早死	Shared/Neutral
林作	Shared/Neutral
巴塞	Shared/Neutral
數十年	Shared/Neutral
禁區頂	Shared/Neutral
腦海中	Shared/Neutral
仲正	Shared/Neutral
外語	Shared/Neutral
普城	Shared/Neutral
贏埋	Shared/Neutral
及監禁	Shared/Neutral
幾好用	Shared/Neutral
打個和	Shared/Neutral
比人當	Shared/Neutral
都比較	Shared/Neutral
生活習慣	Shared/Neutral
八十	Shared/Neutral
在該	Shared/Neutral
翻到	Shared/Neutral
要多	Shared/Neutral
同我哋	Shared/Neutral
番大陸	Shared/Neutral
網絡安全	Shared/Neutral
由頭到尾	Shared/Neutral
何謂	Shared/Neutral
哪裏	Shared/Neutral
國藉	Shared/Neutral
如期	Shared/Neutral
屎水	Shared/Neutral
搬屋	Shared/Neutral
收哂	Shared/Neutral
十個有	Shared/Neutral
說不定	Shared/Neutral
雲落塵	Shared/Neutral
依類	Shared/Neutral
合金	Shared/Neutral
艾匡	Shared/Neutral
芒果	Shared/Neutral
醒返	Shared/Neutral
遲早	Shared/Neutral
個人意見	Shared/Neutral
出書	Shared/Neutral
可取	Shared/Neutral
格式	Shared/Neutral
樓齡	Shared/Neutral
一次性	Shared/Neutral
要人幫手	Shared/Neutral
之以	Shared/Neutral
弱特	Shared/Neutral
想追	Shared/Neutral
敵意	Shared/Neutral
構造	Shared/Neutral
野豬	Shared/Neutral
舊年	Shared/Neutral
化合物	Shared/Neutral
公眾活動	Shared/Neutral
德軍	Shared/Neutral
患上	Shared/Neutral
最小	Shared/Neutral
波叔	Shared/Neutral
而戰	Shared/Neutral
睇下	Shared/Neutral
都未	Shared/Neutral
兩三次	Shared/Neutral
咪自己	Shared/Neutral
逃生門	Shared/Neutral
都係食	Shared/Neutral
主子	Shared/Neutral
傳入	Shared/Neutral
刺身	Shared/Neutral
前路	Shared/Neutral
大升	Shared/Neutral
業權	Shared/Neutral
識你	Shared/Neutral
郵局	Shared/Neutral
靈異	Shared/Neutral
飲到	Shared/Neutral
我當然	Shared/Neutral
條問題	Shared/Neutral
講分手	Shared/Neutral
其中一位	Shared/Neutral
其實都好	Shared/Neutral
非黑即白	Shared/Neutral
斷正	Shared/Neutral
條水	Shared/Neutral
發誓	Shared/Neutral
販賣	Shared/Neutral
選情	Shared/Neutral
真係當	Shared/Neutral
迪基亞	Shared/Neutral
十年八載	Shared/Neutral
難關難過	Shared/Neutral
何處	Shared/Neutral
想試	Shared/Neutral
老馮	Shared/Neutral
配對	Shared/Neutral
高開	Shared/Neutral
你地有	Shared/Neutral
係黑警	Shared/Neutral
好好聽	Shared/Neutral
球隊的	Shared/Neutral
一死	Shared/Neutral
先上	Shared/Neutral
出品	Shared/Neutral
升溫	Shared/Neutral
含有	Shared/Neutral
復原	Shared/Neutral
時被	Shared/Neutral
發熱	Shared/Neutral
脣膏	Shared/Neutral
華拉	Shared/Neutral
關聯	Shared/Neutral
面部	Shared/Neutral
周芷若	Shared/Neutral
幾百人	Shared/Neutral
生豬肉	Shared/Neutral
留意返	Shared/Neutral
一星期	Shared/Neutral
暖氣	Shared/Neutral
馬房	Shared/Neutral
廂情願	Shared/Neutral
廢撚到	Shared/Neutral
投票支持	Shared/Neutral
萬物	Shared/Neutral
落袋	Shared/Neutral
超聯	Shared/Neutral
重來	Shared/Neutral
如果個	Shared/Neutral
目前為止	Shared/Neutral
警務處處長	Shared/Neutral
字係	Shared/Neutral
山路	Shared/Neutral
施工	Shared/Neutral
激勵	Shared/Neutral
特别	Shared/Neutral
繞過	Shared/Neutral
呢張	Shared/Neutral
成功的	Shared/Neutral
的手足	Shared/Neutral
分立	Shared/Neutral
同聲	Shared/Neutral
招待	Shared/Neutral
潤雄	Shared/Neutral
睇穿	Shared/Neutral
西鹹	Shared/Neutral
車廠	Shared/Neutral
轉黃	Shared/Neutral
北角	Shared/Neutral
地鐵	Shared/Neutral
成隊波	Shared/Neutral
的部分	Shared/Neutral
難關難過總會過	Shared/Neutral
一幅	Shared/Neutral
傾掂	Shared/Neutral
已於	Shared/Neutral
我行	Shared/Neutral
本民	Shared/Neutral
衝向	Shared/Neutral
講出口	Shared/Neutral
嘥氣	Shared/Neutral
派的	Shared/Neutral
跳出	Shared/Neutral
過咩	Shared/Neutral
公道	Shared/Neutral
投票權	Shared/Neutral
樓主你	Shared/Neutral
相比之下	Shared/Neutral
年同	Shared/Neutral
支柱	Shared/Neutral
臺仰	Shared/Neutral
係咪又	Shared/Neutral
嚴重性	Shared/Neutral
就無人	Shared/Neutral
第一名	Shared/Neutral
補習社	Shared/Neutral
星期一至五	Shared/Neutral
她也	Shared/Neutral
接住	Shared/Neutral
此次	Shared/Neutral
七七八	Shared/Neutral
可持續	Shared/Neutral
第一人	Shared/Neutral
因為自己	Shared/Neutral
很有	Shared/Neutral
曾於	Shared/Neutral
聲討	Shared/Neutral
衰人	Shared/Neutral
大家好	Shared/Neutral
生活質素	Shared/Neutral
一睇就知	Shared/Neutral
他亦	Shared/Neutral
啟示	Shared/Neutral
少陣	Shared/Neutral
成品	Shared/Neutral
硤尾	Shared/Neutral
辣殺	Shared/Neutral
鬼仔	Shared/Neutral
之後仲	Shared/Neutral
就好像	Shared/Neutral
差好多	Shared/Neutral
請不要	Shared/Neutral
邊撚個	Shared/Neutral
去考	Shared/Neutral
古龍	Shared/Neutral
屌哂	Shared/Neutral
手軟	Shared/Neutral
會揀	Shared/Neutral
幫你	Shared/Neutral
李柱銘	Shared/Neutral
王達尼	Shared/Neutral
給我們	Shared/Neutral
本身諗住	Shared/Neutral
一跳	Shared/Neutral
同白	Shared/Neutral
我認	Shared/Neutral
畀個	Shared/Neutral
結業	Shared/Neutral
計時	Shared/Neutral
醜陋	Shared/Neutral
上水	Shared/Neutral
我信	Shared/Neutral
沙中線	Shared/Neutral
巴士總站	Shared/Neutral
支持港獨	Shared/Neutral
團戰	Shared/Neutral
差餉	Shared/Neutral
帶入	Shared/Neutral
軍備	Shared/Neutral
轉投	Shared/Neutral
高下	Shared/Neutral
前日	Shared/Neutral
停下來	Shared/Neutral
在內的	Shared/Neutral
失敗者	Shared/Neutral
無其他	Shared/Neutral
站出來	Shared/Neutral
章取義	Shared/Neutral
多達	Shared/Neutral
年月	Shared/Neutral
死硬	Shared/Neutral
租車	Shared/Neutral
聘用	Shared/Neutral
要咩	Shared/Neutral
過氣	Shared/Neutral
雙十	Shared/Neutral
點擊	Shared/Neutral
美心	Shared/Neutral
一兩句	Shared/Neutral
後樓梯	Shared/Neutral
我巖巖	Shared/Neutral
第一件事	Shared/Neutral
邊個邊個	Shared/Neutral
以為自己	Shared/Neutral
借貸	Shared/Neutral
回防	Shared/Neutral
女的	Shared/Neutral
我太	Shared/Neutral
比達	Shared/Neutral
癡身	Shared/Neutral
輪候	Shared/Neutral
露宿	Shared/Neutral
韓狗	Shared/Neutral
驚慌	Shared/Neutral
每人	Shared/Neutral
一千萬	Shared/Neutral
又無人	Shared/Neutral
打下機	Shared/Neutral
政治化	Shared/Neutral
杜生	Shared/Neutral
睇野	Shared/Neutral
瞓緊	Shared/Neutral
肉眼	Shared/Neutral
西安	Shared/Neutral
要有	Shared/Neutral
上半年	Shared/Neutral
有不同	Shared/Neutral
部份人	Shared/Neutral
我同你	Shared/Neutral
大部份都係	Shared/Neutral
兼且	Shared/Neutral
完後	Shared/Neutral
戰神	Shared/Neutral
滿清	Shared/Neutral
閃避	Shared/Neutral
點出	Shared/Neutral
回來了	Shared/Neutral
自由黨	Shared/Neutral
城的	Shared/Neutral
掃地	Shared/Neutral
漂白	Shared/Neutral
無反	Shared/Neutral
老尷	Shared/Neutral
還債	Shared/Neutral
好慘	Shared/Neutral
仲有邊個	Shared/Neutral
係因為你	Shared/Neutral
機箱	Shared/Neutral
摩佬	Shared/Neutral
事發生	Shared/Neutral
依件事	Shared/Neutral
開始就	Shared/Neutral
老婆仔女	Shared/Neutral
反之	Shared/Neutral
反恐	Shared/Neutral
存活	Shared/Neutral
急忙	Shared/Neutral
破綻	Shared/Neutral
調教	Shared/Neutral
邊種	Shared/Neutral
停留係	Shared/Neutral
望住個	Shared/Neutral
都幾大	Shared/Neutral
七七八八	Shared/Neutral
個數	Shared/Neutral
多張	Shared/Neutral
天性	Shared/Neutral
惟有	Shared/Neutral
慣例	Shared/Neutral
最細	Shared/Neutral
警世	Shared/Neutral
陳詞	Shared/Neutral
麥記	Shared/Neutral
黃竹坑	Shared/Neutral
戰犯	Shared/Neutral
擺係	Shared/Neutral
班房	Shared/Neutral
痾尿	Shared/Neutral
貨仔	Shared/Neutral
過水	Shared/Neutral
醒水	Shared/Neutral
駐軍	Shared/Neutral
但應該	Shared/Neutral
俾黑警	Shared/Neutral
大公報	Shared/Neutral
反蒙面法	Shared/Neutral
名譽	Shared/Neutral
夾雜	Shared/Neutral
測驗	Shared/Neutral
第九	Shared/Neutral
級的	Shared/Neutral
終究	Shared/Neutral
詳盡	Shared/Neutral
但當	Shared/Neutral
文化	Shared/Neutral
等到	Shared/Neutral
大結局	Shared/Neutral
甚至是	Shared/Neutral
好大分別	Shared/Neutral
港人治港	Shared/Neutral
香港居民	Shared/Neutral
你份	Shared/Neutral
各式	Shared/Neutral
咪叫	Shared/Neutral
孖展	Shared/Neutral
學問	Shared/Neutral
小紅	Shared/Neutral
少許	Shared/Neutral
燥底	Shared/Neutral
蛇齋	Shared/Neutral
輪廓	Shared/Neutral
面紅	Shared/Neutral
經歷	Shared/Neutral
幫大家	Shared/Neutral
的政府	Shared/Neutral
其實依家	Shared/Neutral
多番	Shared/Neutral
預訂	Shared/Neutral
馬雲	Shared/Neutral
坐定定	Shared/Neutral
好好彩	Shared/Neutral
我都覺	Shared/Neutral
而家都	Shared/Neutral
被告的	Shared/Neutral
都係等	Shared/Neutral
係食	Shared/Neutral
兵法	Shared/Neutral
沿路	Shared/Neutral
派彩	Shared/Neutral
男團	Shared/Neutral
自給	Shared/Neutral
通漲	Shared/Neutral
關上	Shared/Neutral
男仔	Shared/Neutral
個撚個	Shared/Neutral
玩落去	Shared/Neutral
不需	Shared/Neutral
好呢	Shared/Neutral
小數	Shared/Neutral
屁馬	Shared/Neutral
禁忌	Shared/Neutral
立委	Shared/Neutral
絲毫	Shared/Neutral
落得	Shared/Neutral
麒麟	Shared/Neutral
慕尼黑	Shared/Neutral
有一堆	Shared/Neutral
眾人皆	Shared/Neutral
真真正正	Shared/Neutral
咪做	Shared/Neutral
燦爛	Shared/Neutral
聽人	Shared/Neutral
路試	Shared/Neutral
市政府	Shared/Neutral
關愛座	Shared/Neutral
大家覺得	Shared/Neutral
先塞	Shared/Neutral
博弈	Shared/Neutral
奇幻	Shared/Neutral
已向	Shared/Neutral
拆開	Shared/Neutral
用詞	Shared/Neutral
的鐵	Shared/Neutral
萬裏	Shared/Neutral
金句	Shared/Neutral
極權政府	Shared/Neutral
勾結外國勢力	Shared/Neutral
低聲	Shared/Neutral
寄託	Shared/Neutral
市場	Shared/Neutral
係代表	Shared/Neutral
午餐肉	Shared/Neutral
講香港	Shared/Neutral
使用武力	Shared/Neutral
明日大嶼	Shared/Neutral
特别行政區	Shared/Neutral
屬實	Shared/Neutral
案中	Shared/Neutral
預警	Shared/Neutral
又俾人	Shared/Neutral
小精靈	Shared/Neutral
的成員	Shared/Neutral
都偷笑	Shared/Neutral
新聞報道	Shared/Neutral
留名等睇	Shared/Neutral
偏激	Shared/Neutral
本份	Shared/Neutral
減傷	Shared/Neutral
為先	Shared/Neutral
爾蒙	Shared/Neutral
牆上	Shared/Neutral
講多	Shared/Neutral
販毒	Shared/Neutral
聯想到	Shared/Neutral
吉吉	Shared/Neutral
商臺	Shared/Neutral
燒肉	Shared/Neutral
得一隻	Shared/Neutral
既定義	Shared/Neutral
跑得快	Shared/Neutral
侵犯人權	Shared/Neutral
大家可以	Shared/Neutral
健全	Shared/Neutral
安危	Shared/Neutral
帶路	Shared/Neutral
獲準	Shared/Neutral
獵物	Shared/Neutral
講師	Shared/Neutral
遇襲	Shared/Neutral
量力	Shared/Neutral
不確定	Shared/Neutral
屌老母	Shared/Neutral
極都係	Shared/Neutral
的事件	Shared/Neutral
香港有	Shared/Neutral
他便	Shared/Neutral
借到	Shared/Neutral
把你	Shared/Neutral
明言	Shared/Neutral
漢化	Shared/Neutral
要過	Shared/Neutral
盡量	Shared/Neutral
號入座	Shared/Neutral
一兩個月	Shared/Neutral
冷水	Shared/Neutral
初時	Shared/Neutral
子裡	Shared/Neutral
得靚	Shared/Neutral
棋子	Shared/Neutral
火炭	Shared/Neutral
無傷	Shared/Neutral
累死	Shared/Neutral
跳海	Shared/Neutral
音源	Shared/Neutral
不只是	Shared/Neutral
係好人	Shared/Neutral
民意調查	Shared/Neutral
打落	Shared/Neutral
施加	Shared/Neutral
爾本	Shared/Neutral
甩皮	Shared/Neutral
致富	Shared/Neutral
就一早	Shared/Neutral
係咪代表	Shared/Neutral
好多人話	Shared/Neutral
低潮	Shared/Neutral
搞法	Shared/Neutral
查案	Shared/Neutral
諾軒	Shared/Neutral
躍進	Shared/Neutral
亦有人	Shared/Neutral
甚麼事	Shared/Neutral
的調查	Shared/Neutral
第二部	Shared/Neutral
特别行政區選舉委員會	Shared/Neutral
之明	Shared/Neutral
多圖	Shared/Neutral
諸多	Shared/Neutral
都怕	Shared/Neutral
鏡仔	Shared/Neutral
頭獎	Shared/Neutral
等於	Shared/Neutral
考慮緊	Shared/Neutral
興趣班	Shared/Neutral
社會問題	Shared/Neutral
個隊	Shared/Neutral
受人	Shared/Neutral
癡癡	Shared/Neutral
肌膚	Shared/Neutral
高波	Shared/Neutral
中美	Shared/Neutral
大本營	Shared/Neutral
中共中央	Shared/Neutral
判詞	Shared/Neutral
同仁	Shared/Neutral
正名	Shared/Neutral
注視	Shared/Neutral
逼住	Shared/Neutral
錢同	Shared/Neutral
他的	Shared/Neutral
你個仔	Shared/Neutral
催淚煙	Shared/Neutral
在這裏	Shared/Neutral
地球上	Shared/Neutral
好失望	Shared/Neutral
我哋係	Shared/Neutral
時大節	Shared/Neutral
見到人	Shared/Neutral
不分化	Shared/Neutral
應該會有	Shared/Neutral
普通朋友	Shared/Neutral
但見	Shared/Neutral
判監	Shared/Neutral
放任	Shared/Neutral
數百	Shared/Neutral
氣管	Shared/Neutral
紅官	Shared/Neutral
電光	Shared/Neutral
要睇	Shared/Neutral
好似都	Shared/Neutral
左邊個	Shared/Neutral
慢慢行	Shared/Neutral
總好過	Shared/Neutral
送上門	Shared/Neutral
但因為	Shared/Neutral
東張西望	Shared/Neutral
我獨	Shared/Neutral
改寫	Shared/Neutral
轉用	Shared/Neutral
見你	Shared/Neutral
心中的	Shared/Neutral
我們都	Shared/Neutral
社民連	Shared/Neutral
出現問題	Shared/Neutral
我都可以	Shared/Neutral
條例草案	Shared/Neutral
並肩	Shared/Neutral
例行	Shared/Neutral
教協	Shared/Neutral
特務	Shared/Neutral
識諗	Shared/Neutral
長篇	Shared/Neutral
附和	Shared/Neutral
法律	Shared/Neutral
係手足	Shared/Neutral
做主角	Shared/Neutral
劉德華	Shared/Neutral
幹什麼	Shared/Neutral
的不是	Shared/Neutral
第一眼	Shared/Neutral
各位巴打	Shared/Neutral
內衣	Shared/Neutral
前有	Shared/Neutral
宙斯	Shared/Neutral
收地	Shared/Neutral
更要	Shared/Neutral
生路	Shared/Neutral
移植	Shared/Neutral
龔燁	Shared/Neutral
大專	Shared/Neutral
今日就	Shared/Neutral
奧林匹	Shared/Neutral
的效果	Shared/Neutral
今後	Shared/Neutral
大飛	Shared/Neutral
本應	Shared/Neutral
滿洲	Shared/Neutral
藥廠	Shared/Neutral
限量	Shared/Neutral
預設	Shared/Neutral
個半鐘	Shared/Neutral
刑事罪行	Shared/Neutral
屌你老尾	Shared/Neutral
之聲	Shared/Neutral
你拎	Shared/Neutral
八方	Shared/Neutral
味精	Shared/Neutral
擺放	Shared/Neutral
的白	Shared/Neutral
一個小	Shared/Neutral
係咪同	Shared/Neutral
做例子	Shared/Neutral
公開試	Shared/Neutral
無關係	Shared/Neutral
陳茂波	Shared/Neutral
民主中國	Shared/Neutral
政務司司長	Shared/Neutral
免簽	Shared/Neutral
有齊	Shared/Neutral
某某	Shared/Neutral
概率	Shared/Neutral
議程	Shared/Neutral
一人一	Shared/Neutral
咩環境	Shared/Neutral
工作上	Shared/Neutral
偽裝	Shared/Neutral
加班	Shared/Neutral
好吧	Shared/Neutral
宗師	Shared/Neutral
早早	Shared/Neutral
標記	Shared/Neutral
跌市	Shared/Neutral
綜合	Shared/Neutral
成日要	Shared/Neutral
號截止	Shared/Neutral
鼻敏感	Shared/Neutral
不好意思	Shared/Neutral
反緊急法	Shared/Neutral
成個世界	Shared/Neutral
課金問題	Shared/Neutral
三張	Shared/Neutral
天子	Shared/Neutral
干犯	Shared/Neutral
紅日	Shared/Neutral
又未必	Shared/Neutral
覺得個	Shared/Neutral
另一邊	Shared/Neutral
先係問題	Shared/Neutral
內褲	Shared/Neutral
出爐	Shared/Neutral
捱得	Shared/Neutral
深感	Shared/Neutral
清曬	Shared/Neutral
老本	Shared/Neutral
偏偏	Shared/Neutral
好結果	Shared/Neutral
鐘意食	Shared/Neutral
尖沙咀	Shared/Neutral
分做	Shared/Neutral
外線	Shared/Neutral
新版	Shared/Neutral
項羽	Shared/Neutral
我指	Shared/Neutral
都一定要	Shared/Neutral
成為香港特别行政區選舉委員會	Shared/Neutral
山洞	Shared/Neutral
我住	Shared/Neutral
法制	Shared/Neutral
玻裏	Shared/Neutral
稱霸	Shared/Neutral
認購	Shared/Neutral
手中的	Shared/Neutral
你地自己	Shared/Neutral
以內	Shared/Neutral
又低	Shared/Neutral
咱們	Shared/Neutral
宗旨	Shared/Neutral
屋村	Shared/Neutral
悶到	Shared/Neutral
狩獵	Shared/Neutral
訓導	Shared/Neutral
原價	Shared/Neutral
冷氣機	Shared/Neutral
各行各	Shared/Neutral
開心過	Shared/Neutral
十五分鐘	Shared/Neutral
天蠍	Shared/Neutral
婚後	Shared/Neutral
探險	Shared/Neutral
自足	Shared/Neutral
跟車	Shared/Neutral
神神子	Shared/Neutral
任人	Shared/Neutral
回購	Shared/Neutral
就發	Shared/Neutral
識飛	Shared/Neutral
都炒	Shared/Neutral
昨日	Shared/Neutral
他又指	Shared/Neutral
係仆街	Shared/Neutral
搵律師	Shared/Neutral
會令人	Shared/Neutral
一定程度	Shared/Neutral
因為香港	Shared/Neutral
自由市場	Shared/Neutral
兩秒	Shared/Neutral
六成	Shared/Neutral
底板	Shared/Neutral
手信	Shared/Neutral
派到	Shared/Neutral
老頭	Shared/Neutral
變黃	Shared/Neutral
魔杖	Shared/Neutral
忘記了	Shared/Neutral
看不見	Shared/Neutral
返緊工	Shared/Neutral
希望大家可以	Shared/Neutral
又慢	Shared/Neutral
年約	Shared/Neutral
我從	Shared/Neutral
拉住	Shared/Neutral
換埋	Shared/Neutral
被你	Shared/Neutral
難怪	Shared/Neutral
打記者	Shared/Neutral
但同時	Shared/Neutral
一定人數	Shared/Neutral
放租	Shared/Neutral
野要	Shared/Neutral
全國	Shared/Neutral
水晶宮	Shared/Neutral
出師	Shared/Neutral
當代	Shared/Neutral
肉身	Shared/Neutral
聽完	Shared/Neutral
主導權	Shared/Neutral
工作量	Shared/Neutral
裝甲車	Shared/Neutral
都打到	Shared/Neutral
但之後	Shared/Neutral
黃色經濟圈	Shared/Neutral
村長	Shared/Neutral
燈位	Shared/Neutral
隔住	Shared/Neutral
在沒有	Shared/Neutral
梁君彥	Shared/Neutral
有時間	Shared/Neutral
將至	Shared/Neutral
損毀	Shared/Neutral
決議	Shared/Neutral
濕地	Shared/Neutral
而將	Shared/Neutral
自強	Shared/Neutral
踢完	Shared/Neutral
雅典	Shared/Neutral
頭場	Shared/Neutral
代言人	Shared/Neutral
係一個好	Shared/Neutral
維吾爾族	Shared/Neutral
日益	Shared/Neutral
明的	Shared/Neutral
軍閥	Shared/Neutral
半年	Shared/Neutral
太陽	Shared/Neutral
都好睇	Shared/Neutral
都會用	Shared/Neutral
我都知	Shared/Neutral
呢種感覺	Shared/Neutral
仲慘	Shared/Neutral
國腳	Shared/Neutral
從業	Shared/Neutral
無悔	Shared/Neutral
聽眾	Shared/Neutral
軍心	Shared/Neutral
隨心	Shared/Neutral
呢兩隻	Shared/Neutral
應該夠	Shared/Neutral
財政司	Shared/Neutral
非暴力	Shared/Neutral
別的	Shared/Neutral
持平	Shared/Neutral
挑剔	Shared/Neutral
讀音	Shared/Neutral
再將	Shared/Neutral
善事	Shared/Neutral
粒波	Shared/Neutral
缺少	Shared/Neutral
署方	Shared/Neutral
我怕	Shared/Neutral
好可惜	Shared/Neutral
莫雷拉	Shared/Neutral
著黑衫	Shared/Neutral
財經臺	Shared/Neutral
自己老母自己救	Shared/Neutral
使者	Shared/Neutral
完勝	Shared/Neutral
成季	Shared/Neutral
放哂	Shared/Neutral
爛曬	Shared/Neutral
紅白	Shared/Neutral
罕有	Shared/Neutral
不停	Shared/Neutral
講明	Shared/Neutral
參議員	Shared/Neutral
回應指	Shared/Neutral
照舊課	Shared/Neutral
純粹想	Shared/Neutral
公平公正	Shared/Neutral
公民抗命	Shared/Neutral
國難五金課金問題	Shared/Neutral
也曾	Shared/Neutral
全勝	Shared/Neutral
慘黨	Shared/Neutral
拋磚	Shared/Neutral
探訪	Shared/Neutral
搜捕	Shared/Neutral
水樽	Shared/Neutral
無常	Shared/Neutral
企起身	Shared/Neutral
向前行	Shared/Neutral
遮陣位	Shared/Neutral
顯示卡	Shared/Neutral
英超冠軍	Shared/Neutral
一劍	Shared/Neutral
下方	Shared/Neutral
八大	Shared/Neutral
又跌	Shared/Neutral
好味	Shared/Neutral
死靈	Shared/Neutral
係地下	Shared/Neutral
印花稅	Shared/Neutral
搵一個	Shared/Neutral
朗豪坊	Shared/Neutral
運動的	Shared/Neutral
不能接受	Shared/Neutral
好多巴打	Shared/Neutral
人形	Shared/Neutral
帶點	Shared/Neutral
我這	Shared/Neutral
接待	Shared/Neutral
未打	Shared/Neutral
班主	Shared/Neutral
聲聲	Shared/Neutral
買部	Shared/Neutral
得啖笑	Shared/Neutral
更容易	Shared/Neutral
臺灣人	Shared/Neutral
老母老豆老人家	Shared/Neutral
入你	Shared/Neutral
泡泡	Shared/Neutral
淨化	Shared/Neutral
突圍	Shared/Neutral
俾人告	Shared/Neutral
國防部	Shared/Neutral
在北京	Shared/Neutral
許智峯	Shared/Neutral
路透社	Shared/Neutral
無知一問	Shared/Neutral
中部	Shared/Neutral
歲女	Shared/Neutral
對比	Shared/Neutral
不足以	Shared/Neutral
會慢慢	Shared/Neutral
有咩做	Shared/Neutral
突如其	Shared/Neutral
淨係可以	Shared/Neutral
非常重要	Shared/Neutral
香港關係法	Shared/Neutral
俾多	Shared/Neutral
威夷	Shared/Neutral
家有	Shared/Neutral
屌醒	Shared/Neutral
我諗住	Shared/Neutral
的壓力	Shared/Neutral
做好準備	Shared/Neutral
歐洲國家	Shared/Neutral
沽空	Shared/Neutral
虛弱	Shared/Neutral
和中國	Shared/Neutral
幾鍾意	Shared/Neutral
一個中國	Shared/Neutral
有聲	Shared/Neutral
變差	Shared/Neutral
起火	Shared/Neutral
輕聲	Shared/Neutral
點行	Shared/Neutral
普巴	Shared/Neutral
屌政府	Shared/Neutral
被消失	Shared/Neutral
愛國愛港	Shared/Neutral
希望可以	Shared/Neutral
利害	Shared/Neutral
界限	Shared/Neutral
要脅	Shared/Neutral
貼身	Shared/Neutral
劉辰	Shared/Neutral
高學歷	Shared/Neutral
推銷	Shared/Neutral
損傷	Shared/Neutral
為期	Shared/Neutral
的阿	Shared/Neutral
順民	Shared/Neutral
養到	Shared/Neutral
無錢	Shared/Neutral
幾隻字	Shared/Neutral
有錢賺	Shared/Neutral
鐘意你	Shared/Neutral
一棟	Shared/Neutral
國情	Shared/Neutral
山羊	Shared/Neutral
慕容	Shared/Neutral
掂過	Shared/Neutral
禮品	Shared/Neutral
魚肉	Shared/Neutral
如有	Shared/Neutral
勇武抗爭	Shared/Neutral
各位手足	Shared/Neutral
如果你有	Shared/Neutral
所以其實	Shared/Neutral
係香港親中派	Shared/Neutral
先喇	Shared/Neutral
專題	Shared/Neutral
店長	Shared/Neutral
影人	Shared/Neutral
開咩	Shared/Neutral
呢類人	Shared/Neutral
蛇齋餅	Shared/Neutral
這些人	Shared/Neutral
克里	Shared/Neutral
搵位	Shared/Neutral
果排	Shared/Neutral
破裂	Shared/Neutral
穿了	Shared/Neutral
野想	Shared/Neutral
技術	Shared/Neutral
幫你地	Shared/Neutral
楊嶽橋	Shared/Neutral
的規定	Shared/Neutral
一間公司	Shared/Neutral
同食	Shared/Neutral
在天	Shared/Neutral
抽出	Shared/Neutral
脖子	Shared/Neutral
但仍然	Shared/Neutral
我心諗	Shared/Neutral
高人一等	Shared/Neutral
促成	Shared/Neutral
劣勢	Shared/Neutral
警權	Shared/Neutral
青天	Shared/Neutral
女性朋友	Shared/Neutral
再等	Shared/Neutral
太撚	Shared/Neutral
孕婦	Shared/Neutral
書展	Shared/Neutral
西邊	Shared/Neutral
解到	Shared/Neutral
資歷	Shared/Neutral
銷毀	Shared/Neutral
高估	Shared/Neutral
我只	Shared/Neutral
呢條女	Shared/Neutral
有得賣	Shared/Neutral
馬鞍山	Shared/Neutral
自我審查	Shared/Neutral
就成	Shared/Neutral
恩怨	Shared/Neutral
消磨	Shared/Neutral
畀曬	Shared/Neutral
醜樣	Shared/Neutral
雖然有	Shared/Neutral
放棄自己	Shared/Neutral
現已	Shared/Neutral
總值	Shared/Neutral
變性	Shared/Neutral
係咩	Shared/Neutral
都係雞	Shared/Neutral
即係你	Shared/Neutral
已經完全	Shared/Neutral
是但一個	Shared/Neutral
爸爸媽媽	Shared/Neutral
呢個就係	Shared/Neutral
一搏	Shared/Neutral
人均	Shared/Neutral
攞獎	Shared/Neutral
旗艦	Shared/Neutral
每秒	Shared/Neutral
特攻	Shared/Neutral
見諒	Shared/Neutral
哥狗	Shared/Neutral
大戶	Shared/Neutral
之前的	Shared/Neutral
個老豆	Shared/Neutral
班細路	Shared/Neutral
淨係識得	Shared/Neutral
都有責任	Shared/Neutral
保加	Shared/Neutral
芭蕾	Shared/Neutral
賓奴	Shared/Neutral
同一日	Shared/Neutral
小時後	Shared/Neutral
每個人都	Shared/Neutral
伸縮	Shared/Neutral
供完	Shared/Neutral
十世	Shared/Neutral
對個	Shared/Neutral
放送	Shared/Neutral
早過	Shared/Neutral
癡漢	Shared/Neutral
短視	Shared/Neutral
打算	Shared/Neutral
係國際	Shared/Neutral
皆老街	Shared/Neutral
不著	Shared/Neutral
假裝	Shared/Neutral
有寫	Shared/Neutral
歷程	Shared/Neutral
係合理	Shared/Neutral
反效果	Shared/Neutral
政治犯	Shared/Neutral
的程度	Shared/Neutral
筲箕灣	Shared/Neutral
三連	Shared/Neutral
來臺	Shared/Neutral
意向	Shared/Neutral
炎王	Shared/Neutral
病死	Shared/Neutral
預定	Shared/Neutral
一瞬間	Shared/Neutral
刷首抽	Shared/Neutral
區諾軒	Shared/Neutral
肯撚定	Shared/Neutral
二期	Shared/Neutral
咪講	Shared/Neutral
基爾	Shared/Neutral
多的	Shared/Neutral
實係	Shared/Neutral
寶馬	Shared/Neutral
睇樓	Shared/Neutral
自療	Shared/Neutral
迪亞	Shared/Neutral
暴跌	Shared/Neutral
羅素	Shared/Neutral
贏國	Shared/Neutral
躲在	Shared/Neutral
選拔	Shared/Neutral
之後都	Shared/Neutral
大和解	Shared/Neutral
回復正常	Shared/Neutral
件野	Shared/Neutral
其身	Shared/Neutral
地域	Shared/Neutral
基斯	Shared/Neutral
小貓	Shared/Neutral
我啊	Shared/Neutral
自焚	Shared/Neutral
轉發	Shared/Neutral
鍵戰	Shared/Neutral
醫院	Shared/Neutral
單車隊	Shared/Neutral
拍緊拖	Shared/Neutral
白卡佬	Shared/Neutral
剪接	Shared/Neutral
歸來	Shared/Neutral
你個樣	Shared/Neutral
剩係得	Shared/Neutral
外交官	Shared/Neutral
消息稱	Shared/Neutral
便器	Shared/Neutral
冤枉	Shared/Neutral
升跌	Shared/Neutral
和她	Shared/Neutral
和好	Shared/Neutral
師弟	Shared/Neutral
頭都	Shared/Neutral
就會話	Shared/Neutral
有無用	Shared/Neutral
我男朋友	Shared/Neutral
都無辦法	Shared/Neutral
升起	Shared/Neutral
同過	Shared/Neutral
同陳	Shared/Neutral
小雪	Shared/Neutral
次要	Shared/Neutral
難搞	Shared/Neutral
個都係	Shared/Neutral
寫得好	Shared/Neutral
中信	Shared/Neutral
二哥	Shared/Neutral
啡色	Shared/Neutral
權鬥	Shared/Neutral
班死	Shared/Neutral
賭馬	Shared/Neutral
食飯	Shared/Neutral
生打死	Shared/Neutral
針對性	Shared/Neutral
做任何事	Shared/Neutral
自欺欺人	Shared/Neutral
子瑜	Shared/Neutral
港督	Shared/Neutral
溫室	Shared/Neutral
火熱	Shared/Neutral
男女	Shared/Neutral
我呢個	Shared/Neutral
能力值	Shared/Neutral
自己用	Shared/Neutral
呼籲市民	Shared/Neutral
重新開始	Shared/Neutral
大義	Shared/Neutral
就把	Shared/Neutral
戴帽	Shared/Neutral
攞錢	Shared/Neutral
派貨	Shared/Neutral
爭拗	Shared/Neutral
的工具	Shared/Neutral
一派打一派	Shared/Neutral
下游	Shared/Neutral
係驚	Shared/Neutral
地把	Shared/Neutral
成名	Shared/Neutral
曼迷	Shared/Neutral
滅火	Shared/Neutral
空洞	Shared/Neutral
講幾句	Shared/Neutral
黨鐵站	Shared/Neutral
大家一齊	Shared/Neutral
上傳	Shared/Neutral
力學	Shared/Neutral
多位	Shared/Neutral
抗暴	Shared/Neutral
就玩完	Shared/Neutral
懶醒	Shared/Neutral
版圖	Shared/Neutral
行蹤	Shared/Neutral
返哂	Shared/Neutral
開戶	Shared/Neutral
驗屍	Shared/Neutral
玩到	Shared/Neutral
和香港	Shared/Neutral
容祖兒	Shared/Neutral
暫時未	Shared/Neutral
簡單的	Shared/Neutral
小隊行動	Shared/Neutral
上船	Shared/Neutral
肥普	Shared/Neutral
要識	Shared/Neutral
賤男	Shared/Neutral
追夢	Shared/Neutral
入去	Shared/Neutral
係其他	Shared/Neutral
自己國家	Shared/Neutral
社會服務令	Shared/Neutral
你太	Shared/Neutral
咪買	Shared/Neutral
四點	Shared/Neutral
局方	Shared/Neutral
拉特	Shared/Neutral
總額	Shared/Neutral
羅馬	Shared/Neutral
去改變	Shared/Neutral
的一些	Shared/Neutral
等問題	Shared/Neutral
嚴重影響	Shared/Neutral
行動升級	Shared/Neutral
出緊	Shared/Neutral
對焦	Shared/Neutral
義和	Shared/Neutral
要個	Shared/Neutral
追逐	Shared/Neutral
雷霆	Shared/Neutral
曾蔭權	Shared/Neutral
極少數	Shared/Neutral
出街食飯	Shared/Neutral
都覺得自己	Shared/Neutral
估算	Shared/Neutral
刀劍	Shared/Neutral
四隻	Shared/Neutral
完你	Shared/Neutral
榜樣	Shared/Neutral
聖女	Shared/Neutral
超多	Shared/Neutral
眼見	Shared/Neutral
一路睇	Shared/Neutral
個標題	Shared/Neutral
感覺好	Shared/Neutral
比人屈	Shared/Neutral
深一層	Shared/Neutral
練習生	Shared/Neutral
取捨	Shared/Neutral
槍口	Shared/Neutral
死物	Shared/Neutral
睇見	Shared/Neutral
句說話	Shared/Neutral
有價值	Shared/Neutral
發現了	Shared/Neutral
六口彌生	Shared/Neutral
國會議員	Shared/Neutral
四成	Shared/Neutral
有笑	Shared/Neutral
查證	Shared/Neutral
筆試	Shared/Neutral
被拒	Shared/Neutral
說要	Shared/Neutral
自然	Shared/Neutral
同一間	Shared/Neutral
好需要	Shared/Neutral
呢句說話	Shared/Neutral
我仲以為	Shared/Neutral
政治冷感	Shared/Neutral
係前	Shared/Neutral
木村	Shared/Neutral
罪大	Shared/Neutral
轉軚	Shared/Neutral
開價	Shared/Neutral
先搵到	Shared/Neutral
啪啪聲	Shared/Neutral
職業生涯	Shared/Neutral
天滅	Shared/Neutral
河流	Shared/Neutral
週目	Shared/Neutral
心水清	Shared/Neutral
教職員	Shared/Neutral
更好的	Shared/Neutral
社交網站	Shared/Neutral
冷嘲	Shared/Neutral
售票	Shared/Neutral
報狗	Shared/Neutral
斯洛	Shared/Neutral
流料	Shared/Neutral
着數	Shared/Neutral
都反	Shared/Neutral
同人地	Shared/Neutral
就會好	Shared/Neutral
白頭佬	Shared/Neutral
科技股	Shared/Neutral
諗自己	Shared/Neutral
今日係	Shared/Neutral
兩三個月	Shared/Neutral
塔羅	Shared/Neutral
黃絲	Shared/Neutral
全方位	Shared/Neutral
最好係	Shared/Neutral
謝謝你	Shared/Neutral
一遍	Shared/Neutral
中了	Shared/Neutral
其妙	Shared/Neutral
嘔吐	Shared/Neutral
地段	Shared/Neutral
廿歲	Shared/Neutral
摸耳	Shared/Neutral
貼錢	Shared/Neutral
走在	Shared/Neutral
道友	Shared/Neutral
首位	Shared/Neutral
放棄了	Shared/Neutral
返返去	Shared/Neutral
西伯利亞	Shared/Neutral
代謝	Shared/Neutral
洋蔥	Shared/Neutral
目前的	Shared/Neutral
睇多次	Shared/Neutral
金字塔	Shared/Neutral
利物浦	Shared/Neutral
臺狗	Shared/Neutral
苦惱	Shared/Neutral
落過	Shared/Neutral
西門	Shared/Neutral
我打	Shared/Neutral
已經在	Shared/Neutral
鐘意睇	Shared/Neutral
南冉	Shared/Neutral
多月	Shared/Neutral
夠你	Shared/Neutral
朝偉	Shared/Neutral
東山	Shared/Neutral
絕種	Shared/Neutral
議長	Shared/Neutral
貪平	Shared/Neutral
貼士	Shared/Neutral
都聽	Shared/Neutral
隻大	Shared/Neutral
多倫多	Shared/Neutral
韓民國	Shared/Neutral
各樣	Shared/Neutral
濃度	Shared/Neutral
讀咩	Shared/Neutral
道別	Shared/Neutral
頂上	Shared/Neutral
幫政府	Shared/Neutral
得不到	Shared/Neutral
有良心	Shared/Neutral
安息	Shared/Neutral
水深	Shared/Neutral
淡水	Shared/Neutral
開庭	Shared/Neutral
俾狗咬	Shared/Neutral
同一隻	Shared/Neutral
就係到	Shared/Neutral
親都係	Shared/Neutral
就覺得好	Shared/Neutral
比想像中	Shared/Neutral
原告	Shared/Neutral
執勤	Shared/Neutral
好早	Shared/Neutral
慰問	Shared/Neutral
搶口	Shared/Neutral
擴闊	Shared/Neutral
短途	Shared/Neutral
逝世	Shared/Neutral
遇著	Shared/Neutral
默許	Shared/Neutral
董事會	Shared/Neutral
食環署	Shared/Neutral
同級	Shared/Neutral
互助舍	Shared/Neutral
曾經係	Shared/Neutral
一族	Shared/Neutral
三天	Shared/Neutral
人質	Shared/Neutral
保濕	Shared/Neutral
得手	Shared/Neutral
此人	Shared/Neutral
說罷	Shared/Neutral
中西區	Shared/Neutral
資料顯示	Shared/Neutral
交手	Shared/Neutral
勵志	Shared/Neutral
品蔥	Shared/Neutral
歲數	Shared/Neutral
氣力	Shared/Neutral
而他	Shared/Neutral
薄弱	Shared/Neutral
負重	Shared/Neutral
驗腦	Shared/Neutral
黑影	Shared/Neutral
地中海	Shared/Neutral
就是這樣	Shared/Neutral
假的	Shared/Neutral
儲夠	Shared/Neutral
年資	Shared/Neutral
渣住	Shared/Neutral
著頭	Shared/Neutral
露面	Shared/Neutral
風力	Shared/Neutral
還有一	Shared/Neutral
俊宇	Shared/Neutral
悔改	Shared/Neutral
武神	Shared/Neutral
衝刺	Shared/Neutral
計法	Shared/Neutral
公仔麵	Shared/Neutral
同埋有	Shared/Neutral
大隻佬	Shared/Neutral
沒事兒	Shared/Neutral
開一個	Shared/Neutral
有少少	Shared/Neutral
負面影響	Shared/Neutral
存亡	Shared/Neutral
教路	Shared/Neutral
未過	Shared/Neutral
眼界	Shared/Neutral
十年	Shared/Neutral
市民對	Shared/Neutral
強烈的	Shared/Neutral
偉豪	Shared/Neutral
基拉	Shared/Neutral
好西	Shared/Neutral
帶起	Shared/Neutral
無路	Shared/Neutral
道的	Shared/Neutral
陪葬	Shared/Neutral
喜歡的	Shared/Neutral
亦被	Shared/Neutral
均有	Shared/Neutral
執屎	Shared/Neutral
強風	Shared/Neutral
不完美	Shared/Neutral
中世紀	Shared/Neutral
劉細良	Shared/Neutral
有人問	Shared/Neutral
全力支持	Shared/Neutral
得好緊要	Shared/Neutral
不忍	Shared/Neutral
了事	Shared/Neutral
奪權	Shared/Neutral
換完	Shared/Neutral
用火	Shared/Neutral
胸前	Shared/Neutral
衰在	Shared/Neutral
乒乓波	Shared/Neutral
守護香港	Shared/Neutral
並論	Shared/Neutral
可惡	Shared/Neutral
快期	Shared/Neutral
曼谷	Shared/Neutral
未睇	Shared/Neutral
果區	Shared/Neutral
都跟	Shared/Neutral
阻差	Shared/Neutral
實在是	Shared/Neutral
無需要	Shared/Neutral
補地價	Shared/Neutral
再跌	Shared/Neutral
吸取	Shared/Neutral
長年	Shared/Neutral
正正	Shared/Neutral
個幾月	Shared/Neutral
妹妹仔	Shared/Neutral
歸屬感	Shared/Neutral
日本仔	Shared/Neutral
就會開始	Shared/Neutral
東方龍獅	Shared/Neutral
班連登仔	Shared/Neutral
行政命令	Shared/Neutral
一朝	Shared/Neutral
得著	Shared/Neutral
推向	Shared/Neutral
祭旗	Shared/Neutral
點贏	Shared/Neutral
音樂	Shared/Neutral
出來了	Shared/Neutral
姓男子	Shared/Neutral
比你聽	Shared/Neutral
要清醒	Shared/Neutral
點可能	Shared/Neutral
我剩係	Shared/Neutral
一生一世	Shared/Neutral
係無可能	Shared/Neutral
可以參考	Shared/Neutral
心理壓力	Shared/Neutral
應該好快	Shared/Neutral
橡膠子彈	Shared/Neutral
萬人上街	Shared/Neutral
足球代表隊	Shared/Neutral
行政長官選舉	Shared/Neutral
以我	Shared/Neutral
學徒	Shared/Neutral
定輸	Shared/Neutral
建構	Shared/Neutral
得差	Shared/Neutral
怕羞	Shared/Neutral
滅聲	Shared/Neutral
演戲	Shared/Neutral
雙魚	Shared/Neutral
高階	Shared/Neutral
但大家	Shared/Neutral
兩兄弟	Shared/Neutral
好大聲	Shared/Neutral
自治區	Shared/Neutral
你條撚樣	Shared/Neutral
係有問題	Shared/Neutral
手提電話	Shared/Neutral
傾嚇	Shared/Neutral
兼顧	Shared/Neutral
大開	Shared/Neutral
有天	Shared/Neutral
潛入	Shared/Neutral
百蚊	Shared/Neutral
的門	Shared/Neutral
腦部	Shared/Neutral
處男	Shared/Neutral
尼泊爾	Shared/Neutral
但實際上	Shared/Neutral
討論空間	Shared/Neutral
但求	Shared/Neutral
叫好	Shared/Neutral
場次	Shared/Neutral
狼狽	Shared/Neutral
阿文	Shared/Neutral
就完全	Shared/Neutral
幾百個	Shared/Neutral
想而知	Shared/Neutral
要去到	Shared/Neutral
金鐘道	Shared/Neutral
教育局	Shared/Neutral
彈出彈入	Shared/Neutral
先玩	Shared/Neutral
兩蚊	Shared/Neutral
別墅	Shared/Neutral
天黑	Shared/Neutral
牆身	Shared/Neutral
號仔	Shared/Neutral
製品	Shared/Neutral
靚正	Shared/Neutral
史上最	Shared/Neutral
懲教署	Shared/Neutral
私人市場	Shared/Neutral
第三世界	Shared/Neutral
香港人會	Shared/Neutral
世澤	Shared/Neutral
仲易	Shared/Neutral
叫得	Shared/Neutral
國威	Shared/Neutral
國立	Shared/Neutral
大馬	Shared/Neutral
或有	Shared/Neutral
殺埋	Shared/Neutral
皇宮	Shared/Neutral
認命	Shared/Neutral
鼻屎	Shared/Neutral
遇到	Shared/Neutral
深度分析	Shared/Neutral
前晚	Shared/Neutral
審計	Shared/Neutral
本週	Shared/Neutral
條尾	Shared/Neutral
矛頭	Shared/Neutral
都整	Shared/Neutral
傳統	Shared/Neutral
窮人	Shared/Neutral
成功感	Shared/Neutral
要保持	Shared/Neutral
黃碧雲	Shared/Neutral
如果用	Shared/Neutral
不捨	Shared/Neutral
亞歷	Shared/Neutral
口腔	Shared/Neutral
改圖	Shared/Neutral
納指	Shared/Neutral
老手	Shared/Neutral
雲迪	Shared/Neutral
多蒙特	Shared/Neutral
熱身賽	Shared/Neutral
的案件	Shared/Neutral
第二輪	Shared/Neutral
購買力	Shared/Neutral
劇組	Shared/Neutral
合署	Shared/Neutral
宜加	Shared/Neutral
方方	Shared/Neutral
燈到	Shared/Neutral
財力	Shared/Neutral
阿布	Shared/Neutral
不過都	Shared/Neutral
今鋪	Shared/Neutral
斷續	Shared/Neutral
都笑	Shared/Neutral
體操	Shared/Neutral
疫情	Shared/Neutral
並要求	Shared/Neutral
最中意	Shared/Neutral
好記得	Shared/Neutral
企到	Shared/Neutral
啊你	Shared/Neutral
更差	Shared/Neutral
處置	Shared/Neutral
行頭	Shared/Neutral
你再	Shared/Neutral
中國家	Shared/Neutral
另一間	Shared/Neutral
之大	Shared/Neutral
個小	Shared/Neutral
天星	Shared/Neutral
就推	Shared/Neutral
時指	Shared/Neutral
調頭	Shared/Neutral
我睇到	Shared/Neutral
真係好少	Shared/Neutral
廁格	Shared/Neutral
活係	Shared/Neutral
清華	Shared/Neutral
翔道	Shared/Neutral
跑動	Shared/Neutral
一陣線	Shared/Neutral
個活動	Shared/Neutral
做什麼	Shared/Neutral
堆填區	Shared/Neutral
就不會	Shared/Neutral
沙中綫	Shared/Neutral
空手道	Shared/Neutral
許多人	Shared/Neutral
都已經係	Shared/Neutral
又問	Shared/Neutral
回過	Shared/Neutral
安倍	Shared/Neutral
無咩	Shared/Neutral
一千蚊	Shared/Neutral
係大家	Shared/Neutral
所以會	Shared/Neutral
有人要	Shared/Neutral
班主任	Shared/Neutral
男同事	Shared/Neutral
熱血公民	Shared/Neutral
梳士巴利花園	Shared/Neutral
之士	Shared/Neutral
係買	Shared/Neutral
偉雄	Shared/Neutral
姓氏	Shared/Neutral
攞埋	Shared/Neutral
火勢	Shared/Neutral
球賽	Shared/Neutral
生殖	Shared/Neutral
白貓	Shared/Neutral
逍遙	Shared/Neutral
學生哥	Shared/Neutral
比美國	Shared/Neutral
無得比	Shared/Neutral
贊助商	Shared/Neutral
達成協議	Shared/Neutral
來人	Shared/Neutral
又爆	Shared/Neutral
含量	Shared/Neutral
幾人	Shared/Neutral
眨眼	Shared/Neutral
費時	Shared/Neutral
錢都	Shared/Neutral
球員	Shared/Neutral
防守	Shared/Neutral
用一個	Shared/Neutral
不來	Shared/Neutral
少於	Shared/Neutral
影低	Shared/Neutral
清新	Shared/Neutral
衝到	Shared/Neutral
請我	Shared/Neutral
係絕對	Shared/Neutral
搞革命	Shared/Neutral
正常的	Shared/Neutral
我係你	Shared/Neutral
強攻	Shared/Neutral
應急	Shared/Neutral
擊退	Shared/Neutral
睇小	Shared/Neutral
陰濕	Shared/Neutral
救世主	Shared/Neutral
粵港澳	Shared/Neutral
八國聯軍	Shared/Neutral
批判性思考	Shared/Neutral
投身	Shared/Neutral
警戒	Shared/Neutral
變了	Shared/Neutral
跳起	Shared/Neutral
達致	Shared/Neutral
橫掂	Shared/Neutral
正確的	Shared/Neutral
演算法	Shared/Neutral
真係好靚	Shared/Neutral
香港人加油	Shared/Neutral
一席	Shared/Neutral
成間	Shared/Neutral
我卻	Shared/Neutral
我媽	Shared/Neutral
文傑	Shared/Neutral
會爆	Shared/Neutral
民聯	Shared/Neutral
老大	Shared/Neutral
見智	Shared/Neutral
都會	Shared/Neutral
以上的	Shared/Neutral
契媽的	Shared/Neutral
與此同時	Shared/Neutral
一整	Shared/Neutral
不自	Shared/Neutral
嚇人	Shared/Neutral
幻幻	Shared/Neutral
拉扯	Shared/Neutral
煲劇	Shared/Neutral
相連	Shared/Neutral
衰咩	Shared/Neutral
驅使	Shared/Neutral
一班	Shared/Neutral
個地方	Shared/Neutral
呢家野	Shared/Neutral
我好想	Shared/Neutral
凱撒	Shared/Neutral
屎坑	Shared/Neutral
惡毒	Shared/Neutral
振興	Shared/Neutral
會加	Shared/Neutral
粉碎	Shared/Neutral
可有可	Shared/Neutral
怎麼了	Shared/Neutral
落地下	Shared/Neutral
這是一個	Shared/Neutral
乾脆	Shared/Neutral
去同	Shared/Neutral
辱華	Shared/Neutral
在日本	Shared/Neutral
大可以	Shared/Neutral
有理由	Shared/Neutral
教育制度	Shared/Neutral
比賽時間	Shared/Neutral
倘若	Shared/Neutral
售賣	Shared/Neutral
巨響	Shared/Neutral
我了	Shared/Neutral
有張	Shared/Neutral
查理	Shared/Neutral
洗牌	Shared/Neutral
無言	Shared/Neutral
站係	Shared/Neutral
而要	Shared/Neutral
連日	Shared/Neutral
阿俊	Shared/Neutral
少少	Shared/Neutral
祝你	Shared/Neutral
會導致	Shared/Neutral
國民政府	Shared/Neutral
香港人都	Shared/Neutral
人玩	Shared/Neutral
卑微	Shared/Neutral
她指	Shared/Neutral
學埋	Shared/Neutral
狗糧	Shared/Neutral
雨水	Shared/Neutral
靈氣	Shared/Neutral
交學費	Shared/Neutral
份人工	Shared/Neutral
即使是	Shared/Neutral
大概是	Shared/Neutral
存在的	Shared/Neutral
每小時	Shared/Neutral
貴少少	Shared/Neutral
醫生紙	Shared/Neutral
全國政協	Shared/Neutral
過多幾年	Shared/Neutral
保重	Shared/Neutral
加利	Shared/Neutral
才子	Shared/Neutral
掃把	Shared/Neutral
特技	Shared/Neutral
阿公	Shared/Neutral
產生的	Shared/Neutral
只可以講	Shared/Neutral
由一開始	Shared/Neutral
亦已	Shared/Neutral
再由	Shared/Neutral
臺南	Shared/Neutral
行錯	Shared/Neutral
釐米	Shared/Neutral
關連	Shared/Neutral
上一頁	Shared/Neutral
四個字	Shared/Neutral
條底褲	Shared/Neutral
並用	Shared/Neutral
個靚	Shared/Neutral
卡比	Shared/Neutral
換機	Shared/Neutral
的陳	Shared/Neutral
純屬	Shared/Neutral
肚明	Shared/Neutral
非凡	Shared/Neutral
到美國	Shared/Neutral
愛國愛黨	Shared/Neutral
社會垃圾	Shared/Neutral
好多人都係	Shared/Neutral
例牌	Shared/Neutral
國力	Shared/Neutral
桌子	Shared/Neutral
爾達	Shared/Neutral
真名	Shared/Neutral
罷市	Shared/Neutral
行埋	Shared/Neutral
銀優	Shared/Neutral
好撚型	Shared/Neutral
今午	Shared/Neutral
先俾	Shared/Neutral
強求	Shared/Neutral
東岸	Shared/Neutral
生成	Shared/Neutral
雪山	Shared/Neutral
鼓舞	Shared/Neutral
龍王	Shared/Neutral
傻閪	Shared/Neutral
你班人	Shared/Neutral
日開始	Shared/Neutral
最前線	Shared/Neutral
有進步	Shared/Neutral
進化到	Shared/Neutral
兩把	Shared/Neutral
動靜	Shared/Neutral
嚇死	Shared/Neutral
應酬	Shared/Neutral
掛在	Shared/Neutral
滿了	Shared/Neutral
稱讚	Shared/Neutral
飲過	Shared/Neutral
華為	Shared/Neutral
不接受	Shared/Neutral
無需理由	Shared/Neutral
教過	Shared/Neutral
林夕	Shared/Neutral
直插	Shared/Neutral
續審	Shared/Neutral
騎馬	Shared/Neutral
驅趕	Shared/Neutral
鯊魚	Shared/Neutral
麗絲	Shared/Neutral
令到我	Shared/Neutral
的警員	Shared/Neutral
自己玩	Shared/Neutral
不過係	Shared/Neutral
上方	Shared/Neutral
不改	Shared/Neutral
人或	Shared/Neutral
前身	Shared/Neutral
又開	Shared/Neutral
啟蒙	Shared/Neutral
年由	Shared/Neutral
放完	Shared/Neutral
書寫	Shared/Neutral
歸納	Shared/Neutral
深潛	Shared/Neutral
熱諷	Shared/Neutral
接著	Shared/Neutral
呢半年	Shared/Neutral
如果是	Shared/Neutral
對我們	Shared/Neutral
的球隊	Shared/Neutral
起碼都	Shared/Neutral
都話要	Shared/Neutral
樓主係咪	Shared/Neutral
快到	Shared/Neutral
有單	Shared/Neutral
養成	Shared/Neutral
呢段	Shared/Neutral
實用面積	Shared/Neutral
套衫	Shared/Neutral
把關	Shared/Neutral
掌權	Shared/Neutral
曬班	Shared/Neutral
片中	Shared/Neutral
高人	Shared/Neutral
個幾鐘	Shared/Neutral
我建議	Shared/Neutral
間公屋	Shared/Neutral
先入為主	Shared/Neutral
另外一個	Shared/Neutral
突擊小隊	Shared/Neutral
個死	Shared/Neutral
埋堆	Shared/Neutral
學期	Shared/Neutral
復發	Shared/Neutral
水份	Shared/Neutral
令到你	Shared/Neutral
好想睇	Shared/Neutral
最重要的	Shared/Neutral
個排	Shared/Neutral
優勝	Shared/Neutral
峯會	Shared/Neutral
文迪	Shared/Neutral
紅光	Shared/Neutral
號綫	Shared/Neutral
鬥志	Shared/Neutral
我在	Shared/Neutral
之後要	Shared/Neutral
同你傾	Shared/Neutral
周圍去	Shared/Neutral
講得巖	Shared/Neutral
關稅區	Shared/Neutral
國際關係	Shared/Neutral
香港時間	Shared/Neutral
任性	Shared/Neutral
對港	Shared/Neutral
帝制	Shared/Neutral
捕捉	Shared/Neutral
照做	Shared/Neutral
當家	Shared/Neutral
約我	Shared/Neutral
貼住	Shared/Neutral
去過	Shared/Neutral
火車頭	Shared/Neutral
都未必有	Shared/Neutral
名聲	Shared/Neutral
添美	Shared/Neutral
祝賀	Shared/Neutral
一萬蚊	Shared/Neutral
無數次	Shared/Neutral
發揮到	Shared/Neutral
第一次睇	Shared/Neutral
帳面	Shared/Neutral
攻陷	Shared/Neutral
罪狀	Shared/Neutral
脫貧	Shared/Neutral
一到	Shared/Neutral
就在	Shared/Neutral
在未來	Shared/Neutral
如果用	Shared/Neutral
體育會	Shared/Neutral
無需證據	Shared/Neutral
三歲	Shared/Neutral
榴彈	Shared/Neutral
歸咎	Shared/Neutral
萬五	Shared/Neutral
迎戰	Shared/Neutral
愛情	Shared/Neutral
代表性	Shared/Neutral
個月內	Shared/Neutral
影大頭	Shared/Neutral
所說的	Shared/Neutral
非建制	Shared/Neutral
政府總部	Shared/Neutral
佛山	Shared/Neutral
全屋	Shared/Neutral
吉祥	Shared/Neutral
向住	Shared/Neutral
夜市	Shared/Neutral
戇尻	Shared/Neutral
抽得	Shared/Neutral
收山	Shared/Neutral
野獸	Shared/Neutral
雞雞	Shared/Neutral
升上去	Shared/Neutral
呢兩日	Shared/Neutral
中學同學	Shared/Neutral
奧林匹克	Shared/Neutral
計算在內	Shared/Neutral
一定人數後	Shared/Neutral
係識	Shared/Neutral
契爺	Shared/Neutral
好近	Shared/Neutral
有肉	Shared/Neutral
自作	Shared/Neutral
臭化	Shared/Neutral
英勇	Shared/Neutral
退路	Shared/Neutral
馬遜	Shared/Neutral
張風	Shared/Neutral
好似會	Shared/Neutral
心而論	Shared/Neutral
情意結	Shared/Neutral
扮好人	Shared/Neutral
文匯報	Shared/Neutral
深呼吸	Shared/Neutral
可以理解	Shared/Neutral
真係無咩	Shared/Neutral
身體接觸	Shared/Neutral
全格	Shared/Neutral
寫成	Shared/Neutral
收據	Shared/Neutral
柯南	Shared/Neutral
武林	Shared/Neutral
殺哂	Shared/Neutral
湊仔	Shared/Neutral
炒散	Shared/Neutral
疼痛	Shared/Neutral
高見	Shared/Neutral
講緊係	Shared/Neutral
幾舊	Shared/Neutral
懷抱	Shared/Neutral
渣古	Shared/Neutral
球球	Shared/Neutral
特首	Shared/Neutral
就話啫	Shared/Neutral
仲有個	Shared/Neutral
中國市場	Shared/Neutral
千萬不要	Shared/Neutral
再視乎情況	Shared/Neutral
人肉	Shared/Neutral
你看	Shared/Neutral
款式	Shared/Neutral
滿血	Shared/Neutral
破崙	Shared/Neutral
赤化	Shared/Neutral
通往	Shared/Neutral
造勢	Shared/Neutral
都只	Shared/Neutral
我做	Shared/Neutral
人自殺	Shared/Neutral
可行性	Shared/Neutral
好撚耐	Shared/Neutral
研究者	Shared/Neutral
聽得明	Shared/Neutral
哥迪奧拿	Shared/Neutral
真係不了	Shared/Neutral
係人都知	Shared/Neutral
中式	Shared/Neutral
甚少	Shared/Neutral
碰到	Shared/Neutral
西岸	Shared/Neutral
追番	Shared/Neutral
忽然	Shared/Neutral
先搞到	Shared/Neutral
的未來	Shared/Neutral
這一次	Shared/Neutral
司法機構	Shared/Neutral
無時無刻	Shared/Neutral
轉戰商場	Shared/Neutral
非法用途	Shared/Neutral
下石	Shared/Neutral
命題	Shared/Neutral
問緊	Shared/Neutral
常情	Shared/Neutral
得主	Shared/Neutral
遣返	Shared/Neutral
俾人鬧	Shared/Neutral
公平咩	Shared/Neutral
好認真	Shared/Neutral
背後的	Shared/Neutral
會有單車	Shared/Neutral
你俾	Shared/Neutral
半身	Shared/Neutral
大劉	Shared/Neutral
引進	Shared/Neutral
擋箭	Shared/Neutral
有我	Shared/Neutral
果關	Shared/Neutral
洞穴	Shared/Neutral
的家	Shared/Neutral
金髮	Shared/Neutral
你點	Shared/Neutral
乃木坂	Shared/Neutral
他們會	Shared/Neutral
考評局	Shared/Neutral
鄭松泰	Shared/Neutral
非法禁錮	Shared/Neutral
建制派議員	Shared/Neutral
乘坐	Shared/Neutral
也將	Shared/Neutral
屌女	Shared/Neutral
為敵	Shared/Neutral
同樣的	Shared/Neutral
諗起都	Shared/Neutral
兩個都係	Shared/Neutral
就已經係	Shared/Neutral
無需證據無需理由	Shared/Neutral
再視乎情況轉戰商場	Shared/Neutral
一抽	Shared/Neutral
呢對	Shared/Neutral
微波	Shared/Neutral
攻守	Shared/Neutral
欠債	Shared/Neutral
田徑	Shared/Neutral
草莓	Shared/Neutral
頭幾	Shared/Neutral
右上角	Shared/Neutral
先塞青衣	Shared/Neutral
小將帶領	Shared/Neutral
的年輕人	Shared/Neutral
加入單車隊	Shared/Neutral
機場突擊隊	Shared/Neutral
黨鐵突擊小隊	Shared/Neutral
已有一定人數後	Shared/Neutral
會有單車小將帶領	Shared/Neutral
機場突擊隊已有一定人數後	Shared/Neutral
三口	Shared/Neutral
佐治	Shared/Neutral
前因	Shared/Neutral
看向	Shared/Neutral
鬍子	Shared/Neutral
到成個	Shared/Neutral
可以叫	Shared/Neutral
的一刻	Shared/Neutral
都有分	Shared/Neutral
全黑	Shared/Neutral
就梗	Shared/Neutral
就落	Shared/Neutral
東面	Shared/Neutral
無份	Shared/Neutral
百家	Shared/Neutral
最理想	Shared/Neutral
接報到場	Shared/Neutral
繼續落去	Shared/Neutral
其實應該	Shared/Neutral
如果香港	Shared/Neutral
不投	Shared/Neutral
搬遷	Shared/Neutral
曲奇	Shared/Neutral
檢基	Shared/Neutral
銀仔	Shared/Neutral
集中	Shared/Neutral
巴士線	Shared/Neutral
普通通	Shared/Neutral
冷嘲熱諷	Shared/Neutral
明白點解	Shared/Neutral
一命	Shared/Neutral
取締	Shared/Neutral
有波	Shared/Neutral
米路	Shared/Neutral
輸哂	Shared/Neutral
驚咩	Shared/Neutral
依家先	Shared/Neutral
完全全	Shared/Neutral
高峯期	Shared/Neutral
光大	Shared/Neutral
包包	Shared/Neutral
她又	Shared/Neutral
實話	Shared/Neutral
詩人	Shared/Neutral
有三個	Shared/Neutral
的心情	Shared/Neutral
真係做	Shared/Neutral
諗辦法	Shared/Neutral
趕得切	Shared/Neutral
都係個	Shared/Neutral
電訊臺	Shared/Neutral
大家好	Shared/Neutral
斷章取義	Shared/Neutral
祕密小隊行動	Shared/Neutral
侵華	Shared/Neutral
富有	Shared/Neutral
心肝	Shared/Neutral
更正	Shared/Neutral
蜜蜂	Shared/Neutral
最接近	Shared/Neutral
求其搵	Shared/Neutral
的決心	Shared/Neutral
時間問題	Shared/Neutral
我地另外有	Shared/Neutral
我地另外有祕密小隊行動	Shared/Neutral
信箱	Shared/Neutral
哂氣	Shared/Neutral
深厚	Shared/Neutral
疏遠	Shared/Neutral
的起	Shared/Neutral
節省	Shared/Neutral
長褲	Shared/Neutral
零分	Shared/Neutral
多年的	Shared/Neutral
收得皮	Shared/Neutral
都係到	Shared/Neutral
所以都係	Shared/Neutral
警民衝突	Shared/Neutral
失手	Shared/Neutral
沙伯	Shared/Neutral
當街	Shared/Neutral
素顏	Shared/Neutral
肅清	Shared/Neutral
你仲	Shared/Neutral
前者	Shared/Neutral
如題	Shared/Neutral
近期	Shared/Neutral
要做到	Shared/Neutral
諗一諗	Shared/Neutral
做得幾好	Shared/Neutral
少數民族	Shared/Neutral
三峽	Shared/Neutral
抵得	Shared/Neutral
百病	Shared/Neutral
貴州	Shared/Neutral
港大	Shared/Neutral
人生仔	Shared/Neutral
以香港	Shared/Neutral
同公司	Shared/Neutral
司法公正	Shared/Neutral
意冷	Shared/Neutral
提點	Shared/Neutral
比番	Shared/Neutral
背面	Shared/Neutral
阿頭	Shared/Neutral
同普通	Shared/Neutral
大師兄	Shared/Neutral
點樣去	Shared/Neutral
真係有	Shared/Neutral
三粒	Shared/Neutral
叛徒	Shared/Neutral
隊的	Shared/Neutral
多數都	Shared/Neutral
旅行團	Shared/Neutral
去到最後	Shared/Neutral
慈禧蛋牛治	Shared/Neutral
家驊	Shared/Neutral
打住	Shared/Neutral
拉返	Shared/Neutral
正值	Shared/Neutral
離家	Shared/Neutral
馬後	Shared/Neutral
人真係	Shared/Neutral
俾你睇	Shared/Neutral
同時亦	Shared/Neutral
打錯字	Shared/Neutral
菁英盃	Shared/Neutral
但最後	Shared/Neutral
經濟能力	Shared/Neutral
貿易談判	Shared/Neutral
優雅	Shared/Neutral
在生	Shared/Neutral
收我	Shared/Neutral
條魚	Shared/Neutral
畫出	Shared/Neutral
野睇	Shared/Neutral
聽過	Shared/Neutral
係直接	Shared/Neutral
三間	Shared/Neutral
個臺	Shared/Neutral
富城	Shared/Neutral
持份	Shared/Neutral
松美	Shared/Neutral
浮山	Shared/Neutral
熱氣	Shared/Neutral
你個腦	Shared/Neutral
新界西	Shared/Neutral
雖然係	Shared/Neutral
已經足夠	Shared/Neutral
被捕手足	Shared/Neutral
去大	Shared/Neutral
同最	Shared/Neutral
回饋	Shared/Neutral
故宮	Shared/Neutral
狗就	Shared/Neutral
用上	Shared/Neutral
續道	Shared/Neutral
離子	Shared/Neutral
九龍區	Shared/Neutral
保安員	Shared/Neutral
的立場	Shared/Neutral
細蚊仔	Shared/Neutral
科興疫苗	Shared/Neutral
大清亡國關慈禧蛋牛治	Shared/Neutral
十億	Shared/Neutral
專責	Shared/Neutral
平台	Shared/Neutral
拉素	Shared/Neutral
湧入	Shared/Neutral
藏在	Shared/Neutral
鬥心	Shared/Neutral
返去	Shared/Neutral
卡路里	Shared/Neutral
物理學	Shared/Neutral
的語氣	Shared/Neutral
都係覺得	Shared/Neutral
都好辛苦	Shared/Neutral
個盤	Shared/Neutral
十秒	Shared/Neutral
地在	Shared/Neutral
射失	Shared/Neutral
對臺	Shared/Neutral
尼日	Shared/Neutral
帶返	Shared/Neutral
會食	Shared/Neutral
要放	Shared/Neutral
講下	Shared/Neutral
係上面	Shared/Neutral
新鴻基	Shared/Neutral
你出	Shared/Neutral
單憑	Shared/Neutral
小悠	Shared/Neutral
怪你	Shared/Neutral
為民	Shared/Neutral
羅拔	Shared/Neutral
要面	Shared/Neutral
貴價	Shared/Neutral
閒錢	Shared/Neutral
你做	Shared/Neutral
巴打話	Shared/Neutral
有一條	Shared/Neutral
真無限	Shared/Neutral
見識過	Shared/Neutral
都係叫	Shared/Neutral
宗教信仰	Shared/Neutral
政府官員	Shared/Neutral
俾埋	Shared/Neutral
呢頭	Shared/Neutral
後衞	Shared/Neutral
應否	Shared/Neutral
爆眼	Shared/Neutral
裙底	Shared/Neutral
跳得	Shared/Neutral
一味	Shared/Neutral
落香港	Shared/Neutral
仲有大把	Shared/Neutral
利用價值	Shared/Neutral
有咩好處	Shared/Neutral
先無	Shared/Neutral
出庭	Shared/Neutral
判囚	Shared/Neutral
厚非	Shared/Neutral
去投	Shared/Neutral
吞噬	Shared/Neutral
呼應	Shared/Neutral
田北	Shared/Neutral
登機	Shared/Neutral
職權	Shared/Neutral
藍天	Shared/Neutral
唐人街	Shared/Neutral
屎忽痕	Shared/Neutral
令人失望	Shared/Neutral
歡迎報料	Shared/Neutral
九劍	Shared/Neutral
低等	Shared/Neutral
內陸	Shared/Neutral
尾巴	Shared/Neutral
歸類	Shared/Neutral
監測	Shared/Neutral
或許	Shared/Neutral
不誠實	Shared/Neutral
你身邊	Shared/Neutral
問自己	Shared/Neutral
準備定	Shared/Neutral
熱普城	Shared/Neutral
美好的	Shared/Neutral
可以好似	Shared/Neutral
私人公司	Shared/Neutral
元的	Shared/Neutral
光顧	Shared/Neutral
出處	Shared/Neutral
四名	Shared/Neutral
抽筋	Shared/Neutral
日夜	Shared/Neutral
累人	Shared/Neutral
起的	Shared/Neutral
幾好聽	Shared/Neutral
際關係	Shared/Neutral
令香港人	Shared/Neutral
免稅	Shared/Neutral
到盡	Shared/Neutral
回國	Shared/Neutral
患有	Shared/Neutral
洩漏	Shared/Neutral
神來	Shared/Neutral
禍港	Shared/Neutral
肥西	Shared/Neutral
防曬	Shared/Neutral
雞肉	Shared/Neutral
兩隊	Shared/Neutral
大量	Shared/Neutral
歐盟	Shared/Neutral
三文治	Shared/Neutral
入一球	Shared/Neutral
委書記	Shared/Neutral
年以來	Shared/Neutral
講緊咩	Shared/Neutral
代表大會	Shared/Neutral
先死	Shared/Neutral
專才	Shared/Neutral
母女	Shared/Neutral
沉醉	Shared/Neutral
翼翼	Shared/Neutral
身前	Shared/Neutral
窮撚	Shared/Neutral
我係你	Shared/Neutral
比較難	Shared/Neutral
為中國	Shared/Neutral
刷存在感	Shared/Neutral
